datetime,open,high,low,close,volume
2026-07-09T14:15:00+00:00,1.3432499999999972,1.3434299999999972,1.3426499999999972,1.3431999999999973,4794
2026-07-09T14:30:00+00:00,1.3431999999999973,1.3435599999999972,1.3426799999999972,1.342969999999997,4435
2026-07-09T14:45:00+00:00,1.342969999999997,1.3429799999999972,1.341849999999997,1.3421999999999972,5129
2026-07-09T15:00:00+00:00,1.3421999999999972,1.3430299999999973,1.3417799999999973,1.3426699999999971,3682
2026-07-09T15:15:00+00:00,1.3426699999999971,1.3429299999999973,1.3421999999999972,1.342799999999997,3231
2026-07-09T15:30:00+00:00,1.342799999999997,1.3435899999999972,1.342629999999997,1.343579999999997,3104
2026-07-09T15:45:00+00:00,1.343579999999997,1.3439699999999972,1.3432899999999972,1.3437999999999972,3049
2026-07-09T16:00:00+00:00,1.3437999999999972,1.3442099999999972,1.3436499999999971,1.3441399999999972,3070
2026-07-09T16:15:00+00:00,1.3441399999999972,1.3442999999999972,1.3433199999999972,1.3435199999999972,1810
2026-07-09T16:30:00+00:00,1.3435199999999972,1.3441299999999972,1.3433699999999973,1.3440799999999973,1944
2026-07-09T16:45:00+00:00,1.3440799999999973,1.344289999999997,1.3440299999999972,1.3440699999999972,1708
2026-07-09T17:00:00+00:00,1.3440699999999972,1.3442699999999972,1.3438799999999973,1.3440699999999972,2122
2026-07-09T17:15:00+00:00,1.3440699999999972,1.3445899999999973,1.3439899999999971,1.3445699999999972,1577
2026-07-09T17:30:00+00:00,1.3445699999999972,1.3446699999999971,1.3442799999999973,1.3444099999999972,1205
2026-07-09T17:45:00+00:00,1.3444099999999972,1.3447599999999973,1.3443899999999973,1.3446999999999971,1663
2026-07-09T18:00:00+00:00,1.3446999999999971,1.3450199999999972,1.3446499999999972,1.3449699999999971,2088
2026-07-09T18:15:00+00:00,1.3449699999999971,1.3450199999999972,1.344289999999997,1.3443299999999971,1747
2026-07-09T18:30:00+00:00,1.3443299999999971,1.3444999999999971,1.3441499999999973,1.344459999999997,1398
2026-07-09T18:45:00+00:00,1.344459999999997,1.3447399999999972,1.3444399999999972,1.3446599999999973,1578
2026-07-09T19:00:00+00:00,1.3446599999999973,1.3448399999999971,1.3443499999999973,1.3444699999999972,1888
2026-07-09T19:15:00+00:00,1.3444699999999972,1.3446799999999972,1.3441299999999972,1.3441799999999973,1602
2026-07-09T19:30:00+00:00,1.3441799999999973,1.344189999999997,1.3436399999999973,1.3436599999999972,2321
2026-07-09T19:45:00+00:00,1.3436599999999972,1.3439199999999971,1.3435699999999973,1.343849999999997,1719
2026-07-09T20:00:00+00:00,1.343849999999997,1.3442199999999973,1.3437899999999972,1.3440899999999971,1350
2026-07-09T20:15:00+00:00,1.3440899999999971,1.3441799999999973,1.344019999999997,1.3440499999999973,382
2026-07-09T20:30:00+00:00,1.3440499999999973,1.3441499999999973,1.3439899999999971,1.3440999999999972,537
2026-07-09T20:45:00+00:00,1.3440999999999972,1.3440999999999972,1.3438399999999973,1.3438799999999973,669
2026-07-09T21:00:00+00:00,1.3438799999999973,1.3438799999999973,1.3427599999999968,1.3428899999999968,78.98674266281154
2026-07-09T21:15:00+00:00,1.3428899999999968,1.3436099999999966,1.3428899999999968,1.3431899999999966,155.91499817899344
2026-07-09T21:30:00+00:00,1.3431899999999966,1.3433899999999965,1.3425799999999966,1.3432599999999966,1873.1087411125052
2026-07-09T21:45:00+00:00,1.3432599999999966,1.3436799999999964,1.3420999999999965,1.3430299999999966,5131
2026-07-09T22:00:00+00:00,1.3430299999999966,1.3440399999999966,1.3430299999999966,1.3438699999999966,478
2026-07-09T22:15:00+00:00,1.3438699999999966,1.3440999999999965,1.3438599999999965,1.3440199999999964,431
2026-07-09T22:30:00+00:00,1.3440199999999964,1.3441599999999965,1.3439899999999965,1.3441199999999964,304
2026-07-09T22:45:00+00:00,1.3441199999999964,1.3441999999999965,1.3440799999999966,1.3441099999999966,316
2026-07-09T23:00:00+00:00,1.3441099999999966,1.3442099999999966,1.3440699999999965,1.3441899999999964,478
2026-07-09T23:15:00+00:00,1.3441899999999964,1.3441899999999964,1.3439799999999966,1.3440299999999965,352.36896884989966
2026-07-09T23:30:00+00:00,1.3440299999999965,1.3442099999999966,1.3439899999999965,1.3441799999999966,252
2026-07-09T23:45:00+00:00,1.3441799999999966,1.3442599999999965,1.3440599999999965,1.3442499999999966,270
2026-07-10T00:00:00+00:00,1.3442499999999966,1.3442799999999966,1.3438199999999965,1.3438399999999966,2076
2026-07-10T00:15:00+00:00,1.3438399999999966,1.3439699999999966,1.3437699999999966,1.3438899999999965,1470
2026-07-10T00:30:00+00:00,1.3438899999999965,1.3444399999999965,1.3437899999999965,1.3443799999999966,1657
2026-07-10T00:45:00+00:00,1.3443799999999966,1.3454199999999965,1.3443699999999965,1.3451699999999966,3201
2026-07-10T01:00:00+00:00,1.3451699999999966,1.3458099999999966,1.3448799999999965,1.3458099999999966,3440
2026-07-10T01:15:00+00:00,1.3458099999999966,1.3461099999999966,1.3454999999999966,1.3456299999999966,2882
2026-07-10T01:30:00+00:00,1.3456299999999966,1.3460699999999965,1.3455199999999965,1.3457099999999966,2910
2026-07-10T01:45:00+00:00,1.3457099999999966,1.3468099999999965,1.3455899999999965,1.3463999999999965,3213
2026-07-10T02:00:00+00:00,1.3463999999999965,1.3476499999999965,1.3462999999999965,1.3476299999999966,3506
2026-07-10T02:15:00+00:00,1.3476299999999966,1.3480299999999965,1.3475099999999964,1.3475299999999966,3102
2026-07-10T02:30:00+00:00,1.3475299999999966,1.3478399999999966,1.3472099999999965,1.3477299999999965,2879
2026-07-10T02:45:00+00:00,1.3477299999999965,1.3480999999999965,1.3476299999999966,1.3477699999999966,3071
2026-07-10T03:00:00+00:00,1.3477699999999966,1.3479299999999965,1.3474699999999966,1.3475099999999964,1882
2026-07-10T03:15:00+00:00,1.3475099999999964,1.3475399999999966,1.3471999999999966,1.3475099999999964,1709
2026-07-10T03:30:00+00:00,1.3475099999999964,1.3476599999999965,1.3473299999999966,1.3474199999999965,1852
2026-07-10T03:45:00+00:00,1.3474199999999965,1.3474199999999965,1.3466699999999965,1.3468599999999966,2038
2026-07-10T04:00:00+00:00,1.3468599999999966,1.3468599999999966,1.3464999999999965,1.3466599999999966,1866
2026-07-10T04:15:00+00:00,1.3466599999999966,1.3466599999999966,1.3461699999999965,1.3463699999999965,1756
2026-07-10T04:30:00+00:00,1.3463699999999965,1.3464099999999966,1.3459099999999966,1.3459199999999965,1509
2026-07-10T04:45:00+00:00,1.3459199999999965,1.3460199999999964,1.3456499999999965,1.3459499999999964,1330
2026-07-10T05:00:00+00:00,1.3459499999999964,1.3462299999999965,1.3458599999999965,1.3458999999999965,1898
2026-07-10T05:15:00+00:00,1.3458999999999965,1.3459899999999965,1.3455199999999965,1.3455799999999964,1684
2026-07-10T05:30:00+00:00,1.3455799999999964,1.3455799999999964,1.3450899999999966,1.3453499999999965,1801
2026-07-10T05:45:00+00:00,1.3453499999999965,1.3458299999999965,1.3453499999999965,1.3456199999999965,1993
2026-07-10T06:00:00+00:00,1.3456199999999965,1.3465399999999965,1.3455999999999966,1.3462899999999964,2461
2026-07-10T06:15:00+00:00,1.3462899999999964,1.3464999999999965,1.3456799999999964,1.3456899999999965,4505
2026-07-10T06:30:00+00:00,1.3456899999999965,1.3463699999999965,1.3456199999999965,1.3456499999999965,3992
2026-07-10T06:45:00+00:00,1.3456499999999965,1.3457199999999965,1.3453199999999965,1.3455799999999964,3353
2026-07-10T07:00:00+00:00,1.3455799999999964,1.3459199999999965,1.3452799999999965,1.3455699999999966,3986
2026-07-10T07:15:00+00:00,1.3455699999999966,1.3457999999999966,1.3452699999999966,1.3454899999999965,3603
2026-07-10T07:30:00+00:00,1.3454899999999965,1.3459999999999965,1.3452899999999965,1.3457899999999965,2911
2026-07-10T07:45:00+00:00,1.3457899999999965,1.3458399999999966,1.3449699999999964,1.3450999999999966,2974
2026-07-10T08:00:00+00:00,1.3450999999999966,1.3455799999999964,1.3446599999999966,1.3446699999999965,4405
2026-07-10T08:15:00+00:00,1.3446699999999965,1.3448899999999966,1.3441799999999966,1.3443799999999966,2337
2026-07-10T08:30:00+00:00,1.3443799999999966,1.3447299999999964,1.3440099999999966,1.3442499999999966,3224
2026-07-10T08:45:00+00:00,1.3442499999999966,1.3442699999999965,1.3437799999999966,1.3439099999999966,2362
2026-07-10T09:00:00+00:00,1.3439099999999966,1.3444999999999965,1.3438399999999966,1.3443099999999966,2840
2026-07-10T09:15:00+00:00,1.3443099999999966,1.3445499999999966,1.3441399999999966,1.3444199999999966,2045
2026-07-10T09:30:00+00:00,1.3444199999999966,1.3445399999999965,1.3440899999999965,1.3441299999999965,2011
2026-07-10T09:45:00+00:00,1.3441299999999965,1.3443599999999964,1.3438699999999966,1.3439199999999965,2784
2026-07-10T10:00:00+00:00,1.3439199999999965,1.3444699999999965,1.3439099999999966,1.3443399999999965,2984
2026-07-10T10:15:00+00:00,1.3443399999999965,1.3451899999999966,1.3442999999999965,1.3451099999999965,2851
2026-07-10T10:30:00+00:00,1.3451099999999965,1.3452499999999965,1.3447099999999965,1.3449799999999965,2059
2026-07-10T10:45:00+00:00,1.3449799999999965,1.3465799999999966,1.3446899999999966,1.3461899999999964,3692
2026-07-10T11:00:00+00:00,1.3461899999999964,1.3466599999999966,1.3457299999999965,1.3458599999999965,1915
2026-07-10T11:15:00+00:00,1.3458599999999965,1.3459199999999965,1.3450799999999965,1.3453599999999966,2246
2026-07-10T11:30:00+00:00,1.3453599999999966,1.3454099999999964,1.3446699999999965,1.3451199999999965,3809
2026-07-10T11:45:00+00:00,1.3451199999999965,1.3457299999999965,1.3450599999999966,1.3455399999999966,3128
2026-07-10T12:00:00+00:00,1.3455399999999966,1.3466399999999965,1.3448899999999966,1.3457899999999965,6230
2026-07-10T12:15:00+00:00,1.3457899999999965,1.3458999999999965,1.3451999999999966,1.3451999999999966,4669
2026-07-10T12:30:00+00:00,1.3451999999999966,1.3453499999999965,1.3445399999999965,1.3446199999999966,3610
2026-07-10T12:45:00+00:00,1.3446199999999966,1.3450799999999965,1.3443399999999965,1.3450299999999966,3601
2026-07-10T13:00:00+00:00,1.3450299999999966,1.3450599999999966,1.3440299999999965,1.3443999999999965,3862
2026-07-10T13:15:00+00:00,1.3443999999999965,1.3445999999999965,1.3439899999999965,1.3440899999999965,3199
2026-07-10T13:30:00+00:00,1.3440899999999965,1.3447299999999964,1.3439299999999965,1.3445099999999965,4491
2026-07-10T13:45:00+00:00,1.3445099999999965,1.3445099999999965,1.3433399999999964,1.3435199999999965,3364
2026-07-10T14:00:00+00:00,1.3435199999999965,1.3436199999999965,1.3430099999999965,1.3436199999999965,3162
2026-07-10T14:15:00+00:00,1.3436199999999965,1.3442799999999966,1.3433899999999965,1.3440899999999965,4477
2026-07-10T14:30:00+00:00,1.3440899999999965,1.3442999999999965,1.3421099999999966,1.3438199999999965,9785
2026-07-10T14:45:00+00:00,1.3438199999999965,1.3440099999999966,1.3432199999999965,1.3438999999999965,4360
2026-07-10T15:00:00+00:00,1.3438999999999965,1.3444099999999966,1.3436999999999966,1.3442099999999966,3831
2026-07-10T15:15:00+00:00,1.3442099999999966,1.3450099999999965,1.3441999999999965,1.3449199999999966,4098
2026-07-10T15:30:00+00:00,1.3449199999999966,1.3451099999999965,1.3446099999999965,1.3447299999999964,3530
2026-07-10T15:45:00+00:00,1.3447299999999964,1.3451099999999965,1.3446099999999965,1.3449899999999966,3049
2026-07-10T16:00:00+00:00,1.3449899999999966,1.3452499999999965,1.3448099999999965,1.3450599999999966,4226
2026-07-10T16:15:00+00:00,1.3450599999999966,1.3452499999999965,1.3444299999999965,1.3449399999999965,3495
2026-07-10T16:30:00+00:00,1.3449399999999965,1.3450499999999965,1.3446699999999965,1.3446899999999966,2132
2026-07-10T16:45:00+00:00,1.3446899999999966,1.3447799999999965,1.3440099999999966,1.3440399999999966,2968
2026-07-10T17:00:00+00:00,1.3440399999999966,1.3442099999999966,1.3433599999999966,1.3435499999999965,3034
2026-07-10T17:15:00+00:00,1.3435499999999965,1.3436899999999965,1.3429799999999965,1.3432899999999965,2219
2026-07-10T17:30:00+00:00,1.3432899999999965,1.3433799999999965,1.3428699999999965,1.3431699999999966,2257
2026-07-10T17:45:00+00:00,1.3431699999999966,1.3434299999999966,1.3428499999999965,1.3429399999999965,1696
2026-07-10T18:00:00+00:00,1.3429399999999965,1.3429999999999966,1.3427499999999966,1.3428299999999966,2440
2026-07-10T18:15:00+00:00,1.3428299999999966,1.3429699999999964,1.3426399999999965,1.3426999999999965,2100
2026-07-10T18:30:00+00:00,1.3426999999999965,1.3428899999999966,1.3421899999999964,1.3422799999999966,2007
2026-07-10T18:45:00+00:00,1.3422799999999966,1.3427799999999965,1.3422799999999966,1.3427699999999965,2123
2026-07-10T19:00:00+00:00,1.3427699999999965,1.3428099999999965,1.3423699999999965,1.3425099999999965,961
2026-07-10T19:15:00+00:00,1.3425099999999965,1.3426899999999966,1.3425099999999965,1.3426299999999964,1238
2026-07-10T19:30:00+00:00,1.3426299999999964,1.3427799999999965,1.3425199999999966,1.3425499999999966,973
2026-07-10T19:45:00+00:00,1.3425499999999966,1.3428499999999965,1.3424599999999964,1.3427399999999965,771
2026-07-10T20:00:00+00:00,1.3427399999999965,1.3429899999999966,1.3426499999999966,1.3428599999999966,1287
2026-07-10T20:15:00+00:00,1.3428599999999966,1.3429499999999965,1.3426699999999965,1.3426899999999966,701
2026-07-10T20:30:00+00:00,1.3426899999999966,1.3426899999999966,1.3423099999999966,1.3424399999999965,787
2026-07-10T20:45:00+00:00,1.3424399999999965,1.3428799999999965,1.3422299999999965,1.3426099999999965,2546
2026-07-12T21:00:00+00:00,1.3426099999999965,1.3432199999999965,1.3423799999999966,1.3429299999999964,40.01199670041291
2026-07-12T21:15:00+00:00,1.3429299999999964,1.3429299999999964,1.3428899999999961,1.3428899999999961,27.002837042738584
2026-07-12T21:30:00+00:00,1.3428899999999961,1.3429099999999963,1.3426599999999962,1.342779999999996,41.26330086742672
2026-07-12T21:45:00+00:00,1.342779999999996,1.3428999999999962,1.3427599999999962,1.342779999999996,34.04284326891657
2026-07-12T22:00:00+00:00,1.342779999999996,1.3427899999999962,1.3412099999999962,1.3416199999999963,1780
2026-07-12T22:15:00+00:00,1.3416199999999963,1.342239999999996,1.3414499999999963,1.3421099999999961,978
2026-07-12T22:30:00+00:00,1.3421099999999961,1.3422299999999963,1.3417799999999962,1.3418099999999962,932
2026-07-12T22:45:00+00:00,1.3418099999999962,1.3419799999999962,1.3417099999999962,1.341799999999996,612
2026-07-12T23:00:00+00:00,1.341799999999996,1.341899999999996,1.3415399999999962,1.341899999999996,1150
2026-07-12T23:15:00+00:00,1.341899999999996,1.3419799999999962,1.3417699999999961,1.341899999999996,909
2026-07-12T23:30:00+00:00,1.341899999999996,1.3422299999999963,1.3417899999999963,1.3420899999999962,645
2026-07-12T23:45:00+00:00,1.3420899999999962,1.3429199999999961,1.3420899999999962,1.3429199999999961,2460
2026-07-13T00:00:00+00:00,1.3429199999999961,1.3429699999999962,1.3425399999999963,1.3426499999999961,4898
2026-07-13T00:15:00+00:00,1.3426499999999961,1.343049999999996,1.3421799999999962,1.3426299999999962,4770
2026-07-13T00:30:00+00:00,1.3426299999999962,1.3427899999999962,1.341999999999996,1.3421299999999963,4844
2026-07-13T00:45:00+00:00,1.3421299999999963,1.3423299999999962,1.341829999999996,1.341899999999996,4638
2026-07-13T01:00:00+00:00,1.341899999999996,1.3419099999999962,1.3412699999999962,1.341459999999996,5079
2026-07-13T01:15:00+00:00,1.341459999999996,1.3418399999999961,1.3409699999999962,1.3416099999999962,5103
2026-07-13T01:30:00+00:00,1.3416099999999962,1.3422799999999961,1.3415099999999962,1.342239999999996,4377
2026-07-13T01:45:00+00:00,1.342239999999996,1.3426399999999963,1.3421299999999963,1.3426199999999961,4340
2026-07-13T02:00:00+00:00,1.3426199999999961,1.3427299999999962,1.3419199999999962,1.3421499999999962,4071
2026-07-13T02:15:00+00:00,1.3421499999999962,1.3424299999999962,1.3420299999999963,1.3422299999999963,3454
2026-07-13T02:30:00+00:00,1.3422299999999963,1.3426899999999962,1.342069999999996,1.3426199999999961,3423
2026-07-13T02:45:00+00:00,1.3426199999999961,1.3426399999999963,1.341969999999996,1.341969999999996,3117
2026-07-13T03:00:00+00:00,1.341969999999996,1.3420899999999962,1.341389999999996,1.3417399999999962,3757
2026-07-13T03:15:00+00:00,1.3417399999999962,1.341969999999996,1.3416699999999961,1.3419299999999963,2629
2026-07-13T03:30:00+00:00,1.3419299999999963,1.3421199999999962,1.3418499999999962,1.3420199999999962,2855
2026-07-13T03:45:00+00:00,1.3420199999999962,1.342239999999996,1.3419199999999962,1.3421399999999961,2668
2026-07-13T04:00:00+00:00,1.3421399999999961,1.3421399999999961,1.341799999999996,1.3421199999999962,2273
2026-07-13T04:15:00+00:00,1.3421199999999962,1.3424499999999961,1.341999999999996,1.342439999999996,2312
2026-07-13T04:30:00+00:00,1.342439999999996,1.342509999999996,1.342239999999996,1.3422799999999961,2022
2026-07-13T04:45:00+00:00,1.3422799999999961,1.342779999999996,1.3422499999999962,1.342679999999996,2123
2026-07-13T05:00:00+00:00,1.342679999999996,1.3430799999999963,1.3426299999999962,1.3429299999999962,3274
2026-07-13T05:15:00+00:00,1.3429299999999962,1.342949999999996,1.3421799999999962,1.342239999999996,3135
2026-07-13T05:30:00+00:00,1.342239999999996,1.3426199999999961,1.3420299999999963,1.3422199999999962,4542
2026-07-13T05:45:00+00:00,1.3422199999999962,1.3427599999999962,1.3420899999999962,1.342239999999996,4448
2026-07-13T06:00:00+00:00,1.342239999999996,1.3423899999999962,1.3420499999999962,1.3422299999999963,4081
2026-07-13T06:15:00+00:00,1.3422299999999963,1.3431399999999962,1.3421999999999963,1.343119999999996,4202
2026-07-13T06:30:00+00:00,1.343119999999996,1.3435399999999962,1.3427499999999961,1.3428299999999962,3466
2026-07-13T06:45:00+00:00,1.3428299999999962,1.3428299999999962,1.3417199999999962,1.3421199999999962,3728
2026-07-13T07:00:00+00:00,1.3421199999999962,1.3431599999999961,1.3420499999999962,1.3427999999999962,6038
2026-07-13T07:15:00+00:00,1.3427999999999962,1.343049999999996,1.3425199999999962,1.3429099999999963,2961
2026-07-13T07:30:00+00:00,1.3429099999999963,1.3436399999999962,1.3421599999999962,1.3428399999999963,5360
2026-07-13T07:45:00+00:00,1.3428399999999963,1.3438499999999962,1.3427499999999961,1.343629999999996,6087
2026-07-13T08:00:00+00:00,1.343629999999996,1.3449299999999962,1.3435499999999962,1.3446399999999963,8335
2026-07-13T08:15:00+00:00,1.3446399999999963,1.3454699999999962,1.3441299999999963,1.3442199999999962,5672
2026-07-13T08:30:00+00:00,1.3442199999999962,1.3444599999999962,1.343999999999996,1.344239999999996,3866
2026-07-13T08:45:00+00:00,1.344239999999996,1.3444699999999963,1.3436999999999961,1.343729999999996,3538
2026-07-13T09:00:00+00:00,1.343729999999996,1.3438899999999963,1.343389999999996,1.3434499999999963,3655
2026-07-13T09:15:00+00:00,1.3434499999999963,1.3437099999999962,1.3427899999999962,1.343289999999996,2941
2026-07-13T09:30:00+00:00,1.343289999999996,1.3437499999999962,1.343019999999996,1.3433499999999963,3023
2026-07-13T09:45:00+00:00,1.3433499999999963,1.3435399999999962,1.343019999999996,1.343389999999996,4011
2026-07-13T10:00:00+00:00,1.343389999999996,1.3436399999999962,1.343119999999996,1.3431999999999962,3953
2026-07-13T10:15:00+00:00,1.3431999999999962,1.3431999999999962,1.3424599999999962,1.3426199999999961,3228
2026-07-13T10:30:00+00:00,1.3426199999999961,1.3430599999999961,1.3425199999999962,1.342879999999996,3005
2026-07-13T10:45:00+00:00,1.342879999999996,1.3441999999999963,1.3428399999999963,1.344169999999996,3578
2026-07-13T11:00:00+00:00,1.344169999999996,1.3445299999999962,1.3435199999999963,1.3438099999999962,4195
2026-07-13T11:15:00+00:00,1.3438099999999962,1.343829999999996,1.3428199999999961,1.3434199999999963,3760
2026-07-13T11:30:00+00:00,1.3434199999999963,1.3438599999999963,1.3432599999999961,1.3438599999999963,3258
2026-07-13T11:45:00+00:00,1.3438599999999963,1.3439799999999962,1.343489999999996,1.343629999999996,3086
2026-07-13T12:00:00+00:00,1.343629999999996,1.3439099999999962,1.3426199999999961,1.3428599999999962,4586
2026-07-13T12:15:00+00:00,1.3428599999999962,1.3434399999999962,1.3427599999999962,1.3433199999999963,3891
2026-07-13T12:30:00+00:00,1.3433199999999963,1.3440199999999962,1.3431599999999961,1.3437399999999962,3699
2026-07-13T12:45:00+00:00,1.3437399999999962,1.3441899999999962,1.3433099999999962,1.3441899999999962,3691
2026-07-13T13:00:00+00:00,1.3441899999999962,1.3445399999999963,1.3434299999999961,1.3436499999999962,3599
2026-07-13T13:15:00+00:00,1.3436499999999962,1.3441799999999962,1.3435399999999962,1.3437199999999963,2815
2026-07-13T13:30:00+00:00,1.3437199999999963,1.3441499999999962,1.3428099999999963,1.3430599999999961,7004
2026-07-13T13:45:00+00:00,1.3430599999999961,1.3432999999999962,1.3426499999999961,1.3428099999999963,6529
2026-07-13T14:00:00+00:00,1.3428099999999963,1.3430399999999962,1.3420599999999963,1.3422599999999962,6799
2026-07-13T14:15:00+00:00,1.3422599999999962,1.3424599999999962,1.3406199999999961,1.3422099999999961,8800
2026-07-13T14:30:00+00:00,1.3422099999999961,1.3423199999999962,1.3410899999999961,1.3415199999999963,4646
2026-07-13T14:45:00+00:00,1.3415199999999963,1.342239999999996,1.3409799999999963,1.3421599999999962,6509
2026-07-13T15:00:00+00:00,1.3421599999999962,1.342239999999996,1.341489999999996,1.3416499999999962,4754
2026-07-13T15:15:00+00:00,1.3416499999999962,1.342269999999996,1.3413199999999963,1.3421399999999961,5771
2026-07-13T15:30:00+00:00,1.3421399999999961,1.3423099999999961,1.341829999999996,1.3421199999999962,4335
2026-07-13T15:45:00+00:00,1.3421199999999962,1.3424999999999963,1.3417799999999962,1.3423199999999962,5142
2026-07-13T16:00:00+00:00,1.3423199999999962,1.3427199999999961,1.3421499999999962,1.342509999999996,4098
2026-07-13T16:15:00+00:00,1.342509999999996,1.3425999999999962,1.3411699999999962,1.3413799999999962,3885
2026-07-13T16:30:00+00:00,1.3413799999999962,1.3414499999999963,1.3400499999999962,1.3410999999999962,6152
2026-07-13T16:45:00+00:00,1.3410999999999962,1.3413499999999963,1.3400599999999963,1.340609999999996,7143
2026-07-13T17:00:00+00:00,1.340609999999996,1.3409399999999962,1.3402499999999962,1.340509999999996,4989
2026-07-13T17:15:00+00:00,1.340509999999996,1.3406999999999962,1.3402299999999963,1.3403499999999962,3691
2026-07-13T17:30:00+00:00,1.3403499999999962,1.3404599999999962,1.339969999999996,1.3403499999999962,3028
2026-07-13T17:45:00+00:00,1.3403499999999962,1.340609999999996,1.3400199999999962,1.3401399999999961,3234
2026-07-13T18:00:00+00:00,1.3401399999999961,1.3403499999999962,1.339829999999996,1.3400299999999963,3404
2026-07-13T18:15:00+00:00,1.3400299999999963,1.3401299999999963,1.3397599999999963,1.3400399999999961,3738
2026-07-13T18:30:00+00:00,1.3400399999999961,1.3403799999999961,1.3399299999999963,1.3402199999999962,3270
2026-07-13T18:45:00+00:00,1.3402199999999962,1.3403999999999963,1.3401099999999961,1.3403199999999962,3112
2026-07-13T19:00:00+00:00,1.3403199999999962,1.340409999999996,1.3395399999999962,1.3395899999999963,3588
2026-07-13T19:15:00+00:00,1.3395899999999963,1.3398199999999962,1.3394899999999963,1.339629999999996,3529
2026-07-13T19:30:00+00:00,1.339629999999996,1.339729999999996,1.3394399999999962,1.3397099999999962,2311
2026-07-13T19:45:00+00:00,1.3397099999999962,1.339729999999996,1.339459999999996,1.339629999999996,2646
2026-07-13T20:00:00+00:00,1.339629999999996,1.3397699999999961,1.3391999999999962,1.3392299999999961,1550
2026-07-13T20:15:00+00:00,1.3392299999999961,1.3392599999999961,1.3385399999999963,1.3387999999999962,1290
2026-07-13T20:30:00+00:00,1.3387999999999962,1.338949999999996,1.3385899999999962,1.3389099999999963,938
2026-07-13T20:45:00+00:00,1.3389099999999963,1.3390299999999962,1.3386999999999962,1.3390299999999962,906
2026-07-13T21:00:00+00:00,1.3390299999999962,1.3391999999999962,1.3385999999999962,1.3391999999999962,118.17612881641088
2026-07-13T21:15:00+00:00,1.3391999999999962,1.339289999999996,1.3386599999999962,1.3389199999999961,193
2026-07-13T21:30:00+00:00,1.3389199999999961,1.3390299999999962,1.3386499999999961,1.3388799999999963,614
2026-07-13T21:45:00+00:00,1.3388799999999963,1.3390999999999962,1.3385899999999962,1.3386699999999963,1212
2026-07-13T22:00:00+00:00,1.3386699999999963,1.3395399999999962,1.3386699999999963,1.3392299999999961,700
2026-07-13T22:15:00+00:00,1.3392299999999961,1.3395399999999962,1.3392099999999962,1.3394199999999963,422
2026-07-13T22:30:00+00:00,1.3394199999999963,1.339629999999996,1.339359999999996,1.3395999999999961,455
2026-07-13T22:45:00+00:00,1.3395999999999961,1.3396099999999962,1.3391799999999963,1.3391999999999962,518
2026-07-13T23:00:00+00:00,1.3391999999999962,1.3393299999999961,1.3390899999999961,1.3391799999999963,630
2026-07-13T23:15:00+00:00,1.3391799999999963,1.3392699999999962,1.3390499999999963,1.3391099999999962,624
2026-07-13T23:30:00+00:00,1.3391099999999962,1.3394899999999963,1.3390699999999962,1.3392399999999962,695
2026-07-13T23:45:00+00:00,1.3392399999999962,1.3394099999999962,1.3389799999999963,1.3393299999999961,2110
2026-07-14T00:00:00+00:00,1.3393299999999961,1.3396799999999962,1.3390299999999962,1.3394899999999963,5784
2026-07-14T00:15:00+00:00,1.3394899999999963,1.3395099999999962,1.3385999999999962,1.3388199999999961,5738
2026-07-14T00:30:00+00:00,1.3388199999999961,1.3398399999999961,1.3387599999999962,1.3397799999999962,4538
2026-07-14T00:45:00+00:00,1.3397799999999962,1.3400999999999963,1.3394899999999963,1.3394999999999961,5043
2026-07-14T01:00:00+00:00,1.3394999999999961,1.339799999999996,1.3394399999999962,1.3395999999999961,4133
2026-07-14T01:15:00+00:00,1.3395999999999961,1.3401399999999961,1.3395699999999962,1.3395899999999963,4315
2026-07-14T01:30:00+00:00,1.3395899999999963,1.3397899999999963,1.3394199999999963,1.3397099999999962,4346
2026-07-14T01:45:00+00:00,1.3397099999999962,1.340069999999996,1.3396699999999961,1.3398399999999961,3381
2026-07-14T02:00:00+00:00,1.3398399999999961,1.3401899999999962,1.3397899999999963,1.3401099999999961,3348
2026-07-14T02:15:00+00:00,1.3401099999999961,1.340339999999996,1.340069999999996,1.3402599999999962,2863
2026-07-14T02:30:00+00:00,1.3402599999999962,1.3403799999999961,1.3400599999999963,1.3401999999999963,2939
2026-07-14T02:45:00+00:00,1.3401999999999963,1.3402799999999961,1.3400099999999961,1.3400299999999963,2302
2026-07-14T03:00:00+00:00,1.3400299999999963,1.3403199999999962,1.3398199999999962,1.3400899999999962,2946
2026-07-14T03:15:00+00:00,1.3400899999999962,1.3402899999999962,1.3398199999999962,1.3402599999999962,3029
2026-07-14T03:30:00+00:00,1.3402599999999962,1.3407699999999962,1.3401999999999963,1.3404499999999961,3477
2026-07-14T03:45:00+00:00,1.3404499999999961,1.3406399999999963,1.3403899999999962,1.340409999999996,2217
2026-07-14T04:00:00+00:00,1.340409999999996,1.3406299999999962,1.3401599999999962,1.3403499999999962,2323
2026-07-14T04:15:00+00:00,1.3403499999999962,1.3405899999999962,1.340339999999996,1.340339999999996,2551
2026-07-14T04:30:00+00:00,1.340339999999996,1.3405499999999961,1.3402999999999963,1.3404299999999962,2926
2026-07-14T04:45:00+00:00,1.3404299999999962,1.3404899999999962,1.3400099999999961,1.3402799999999961,2464
2026-07-14T05:00:00+00:00,1.3402799999999961,1.3405999999999962,1.340239999999996,1.340509999999996,2010
2026-07-14T05:15:00+00:00,1.340509999999996,1.3410299999999962,1.3404799999999961,1.3409299999999962,2050
2026-07-14T05:30:00+00:00,1.3409299999999962,1.3413299999999961,1.3409199999999961,1.3411699999999962,2639
2026-07-14T05:45:00+00:00,1.3411699999999962,1.3411999999999962,1.3406199999999961,1.3406399999999963,2779
2026-07-14T06:00:00+00:00,1.3406399999999963,1.3408699999999962,1.3402899999999962,1.3403199999999962,3464
2026-07-14T06:15:00+00:00,1.3403199999999962,1.3403899999999962,1.3396199999999963,1.3397199999999962,3154
2026-07-14T06:30:00+00:00,1.3397199999999962,1.3405199999999962,1.3396499999999962,1.3400399999999961,3867
2026-07-14T06:45:00+00:00,1.3400399999999961,1.3401799999999962,1.3397199999999962,1.339969999999996,2695
2026-07-14T07:00:00+00:00,1.339969999999996,1.3404199999999962,1.3394999999999961,1.3396199999999963,5086
2026-07-14T07:15:00+00:00,1.3396199999999963,1.3404699999999963,1.3395099999999962,1.3402899999999962,3401
2026-07-14T07:30:00+00:00,1.3402899999999962,1.340579999999996,1.3398099999999962,1.3404299999999962,4969
2026-07-14T07:45:00+00:00,1.3404299999999962,1.3408299999999962,1.3400099999999961,1.3401099999999961,6306
2026-07-14T08:00:00+00:00,1.3401099999999961,1.3404199999999962,1.3397599999999963,1.3401699999999963,6043
2026-07-14T08:15:00+00:00,1.3401699999999963,1.3405599999999962,1.3398399999999961,1.3404999999999963,4021
2026-07-14T08:30:00+00:00,1.3404999999999963,1.3418299999999963,1.3404999999999963,1.3418099999999962,4978
2026-07-14T08:45:00+00:00,1.3418099999999962,1.3420299999999963,1.3414999999999961,1.3418399999999961,3581
2026-07-14T09:00:00+00:00,1.3418399999999961,1.3424599999999962,1.3417599999999963,1.342409999999996,3759
2026-07-14T09:15:00+00:00,1.342409999999996,1.3424199999999962,1.3417699999999961,1.3421499999999962,2833
2026-07-14T09:30:00+00:00,1.3421499999999962,1.342409999999996,1.3417599999999963,1.341799999999996,3362
2026-07-14T09:45:00+00:00,1.341799999999996,1.3427299999999962,1.3417599999999963,1.3423199999999962,3939
2026-07-14T10:00:00+00:00,1.3423199999999962,1.3426199999999961,1.3419999999999963,1.3420199999999962,3705
2026-07-14T10:15:00+00:00,1.3420199999999962,1.3423499999999962,1.3418399999999961,1.3420199999999962,3525
2026-07-14T10:30:00+00:00,1.3420199999999962,1.3421999999999963,1.341799999999996,1.3420599999999963,2838
2026-07-14T10:45:00+00:00,1.3420599999999963,1.3420799999999962,1.3413699999999962,1.341629999999996,2676
2026-07-14T11:00:00+00:00,1.341629999999996,1.3416799999999962,1.3409799999999963,1.3415199999999963,4101
2026-07-14T11:15:00+00:00,1.3415199999999963,1.3421399999999961,1.3413999999999962,1.3419399999999961,3207
2026-07-14T11:30:00+00:00,1.3419399999999961,1.3424299999999962,1.3419299999999963,1.3423099999999961,2767
2026-07-14T11:45:00+00:00,1.3423099999999961,1.3430899999999961,1.3422999999999963,1.3427899999999962,4632
2026-07-14T12:00:00+00:00,1.3427899999999962,1.3430799999999963,1.3424799999999961,1.342509999999996,5605
2026-07-14T12:15:00+00:00,1.342509999999996,1.3433099999999962,1.3423799999999961,1.3428099999999963,4286
2026-07-14T12:30:00+00:00,1.3428099999999963,1.3486899999999962,1.342509999999996,1.3476999999999961,16177
2026-07-14T12:45:00+00:00,1.3476999999999961,1.3481599999999963,1.3446399999999963,1.3452799999999963,9589
2026-07-14T13:00:00+00:00,1.3452799999999963,1.3462999999999963,1.344169999999996,1.3446399999999963,9319
2026-07-14T13:15:00+00:00,1.3446399999999963,1.3455699999999962,1.3442599999999962,1.3445699999999963,9233
2026-07-14T13:30:00+00:00,1.3445699999999963,1.3458599999999963,1.3444299999999962,1.3457399999999962,8935
2026-07-14T13:45:00+00:00,1.3457399999999962,1.346239999999996,1.345289999999996,1.3459399999999961,6668
2026-07-14T14:00:00+00:00,1.3459399999999961,1.3466599999999962,1.3455999999999961,1.3459499999999962,5411
2026-07-14T14:15:00+00:00,1.3459499999999962,1.3460499999999962,1.3442999999999963,1.3443199999999962,8044
2026-07-14T14:30:00+00:00,1.3443199999999962,1.3463899999999962,1.3440399999999961,1.3453499999999963,9011
2026-07-14T14:45:00+00:00,1.3453499999999963,1.3456099999999962,1.3447499999999961,1.3448699999999962,6818
2026-07-14T15:00:00+00:00,1.3448699999999962,1.3457599999999963,1.3443599999999962,1.3450899999999961,7782
2026-07-14T15:15:00+00:00,1.3450899999999961,1.3451399999999962,1.3437899999999963,1.3441399999999961,4109
2026-07-14T15:30:00+00:00,1.3441399999999961,1.3442999999999963,1.3425899999999962,1.3430899999999961,6174
2026-07-14T15:45:00+00:00,1.3430899999999961,1.3435499999999962,1.3423499999999962,1.3426399999999963,5541
2026-07-14T16:00:00+00:00,1.3426399999999963,1.3427699999999962,1.3419199999999962,1.3426699999999963,5442
2026-07-14T16:15:00+00:00,1.3426699999999963,1.3431099999999963,1.3422799999999961,1.3429999999999962,4219
2026-07-14T16:30:00+00:00,1.3429999999999962,1.343559999999996,1.3429699999999962,1.3430399999999962,2371
2026-07-14T16:45:00+00:00,1.3430399999999962,1.343459999999996,1.3428599999999962,1.3432499999999963,2170
2026-07-14T17:00:00+00:00,1.3432499999999963,1.3434699999999962,1.3418899999999963,1.3419099999999962,3505
2026-07-14T17:15:00+00:00,1.3419099999999962,1.3420599999999963,1.3411699999999962,1.3420499999999962,4569
2026-07-14T17:30:00+00:00,1.3420499999999962,1.342409999999996,1.3419399999999961,1.3423599999999962,1849
2026-07-14T17:45:00+00:00,1.3423599999999962,1.3427699999999962,1.3420299999999963,1.342069999999996,2678
2026-07-14T18:00:00+00:00,1.342069999999996,1.3426399999999963,1.3420499999999962,1.3425899999999962,2885
2026-07-14T18:15:00+00:00,1.3425899999999962,1.3427899999999962,1.3422699999999963,1.3424199999999962,2523
2026-07-14T18:30:00+00:00,1.3424199999999962,1.3426499999999961,1.341459999999996,1.3418499999999962,4389
2026-07-14T18:45:00+00:00,1.3418499999999962,1.3425999999999962,1.3417899999999963,1.3425399999999963,3053
2026-07-14T19:00:00+00:00,1.3425399999999963,1.3428899999999961,1.3424699999999963,1.3428099999999963,2209
2026-07-14T19:15:00+00:00,1.3428099999999963,1.3430799999999963,1.3426899999999962,1.3430299999999962,2855
2026-07-14T19:30:00+00:00,1.3430299999999962,1.3430899999999961,1.3425499999999961,1.3430699999999962,3719
2026-07-14T19:45:00+00:00,1.3430699999999962,1.3435099999999962,1.3430499999999963,1.3431599999999961,2827
2026-07-14T20:00:00+00:00,1.3431599999999961,1.3433499999999963,1.3429899999999961,1.3432199999999963,2069
2026-07-14T20:15:00+00:00,1.3432199999999963,1.3432799999999963,1.3430599999999961,1.3430899999999961,673
2026-07-14T20:30:00+00:00,1.3430899999999961,1.3433399999999962,1.3430799999999963,1.3432299999999961,858
2026-07-14T20:45:00+00:00,1.3432299999999961,1.3435299999999961,1.3422999999999963,1.3424399999999963,1140
2026-07-14T21:00:00+00:00,1.3424399999999963,1.3427699999999962,1.3420099999999962,1.342539999999996,228.76832746916472
2026-07-14T21:15:00+00:00,1.342539999999996,1.343299999999996,1.341379999999996,1.342599999999996,533.32169238166
2026-07-14T21:30:00+00:00,1.342599999999996,1.342969999999996,1.342489999999996,1.3429399999999958,657
2026-07-14T21:45:00+00:00,1.3429399999999958,1.3429399999999958,1.342389999999996,1.3426699999999958,911
2026-07-14T22:00:00+00:00,1.3426699999999958,1.343479999999996,1.3426699999999958,1.343369999999996,530
2026-07-14T22:15:00+00:00,1.343369999999996,1.343779999999996,1.343229999999996,1.3437599999999958,768
2026-07-14T22:30:00+00:00,1.3437599999999958,1.3437899999999958,1.3435599999999959,1.343569999999996,559
2026-07-14T22:45:00+00:00,1.343569999999996,1.343569999999996,1.343259999999996,1.343409999999996,417
2026-07-14T23:00:00+00:00,1.343409999999996,1.343679999999996,1.343379999999996,1.3436599999999959,784
2026-07-14T23:15:00+00:00,1.3436599999999959,1.343739999999996,1.343539999999996,1.3437299999999959,684
2026-07-14T23:30:00+00:00,1.3437299999999959,1.3439599999999958,1.343599999999996,1.3439299999999959,900
2026-07-14T23:45:00+00:00,1.3439299999999959,1.3439999999999959,1.343839999999996,1.343979999999996,679
2026-07-15T00:00:00+00:00,1.343979999999996,1.344079999999996,1.3437899999999958,1.343849999999996,2632
2026-07-15T00:15:00+00:00,1.343849999999996,1.344359999999996,1.343839999999996,1.344219999999996,2223
2026-07-15T00:30:00+00:00,1.344219999999996,1.3443299999999958,1.3437999999999959,1.343909999999996,1932
2026-07-15T00:45:00+00:00,1.343909999999996,1.344789999999996,1.3438999999999959,1.3446799999999959,2513
2026-07-15T01:00:00+00:00,1.3446799999999959,1.344899999999996,1.3444699999999958,1.3448499999999959,3390
2026-07-15T01:15:00+00:00,1.3448499999999959,1.344959999999996,1.3444399999999959,1.344549999999996,1568
2026-07-15T01:30:00+00:00,1.344549999999996,1.3446799999999959,1.3442399999999959,1.344379999999996,3198
2026-07-15T01:45:00+00:00,1.344379999999996,1.3446099999999959,1.344309999999996,1.344559999999996,2523
2026-07-15T02:00:00+00:00,1.344559999999996,1.344869999999996,1.3444399999999959,1.344589999999996,2287
2026-07-15T02:15:00+00:00,1.344589999999996,1.344599999999996,1.344309999999996,1.3445399999999958,1940
2026-07-15T02:30:00+00:00,1.3445399999999958,1.3452799999999958,1.3444699999999958,1.345159999999996,2306
2026-07-15T02:45:00+00:00,1.345159999999996,1.345169999999996,1.344889999999996,1.344959999999996,2279
2026-07-15T03:00:00+00:00,1.344959999999996,1.3452799999999958,1.344649999999996,1.3446699999999958,2760
2026-07-15T03:15:00+00:00,1.3446699999999958,1.344699999999996,1.344179999999996,1.3444399999999959,2284
2026-07-15T03:30:00+00:00,1.3444399999999959,1.3446099999999959,1.344279999999996,1.344289999999996,1709
2026-07-15T03:45:00+00:00,1.344289999999996,1.3448499999999959,1.344279999999996,1.344719999999996,1569
2026-07-15T04:00:00+00:00,1.344719999999996,1.344859999999996,1.3445699999999958,1.344649999999996,1749
2026-07-15T04:15:00+00:00,1.344649999999996,1.344859999999996,1.344589999999996,1.3447699999999958,1650
2026-07-15T04:30:00+00:00,1.3447699999999958,1.344899999999996,1.3446399999999958,1.3446799999999959,1413
2026-07-15T04:45:00+00:00,1.3446799999999959,1.344869999999996,1.3445699999999958,1.3446099999999959,1142
2026-07-15T05:00:00+00:00,1.3446099999999959,1.344749999999996,1.344379999999996,1.3446699999999958,2624
2026-07-15T05:15:00+00:00,1.3446699999999958,1.3449099999999958,1.3446399999999958,1.3447799999999959,1625
2026-07-15T05:30:00+00:00,1.3447799999999959,1.345529999999996,1.344749999999996,1.3455199999999958,2231
2026-07-15T05:45:00+00:00,1.3455199999999958,1.3457899999999958,1.3453799999999958,1.3453799999999958,2228
2026-07-15T06:00:00+00:00,1.3453799999999958,1.3460599999999958,1.3453799999999958,1.346049999999996,2602
2026-07-15T06:15:00+00:00,1.346049999999996,1.346349999999996,1.3459599999999958,1.346079999999996,2526
2026-07-15T06:30:00+00:00,1.346079999999996,1.346119999999996,1.3454199999999958,1.345909999999996,2998
2026-07-15T06:45:00+00:00,1.345909999999996,1.346279999999996,1.345439999999996,1.3458599999999958,5025
2026-07-15T07:00:00+00:00,1.3458599999999958,1.346359999999996,1.345239999999996,1.345949999999996,4584
2026-07-15T07:15:00+00:00,1.345949999999996,1.3459999999999959,1.344579999999996,1.345159999999996,2722
2026-07-15T07:30:00+00:00,1.345159999999996,1.345509999999996,1.344819999999996,1.3449099999999958,3348
2026-07-15T07:45:00+00:00,1.3449099999999958,1.344929999999996,1.344449999999996,1.344559999999996,1959
2026-07-15T08:00:00+00:00,1.344559999999996,1.345089999999996,1.343919999999996,1.343939999999996,3092
2026-07-15T08:15:00+00:00,1.343939999999996,1.344359999999996,1.343819999999996,1.3443399999999959,2601
2026-07-15T08:30:00+00:00,1.3443399999999959,1.3444999999999958,1.343819999999996,1.3438899999999958,3173
2026-07-15T08:45:00+00:00,1.3438899999999958,1.3439999999999959,1.3434599999999959,1.343989999999996,2870
2026-07-15T09:00:00+00:00,1.343989999999996,1.3442399999999959,1.3435899999999958,1.3438899999999958,2416
2026-07-15T09:15:00+00:00,1.3438899999999958,1.3440599999999958,1.3436599999999959,1.3436599999999959,2056
2026-07-15T09:30:00+00:00,1.3436599999999959,1.343769999999996,1.343229999999996,1.3435199999999958,2875
2026-07-15T09:45:00+00:00,1.3435199999999958,1.343749999999996,1.343309999999996,1.3433899999999959,3641
2026-07-15T10:00:00+00:00,1.3433899999999959,1.3434599999999959,1.342829999999996,1.342929999999996,3426
2026-07-15T10:15:00+00:00,1.342929999999996,1.3433199999999959,1.342419999999996,1.342549999999996,3408
2026-07-15T10:30:00+00:00,1.342549999999996,1.343169999999996,1.3425399999999958,1.343139999999996,2832
2026-07-15T10:45:00+00:00,1.343139999999996,1.344319999999996,1.3431099999999958,1.344319999999996,2374
2026-07-15T11:00:00+00:00,1.344319999999996,1.344529999999996,1.344039999999996,1.344139999999996,2371
2026-07-15T11:15:00+00:00,1.344139999999996,1.3443699999999958,1.3439299999999959,1.344149999999996,1953
2026-07-15T11:30:00+00:00,1.344149999999996,1.344729999999996,1.344009999999996,1.3446799999999959,2861
2026-07-15T11:45:00+00:00,1.3446799999999959,1.3458599999999958,1.344629999999996,1.345359999999996,5206
2026-07-15T12:00:00+00:00,1.345359999999996,1.3456899999999958,1.3446399999999958,1.345209999999996,4025
2026-07-15T12:15:00+00:00,1.345209999999996,1.3456599999999959,1.344929999999996,1.345209999999996,3565
2026-07-15T12:30:00+00:00,1.345209999999996,1.346559999999996,1.345209999999996,1.346489999999996,6656
2026-07-15T12:45:00+00:00,1.346489999999996,1.3473899999999959,1.346379999999996,1.3471799999999958,3524
2026-07-15T13:00:00+00:00,1.3471799999999958,1.347969999999996,1.3469399999999958,1.3470799999999958,5420
2026-07-15T13:15:00+00:00,1.3470799999999958,1.3476599999999959,1.346529999999996,1.3467699999999958,3627
2026-07-15T13:30:00+00:00,1.3467699999999958,1.347699999999996,1.346719999999996,1.3473899999999959,3650
2026-07-15T13:45:00+00:00,1.3473899999999959,1.3493199999999959,1.3473899999999959,1.348459999999996,4763
2026-07-15T14:00:00+00:00,1.348459999999996,1.3488399999999958,1.348119999999996,1.348629999999996,4149
2026-07-15T14:15:00+00:00,1.348629999999996,1.349099999999996,1.348449999999996,1.348869999999996,4610
2026-07-15T14:30:00+00:00,1.348869999999996,1.351019999999996,1.348859999999996,1.3510099999999958,5808
2026-07-15T14:45:00+00:00,1.3510099999999958,1.352589999999996,1.3509099999999958,1.352189999999996,7779
2026-07-15T15:00:00+00:00,1.352189999999996,1.352519999999996,1.351649999999996,1.351649999999996,4278
2026-07-15T15:15:00+00:00,1.351649999999996,1.353239999999996,1.351479999999996,1.353139999999996,5207
2026-07-15T15:30:00+00:00,1.353139999999996,1.353499999999996,1.3527099999999959,1.3533899999999959,5243
2026-07-15T15:45:00+00:00,1.3533899999999959,1.354139999999996,1.353359999999996,1.353919999999996,3668
2026-07-15T16:00:00+00:00,1.353919999999996,1.354379999999996,1.3537599999999959,1.3538899999999958,3766
2026-07-15T16:15:00+00:00,1.3538899999999958,1.355539999999996,1.353839999999996,1.355539999999996,4936
2026-07-15T16:30:00+00:00,1.355539999999996,1.355749999999996,1.3550099999999958,1.3552799999999958,3630
2026-07-15T16:45:00+00:00,1.3552799999999958,1.357169999999996,1.355199999999996,1.356969999999996,5684
2026-07-15T17:00:00+00:00,1.356969999999996,1.358529999999996,1.356929999999996,1.357679999999996,4207
2026-07-15T17:15:00+00:00,1.357679999999996,1.357979999999996,1.357309999999996,1.357599999999996,4083
2026-07-15T17:30:00+00:00,1.357599999999996,1.358829999999996,1.357599999999996,1.358759999999996,5441
2026-07-15T17:45:00+00:00,1.358759999999996,1.359239999999996,1.358249999999996,1.3590799999999958,3787
2026-07-15T18:00:00+00:00,1.3590799999999958,1.359749999999996,1.3590799999999958,1.359439999999996,3084
2026-07-15T18:15:00+00:00,1.359439999999996,1.360149999999996,1.359329999999996,1.359739999999996,3124
2026-07-15T18:30:00+00:00,1.359739999999996,1.359949999999996,1.358799999999996,1.3588399999999958,3607
2026-07-15T18:45:00+00:00,1.3588399999999958,1.3588799999999959,1.357939999999996,1.357979999999996,3839
2026-07-15T19:00:00+00:00,1.357979999999996,1.358799999999996,1.357949999999996,1.3585699999999958,2557
2026-07-15T19:15:00+00:00,1.3585699999999958,1.358649999999996,1.3578599999999958,1.3580599999999958,2506
2026-07-15T19:30:00+00:00,1.3580599999999958,1.3581299999999958,1.3571099999999958,1.357329999999996,4235
2026-07-15T19:45:00+00:00,1.357329999999996,1.3578599999999958,1.3572499999999958,1.3578299999999959,2674
2026-07-15T20:00:00+00:00,1.3578299999999959,1.358079999999996,1.357739999999996,1.3578899999999958,961
2026-07-15T20:15:00+00:00,1.3578899999999958,1.358279999999996,1.3578299999999959,1.358179999999996,612
2026-07-15T20:30:00+00:00,1.358179999999996,1.358189999999996,1.3578899999999958,1.357909999999996,839
2026-07-15T20:45:00+00:00,1.357909999999996,1.358289999999996,1.357809999999996,1.358249999999996,1158
2026-07-15T21:00:00+00:00,1.358249999999996,1.358689999999996,1.357469999999996,1.3577499999999958,44.628985245622346
2026-07-15T21:15:00+00:00,1.3577499999999958,1.3578099999999957,1.357439999999995,1.3574499999999952,1243.240484420813
2026-07-15T21:30:00+00:00,1.3574499999999952,1.3581599999999951,1.3573799999999951,1.3579599999999952,1360
2026-07-15T21:45:00+00:00,1.3579599999999952,1.3582899999999951,1.357269999999995,1.3582399999999952,2055
2026-07-15T22:00:00+00:00,1.3582399999999952,1.3589199999999952,1.3582399999999952,1.3588399999999952,482.57103706908987
2026-07-15T22:15:00+00:00,1.3588399999999952,1.3590299999999953,1.3587899999999953,1.3590299999999953,233
2026-07-15T22:30:00+00:00,1.3590299999999953,1.3590499999999952,1.3588699999999951,1.3588999999999951,327
2026-07-15T22:45:00+00:00,1.3588999999999951,1.3589599999999953,1.358559999999995,1.3586499999999953,523
2026-07-15T23:00:00+00:00,1.3586499999999953,1.3588499999999952,1.3585499999999953,1.3588399999999952,584.6882232811436
2026-07-15T23:15:00+00:00,1.3588399999999952,1.3589899999999953,1.358729999999995,1.3589399999999952,746
2026-07-15T23:30:00+00:00,1.3589399999999952,1.359169999999995,1.3587999999999951,1.3591499999999952,726
2026-07-15T23:45:00+00:00,1.3591499999999952,1.3592299999999953,1.3586699999999952,1.3586999999999951,1094
2026-07-16T00:00:00+00:00,1.3586999999999951,1.3592799999999952,1.3585999999999951,1.3592099999999951,3590
2026-07-16T00:15:00+00:00,1.3592099999999951,1.3592899999999952,1.3586399999999952,1.358729999999995,3284
2026-07-16T00:30:00+00:00,1.358729999999995,1.358759999999995,1.3579399999999953,1.3581399999999952,3032
2026-07-16T00:45:00+00:00,1.3581399999999952,1.3582999999999952,1.3575899999999952,1.3582399999999952,4959
2026-07-16T01:00:00+00:00,1.3582399999999952,1.3583499999999953,1.3579599999999952,1.3581299999999952,3316
2026-07-16T01:15:00+00:00,1.3581299999999952,1.3581699999999952,1.3576199999999952,1.3577499999999951,3798
2026-07-16T01:30:00+00:00,1.3577499999999951,1.3579099999999953,1.3575199999999952,1.3576699999999953,3659
2026-07-16T01:45:00+00:00,1.3576699999999953,1.3577599999999952,1.3574299999999953,1.3575599999999952,2588
2026-07-16T02:00:00+00:00,1.3575599999999952,1.3575799999999951,1.3569399999999952,1.3569699999999951,2523
2026-07-16T02:15:00+00:00,1.3569699999999951,1.3574299999999953,1.356829999999995,1.357369999999995,2896
2026-07-16T02:30:00+00:00,1.357369999999995,1.3574599999999952,1.3569699999999951,1.3572299999999953,3101
2026-07-16T02:45:00+00:00,1.3572299999999953,1.3575599999999952,1.3570099999999952,1.3575499999999951,2244
2026-07-16T03:00:00+00:00,1.3575499999999951,1.3583299999999952,1.3574299999999953,1.3582299999999952,1671
2026-07-16T03:15:00+00:00,1.3582299999999952,1.3584099999999952,1.3581399999999952,1.358319999999995,1362
2026-07-16T03:30:00+00:00,1.358319999999995,1.3586299999999951,1.3582599999999951,1.3582699999999952,1611
2026-07-16T03:45:00+00:00,1.3582699999999952,1.3583299999999952,1.3579599999999952,1.3581599999999951,2169
2026-07-16T04:00:00+00:00,1.3581599999999951,1.358319999999995,1.3579899999999951,1.3582999999999952,2268
2026-07-16T04:15:00+00:00,1.3582999999999952,1.3583099999999952,1.3578899999999952,1.3579099999999953,1758
2026-07-16T04:30:00+00:00,1.3579099999999953,1.3583599999999951,1.3579099999999953,1.3581899999999951,1980
2026-07-16T04:45:00+00:00,1.3581899999999951,1.3582699999999952,1.3580299999999952,1.3581099999999953,1793
2026-07-16T05:00:00+00:00,1.3581099999999953,1.358489999999995,1.3581099999999953,1.3584299999999951,2104
2026-07-16T05:15:00+00:00,1.3584299999999951,1.358659999999995,1.3584299999999951,1.3585399999999952,1569
2026-07-16T05:30:00+00:00,1.3585399999999952,1.3589399999999952,1.3581599999999951,1.3582499999999953,3550
2026-07-16T05:45:00+00:00,1.3582499999999953,1.3583099999999952,1.3575599999999952,1.3577199999999952,3047
2026-07-16T06:00:00+00:00,1.3577199999999952,1.3587199999999953,1.3576199999999952,1.3586999999999951,4045
2026-07-16T06:15:00+00:00,1.3586999999999951,1.3586999999999951,1.358149999999995,1.3584399999999952,3215
2026-07-16T06:30:00+00:00,1.3584399999999952,1.3585299999999951,1.358119999999995,1.3584599999999951,3068
2026-07-16T06:45:00+00:00,1.3584599999999951,1.3590699999999951,1.358119999999995,1.3588499999999952,3662
2026-07-16T07:00:00+00:00,1.3588499999999952,1.3590899999999952,1.3584199999999953,1.3584599999999951,3596
2026-07-16T07:15:00+00:00,1.3584599999999951,1.3589599999999953,1.3578999999999952,1.3581099999999953,2991
2026-07-16T07:30:00+00:00,1.3581099999999953,1.3585499999999953,1.3580899999999951,1.3582799999999953,2711
2026-07-16T07:45:00+00:00,1.3582799999999953,1.3586499999999953,1.358149999999995,1.3581699999999952,4072
2026-07-16T08:00:00+00:00,1.3581699999999952,1.3582899999999951,1.3570099999999952,1.3571499999999952,3493
2026-07-16T08:15:00+00:00,1.3571499999999952,1.3572799999999952,1.3568899999999953,1.3570199999999952,2650
2026-07-16T08:30:00+00:00,1.3570199999999952,1.3576499999999951,1.3569599999999953,1.3571899999999952,3373
2026-07-16T08:45:00+00:00,1.3571899999999952,1.3572599999999952,1.3567499999999952,1.3569399999999952,2957
2026-07-16T09:00:00+00:00,1.3569399999999952,1.3569899999999953,1.3563399999999952,1.356759999999995,3056
2026-07-16T09:15:00+00:00,1.356759999999995,1.3568199999999953,1.3558699999999952,1.3559299999999952,2889
2026-07-16T09:30:00+00:00,1.3559299999999952,1.3559899999999951,1.3554199999999952,1.3559399999999953,2815
2026-07-16T09:45:00+00:00,1.3559399999999953,1.3559699999999952,1.3555599999999952,1.3555899999999952,2356
2026-07-16T10:00:00+00:00,1.3555899999999952,1.3557899999999952,1.355439999999995,1.3556199999999952,2332
2026-07-16T10:15:00+00:00,1.3556199999999952,1.355779999999995,1.3551999999999953,1.355269999999995,2261
2026-07-16T10:30:00+00:00,1.355269999999995,1.3555599999999952,1.3551199999999952,1.3554699999999953,2538
2026-07-16T10:45:00+00:00,1.3554699999999953,1.3556899999999952,1.3551299999999953,1.3552099999999951,2576
2026-07-16T11:00:00+00:00,1.3552099999999951,1.3552599999999952,1.3545699999999952,1.3548799999999952,3293
2026-07-16T11:15:00+00:00,1.3548799999999952,1.3549699999999951,1.3542999999999952,1.3544799999999952,3637
2026-07-16T11:30:00+00:00,1.3544799999999952,1.3552499999999952,1.3544699999999952,1.3549699999999951,2966
2026-07-16T11:45:00+00:00,1.3549699999999951,1.3555599999999952,1.3541799999999953,1.355509999999995,6027
2026-07-16T12:00:00+00:00,1.355509999999995,1.3563699999999952,1.355339999999995,1.3556999999999952,5321
2026-07-16T12:15:00+00:00,1.3556999999999952,1.3559699999999952,1.3551599999999953,1.3554099999999951,4563
2026-07-16T12:30:00+00:00,1.3554099999999951,1.3556299999999952,1.3547599999999953,1.3552499999999952,4509
2026-07-16T12:45:00+00:00,1.3552499999999952,1.355439999999995,1.3545699999999952,1.3546099999999952,4134
2026-07-16T13:00:00+00:00,1.3546099999999952,1.3556199999999952,1.3544699999999952,1.3554499999999952,4554
2026-07-16T13:15:00+00:00,1.3554499999999952,1.3558699999999952,1.3551399999999951,1.355709999999995,3543
2026-07-16T13:30:00+00:00,1.355709999999995,1.3562799999999953,1.3553699999999953,1.3560699999999952,4857
2026-07-16T13:45:00+00:00,1.3560699999999952,1.3565799999999952,1.3555899999999952,1.3556999999999952,4976
2026-07-16T14:00:00+00:00,1.3556999999999952,1.356219999999995,1.3552199999999952,1.3554999999999953,5375
2026-07-16T14:15:00+00:00,1.3554999999999953,1.3559599999999952,1.3552799999999952,1.3556499999999951,5489
2026-07-16T14:30:00+00:00,1.3556499999999951,1.3560199999999951,1.3547899999999953,1.3549599999999953,5587
2026-07-16T14:45:00+00:00,1.3549599999999953,1.3551399999999951,1.3535799999999951,1.3536699999999953,5319
2026-07-16T15:00:00+00:00,1.3536699999999953,1.3537999999999952,1.3528599999999953,1.3537899999999952,3967
2026-07-16T15:15:00+00:00,1.3537899999999952,1.3539899999999951,1.3529699999999951,1.3529699999999951,3558
2026-07-16T15:30:00+00:00,1.3529699999999951,1.3535999999999953,1.3528699999999951,1.3532399999999951,3077
2026-07-16T15:45:00+00:00,1.3532399999999951,1.3538399999999953,1.3529499999999952,1.3531499999999952,3625
2026-07-16T16:00:00+00:00,1.3531499999999952,1.3532099999999951,1.3522699999999952,1.3522799999999953,3182
2026-07-16T16:15:00+00:00,1.3522799999999953,1.3523699999999952,1.3515299999999952,1.3516599999999952,3179
2026-07-16T16:30:00+00:00,1.3516599999999952,1.3519899999999951,1.3514799999999951,1.3517599999999952,2113
2026-07-16T16:45:00+00:00,1.3517599999999952,1.3518899999999952,1.3513799999999951,1.3514499999999952,2242
2026-07-16T17:00:00+00:00,1.3514499999999952,1.3514699999999953,1.3508099999999952,1.3509899999999953,2845
2026-07-16T17:15:00+00:00,1.3509899999999953,1.3516299999999952,1.3509699999999951,1.3515699999999953,2237
2026-07-16T17:30:00+00:00,1.3515699999999953,1.3517299999999952,1.3513899999999952,1.3515399999999953,2762
2026-07-16T17:45:00+00:00,1.3515399999999953,1.3520399999999952,1.3514699999999953,1.3518099999999953,2818
2026-07-16T18:00:00+00:00,1.3518099999999953,1.3518299999999952,1.3513299999999953,1.3515999999999952,3322
2026-07-16T18:15:00+00:00,1.3515999999999952,1.3518299999999952,1.3515699999999953,1.3516599999999952,2780
2026-07-16T18:30:00+00:00,1.3516599999999952,1.3517499999999951,1.351509999999995,1.3516999999999952,2694
2026-07-16T18:45:00+00:00,1.3516999999999952,1.3519699999999952,1.3515899999999952,1.3518899999999952,3123
2026-07-16T19:00:00+00:00,1.3518899999999952,1.3521699999999952,1.3516699999999953,1.3516999999999952,2596
2026-07-16T19:15:00+00:00,1.3516999999999952,1.3518299999999952,1.3515499999999951,1.351609999999995,2660
2026-07-16T19:30:00+00:00,1.351609999999995,1.3519799999999953,1.3515599999999952,1.351949999999995,3169
2026-07-16T19:45:00+00:00,1.351949999999995,1.3523999999999952,1.3519099999999953,1.352319999999995,3021
2026-07-16T20:00:00+00:00,1.352319999999995,1.3524999999999952,1.352219999999995,1.352319999999995,1861
2026-07-16T20:15:00+00:00,1.352319999999995,1.3524699999999952,1.3522699999999952,1.352389999999995,658
2026-07-16T20:30:00+00:00,1.352389999999995,1.3527199999999953,1.3523799999999953,1.3526399999999952,1069
2026-07-16T20:45:00+00:00,1.3526399999999952,1.3528799999999952,1.3525299999999951,1.3525299999999951,986
2026-07-16T21:00:00+00:00,1.3525299999999951,1.3525299999999951,1.3514799999999951,1.352289999999995,105.0868515372429
2026-07-16T21:15:00+00:00,1.352289999999995,1.3527099999999952,1.351589999999995,1.351889999999995,122.79800920613322
2026-07-16T21:30:00+00:00,1.351889999999995,1.351909999999995,1.351719999999995,1.351889999999995,228
2026-07-16T21:45:00+00:00,1.351889999999995,1.352029999999995,1.351769999999995,1.351789999999995,304
2026-07-16T22:00:00+00:00,1.351789999999995,1.352339999999995,1.351789999999995,1.352239999999995,325
2026-07-16T22:15:00+00:00,1.352239999999995,1.352249999999995,1.352059999999995,1.3521899999999951,314
2026-07-16T22:30:00+00:00,1.3521899999999951,1.352199999999995,1.352049999999995,1.352049999999995,240
2026-07-16T22:45:00+00:00,1.352049999999995,1.352049999999995,1.351899999999995,1.352009999999995,302
2026-07-16T23:00:00+00:00,1.352009999999995,1.352149999999995,1.351939999999995,1.352129999999995,465
2026-07-16T23:15:00+00:00,1.352129999999995,1.3523599999999951,1.352099999999995,1.352229999999995,705
2026-07-16T23:30:00+00:00,1.352229999999995,1.352369999999995,1.352159999999995,1.352239999999995,587
2026-07-16T23:45:00+00:00,1.352239999999995,1.352459999999995,1.352129999999995,1.352429999999995,1248
2026-07-17T00:00:00+00:00,1.352429999999995,1.352489999999995,1.351989999999995,1.352039999999995,2610
2026-07-17T00:15:00+00:00,1.352039999999995,1.352289999999995,1.351719999999995,1.351739999999995,2776
2026-07-17T00:30:00+00:00,1.351739999999995,1.351879999999995,1.351589999999995,1.351629999999995,2270
2026-07-17T00:45:00+00:00,1.351629999999995,1.3523599999999951,1.351609999999995,1.352339999999995,3552
2026-07-17T01:00:00+00:00,1.352339999999995,1.352599999999995,1.352159999999995,1.352259999999995,3072
2026-07-17T01:15:00+00:00,1.352259999999995,1.352489999999995,1.352069999999995,1.352109999999995,2851
2026-07-17T01:30:00+00:00,1.352109999999995,1.352159999999995,1.351639999999995,1.351799999999995,3036
2026-07-17T01:45:00+00:00,1.351799999999995,1.351809999999995,1.351009999999995,1.351229999999995,3572
2026-07-17T02:00:00+00:00,1.351229999999995,1.351479999999995,1.351219999999995,1.351459999999995,3063
2026-07-17T02:15:00+00:00,1.351459999999995,1.351549999999995,1.351179999999995,1.351229999999995,2750
2026-07-17T02:30:00+00:00,1.351229999999995,1.351379999999995,1.350919999999995,1.351079999999995,2935
2026-07-17T02:45:00+00:00,1.351079999999995,1.351269999999995,1.350929999999995,1.3509699999999951,3214
2026-07-17T03:00:00+00:00,1.3509699999999951,1.351329999999995,1.350909999999995,1.3511399999999951,3136
2026-07-17T03:15:00+00:00,1.3511399999999951,1.351519999999995,1.351129999999995,1.351369999999995,2429
2026-07-17T03:30:00+00:00,1.351369999999995,1.351389999999995,1.350819999999995,1.350939999999995,1660
2026-07-17T03:45:00+00:00,1.350939999999995,1.351219999999995,1.350869999999995,1.3511399999999951,2777
2026-07-17T04:00:00+00:00,1.3511399999999951,1.351179999999995,1.350949999999995,1.351039999999995,2508
2026-07-17T04:15:00+00:00,1.351039999999995,1.351069999999995,1.350569999999995,1.350649999999995,2257
2026-07-17T04:30:00+00:00,1.350649999999995,1.350769999999995,1.350479999999995,1.350519999999995,1953
2026-07-17T04:45:00+00:00,1.350519999999995,1.350719999999995,1.350329999999995,1.350509999999995,1711
2026-07-17T05:00:00+00:00,1.350509999999995,1.350639999999995,1.350349999999995,1.3505299999999951,1622
2026-07-17T05:15:00+00:00,1.3505299999999951,1.350719999999995,1.350399999999995,1.350599999999995,1919
2026-07-17T05:30:00+00:00,1.350599999999995,1.351229999999995,1.350599999999995,1.351019999999995,3136
2026-07-17T05:45:00+00:00,1.351019999999995,1.3512399999999951,1.350839999999995,1.350919999999995,2395
2026-07-17T06:00:00+00:00,1.350919999999995,1.351399999999995,1.350539999999995,1.351369999999995,3238
2026-07-17T06:15:00+00:00,1.351369999999995,1.352139999999995,1.351339999999995,1.351739999999995,3908
2026-07-17T06:30:00+00:00,1.351739999999995,1.352209999999995,1.351669999999995,1.351829999999995,2863
2026-07-17T06:45:00+00:00,1.351829999999995,1.352149999999995,1.351619999999995,1.352029999999995,4012
2026-07-17T07:00:00+00:00,1.352029999999995,1.352719999999995,1.351619999999995,1.351739999999995,3573
2026-07-17T07:15:00+00:00,1.351739999999995,1.351799999999995,1.350859999999995,1.3515799999999951,3160
2026-07-17T07:30:00+00:00,1.3515799999999951,1.351979999999995,1.350989999999995,1.351299999999995,3374
2026-07-17T07:45:00+00:00,1.351299999999995,1.351389999999995,1.350329999999995,1.350349999999995,3075
2026-07-17T08:00:00+00:00,1.350349999999995,1.350849999999995,1.349799999999995,1.349939999999995,3327
2026-07-17T08:15:00+00:00,1.349939999999995,1.350119999999995,1.349489999999995,1.349539999999995,4818
2026-07-17T08:30:00+00:00,1.349539999999995,1.349889999999995,1.349099999999995,1.349329999999995,4043
2026-07-17T08:45:00+00:00,1.349329999999995,1.349459999999995,1.348829999999995,1.348939999999995,3410
2026-07-17T09:00:00+00:00,1.348939999999995,1.349069999999995,1.348339999999995,1.348729999999995,3682
2026-07-17T09:15:00+00:00,1.348729999999995,1.349049999999995,1.348199999999995,1.349019999999995,3283
2026-07-17T09:30:00+00:00,1.349019999999995,1.349049999999995,1.348309999999995,1.348659999999995,2765
2026-07-17T09:45:00+00:00,1.348659999999995,1.348939999999995,1.348539999999995,1.348919999999995,2076
2026-07-17T10:00:00+00:00,1.348919999999995,1.348939999999995,1.348159999999995,1.348689999999995,2857
2026-07-17T10:15:00+00:00,1.348689999999995,1.348789999999995,1.3480199999999951,1.348069999999995,2979
2026-07-17T10:30:00+00:00,1.348069999999995,1.348159999999995,1.347739999999995,1.347859999999995,2866
2026-07-17T10:45:00+00:00,1.347859999999995,1.347949999999995,1.347229999999995,1.347779999999995,3392
2026-07-17T11:00:00+00:00,1.347779999999995,1.348269999999995,1.347379999999995,1.348159999999995,3369
2026-07-17T11:15:00+00:00,1.348159999999995,1.348659999999995,1.3480199999999951,1.348509999999995,2957
2026-07-17T11:30:00+00:00,1.348509999999995,1.349299999999995,1.348449999999995,1.348579999999995,2805
2026-07-17T11:45:00+00:00,1.348579999999995,1.348919999999995,1.348349999999995,1.348459999999995,2992
2026-07-17T12:00:00+00:00,1.348459999999995,1.348659999999995,1.348129999999995,1.348329999999995,3416
2026-07-17T12:15:00+00:00,1.348329999999995,1.348409999999995,1.347759999999995,1.348139999999995,2812
2026-07-17T12:30:00+00:00,1.348139999999995,1.348159999999995,1.347439999999995,1.347979999999995,3323
2026-07-17T12:45:00+00:00,1.347979999999995,1.348239999999995,1.347549999999995,1.347789999999995,3350
2026-07-17T13:00:00+00:00,1.347789999999995,1.348169999999995,1.347449999999995,1.347909999999995,4130
2026-07-17T13:15:00+00:00,1.347909999999995,1.348279999999995,1.3475799999999951,1.348039999999995,3475
2026-07-17T13:30:00+00:00,1.348039999999995,1.349269999999995,1.3479199999999951,1.348869999999995,5633
2026-07-17T13:45:00+00:00,1.348869999999995,1.349739999999995,1.3486999999999951,1.349629999999995,5560
2026-07-17T14:00:00+00:00,1.349629999999995,1.350029999999995,1.349269999999995,1.349269999999995,4046
2026-07-17T14:15:00+00:00,1.349269999999995,1.349959999999995,1.3491399999999951,1.349429999999995,3394
2026-07-17T14:30:00+00:00,1.349429999999995,1.349949999999995,1.349319999999995,1.3499199999999951,5023
2026-07-17T14:45:00+00:00,1.3499199999999951,1.350089999999995,1.348909999999995,1.349149999999995,4883
2026-07-17T15:00:00+00:00,1.349149999999995,1.349619999999995,1.349069999999995,1.349219999999995,3829
2026-07-17T15:15:00+00:00,1.349219999999995,1.349969999999995,1.349219999999995,1.349969999999995,3333
2026-07-17T15:30:00+00:00,1.349969999999995,1.350109999999995,1.349239999999995,1.349249999999995,4630
2026-07-17T15:45:00+00:00,1.349249999999995,1.349319999999995,1.348839999999995,1.349099999999995,4273
2026-07-17T16:00:00+00:00,1.349099999999995,1.349529999999995,1.348389999999995,1.349499999999995,5513
2026-07-17T16:15:00+00:00,1.349499999999995,1.3500199999999951,1.349459999999995,1.349949999999995,3278
2026-07-17T16:30:00+00:00,1.349949999999995,1.350159999999995,1.349659999999995,1.350049999999995,3488
2026-07-17T16:45:00+00:00,1.350049999999995,1.350229999999995,1.349809999999995,1.350219999999995,3175
2026-07-17T17:00:00+00:00,1.350219999999995,1.350619999999995,1.350119999999995,1.350169999999995,4541
2026-07-17T17:15:00+00:00,1.350169999999995,1.350209999999995,1.349839999999995,1.350119999999995,2800
2026-07-17T17:30:00+00:00,1.350119999999995,1.350149999999995,1.3497499999999951,1.349779999999995,1790
2026-07-17T17:45:00+00:00,1.349779999999995,1.350009999999995,1.349739999999995,1.349939999999995,1962
2026-07-17T18:00:00+00:00,1.349939999999995,1.350149999999995,1.349759999999995,1.349989999999995,1695
2026-07-17T18:15:00+00:00,1.349989999999995,1.350199999999995,1.349929999999995,1.350179999999995,2383
2026-07-17T18:30:00+00:00,1.350179999999995,1.350289999999995,1.3499199999999951,1.349999999999995,1991
2026-07-17T18:45:00+00:00,1.349999999999995,1.350149999999995,1.349879999999995,1.350039999999995,1686
2026-07-17T19:00:00+00:00,1.350039999999995,1.350149999999995,1.349859999999995,1.3499199999999951,1734
2026-07-17T19:15:00+00:00,1.3499199999999951,1.350099999999995,1.349719999999995,1.349939999999995,2395
2026-07-17T19:30:00+00:00,1.349939999999995,1.3503599999999951,1.349759999999995,1.350279999999995,2041
2026-07-17T19:45:00+00:00,1.350279999999995,1.350599999999995,1.350139999999995,1.350449999999995,2430
2026-07-17T20:00:00+00:00,1.350449999999995,1.350619999999995,1.350219999999995,1.350229999999995,718
2026-07-17T20:15:00+00:00,1.350229999999995,1.350249999999995,1.349819999999995,1.349869999999995,621
2026-07-17T20:30:00+00:00,1.349869999999995,1.350059999999995,1.349839999999995,1.349959999999995,512
2026-07-17T20:45:00+00:00,1.349959999999995,1.350209999999995,1.348759999999995,1.349429999999995,1468
2026-07-19T21:00:00+00:00,1.349429999999995,1.3513399999999953,1.349229999999995,1.3512699999999953,121.04964400737356
2026-07-19T21:15:00+00:00,1.3512699999999953,1.3512699999999953,1.3494199999999952,1.3497199999999954,451.2975365688389
2026-07-19T21:30:00+00:00,1.3497199999999954,1.3504399999999952,1.3496699999999953,1.3503999999999952,398.4508449247116
2026-07-19T21:45:00+00:00,1.3503999999999952,1.3505799999999952,1.3499199999999951,1.350219999999995,1190
2026-07-19T22:00:00+00:00,1.350219999999995,1.3509799999999952,1.350219999999995,1.3508499999999952,1042
2026-07-19T22:15:00+00:00,1.3508499999999952,1.3510999999999953,1.3505099999999952,1.3508199999999952,1675
2026-07-19T22:30:00+00:00,1.3508199999999952,1.3511299999999953,1.3507199999999953,1.3509399999999951,904
2026-07-19T22:45:00+00:00,1.3509399999999951,1.3509599999999953,1.3507799999999952,1.350829999999995,371
2026-07-19T23:00:00+00:00,1.350829999999995,1.3508599999999953,1.350729999999995,1.3507399999999952,802
2026-07-19T23:15:00+00:00,1.3507399999999952,1.3508199999999952,1.3505399999999952,1.3507199999999953,977
2026-07-19T23:30:00+00:00,1.3507199999999953,1.3509499999999952,1.3505999999999951,1.3509299999999953,778
2026-07-19T23:45:00+00:00,1.3509299999999953,1.3509399999999951,1.3506299999999951,1.350899999999995,1600
2026-07-20T00:00:00+00:00,1.350899999999995,1.3512199999999952,1.3507099999999952,1.3510599999999953,3017
2026-07-20T00:15:00+00:00,1.3510599999999953,1.351609999999995,1.3510599999999953,1.3514699999999953,2592
2026-07-20T00:30:00+00:00,1.3514699999999953,1.3514899999999952,1.351169999999995,1.3512799999999952,2168
2026-07-20T00:45:00+00:00,1.3512799999999952,1.3515299999999952,1.3511999999999953,1.3514899999999952,2294
2026-07-20T01:00:00+00:00,1.3514899999999952,1.3518099999999953,1.3512599999999952,1.3513499999999952,3742
2026-07-20T01:15:00+00:00,1.3513499999999952,1.3517099999999953,1.3512899999999952,1.3516299999999952,3706
2026-07-20T01:30:00+00:00,1.3516299999999952,1.3517899999999952,1.3512999999999953,1.3514499999999952,3568
2026-07-20T01:45:00+00:00,1.3514499999999952,1.3518399999999953,1.351339999999995,1.3518199999999951,2930
2026-07-20T02:00:00+00:00,1.3518199999999951,1.3521899999999951,1.3517299999999952,1.3520399999999952,3051
2026-07-20T02:15:00+00:00,1.3520399999999952,1.3523599999999951,1.3519999999999952,1.3523399999999952,2014
2026-07-20T02:30:00+00:00,1.3523399999999952,1.3527599999999953,1.3522299999999952,1.3525299999999951,2542
2026-07-20T02:45:00+00:00,1.3525299999999951,1.3526299999999951,1.3522699999999952,1.3523299999999951,2007
2026-07-20T03:00:00+00:00,1.3523299999999951,1.3523799999999953,1.3521899999999951,1.3523499999999953,2376
2026-07-20T03:15:00+00:00,1.3523499999999953,1.3524199999999953,1.3522599999999951,1.3523499999999953,1918
2026-07-20T03:30:00+00:00,1.3523499999999953,1.352559999999995,1.3522799999999953,1.3525499999999953,1859
2026-07-20T03:45:00+00:00,1.3525499999999953,1.3525899999999953,1.3524399999999952,1.352459999999995,1894
2026-07-20T04:00:00+00:00,1.352459999999995,1.3526799999999952,1.3524499999999953,1.352659999999995,1336
2026-07-20T04:15:00+00:00,1.352659999999995,1.3530499999999952,1.352659999999995,1.3529899999999953,1182
2026-07-20T04:30:00+00:00,1.3529899999999953,1.3531399999999951,1.3528899999999953,1.3530599999999953,1290
2026-07-20T04:45:00+00:00,1.3530599999999953,1.3531999999999953,1.352999999999995,1.3530299999999953,1489
2026-07-20T05:00:00+00:00,1.3530299999999953,1.3530799999999952,1.3527699999999951,1.3528899999999953,1864
2026-07-20T05:15:00+00:00,1.3528899999999953,1.353169999999995,1.3528699999999951,1.3530499999999952,1388
2026-07-20T05:30:00+00:00,1.3530499999999952,1.3531599999999953,1.3529699999999951,1.3530999999999953,1721
2026-07-20T05:45:00+00:00,1.3530999999999953,1.353169999999995,1.3529499999999952,1.3530499999999952,1919
2026-07-20T06:00:00+00:00,1.3530499999999952,1.3533099999999951,1.3524999999999952,1.3525999999999951,2524
2026-07-20T06:15:00+00:00,1.3525999999999951,1.3530499999999952,1.3524499999999953,1.3525099999999952,4413
2026-07-20T06:30:00+00:00,1.3525099999999952,1.3528899999999953,1.3522399999999952,1.3525999999999951,3819
2026-07-20T06:45:00+00:00,1.3525999999999951,1.3528899999999953,1.3521599999999951,1.3522499999999953,3063
2026-07-20T07:00:00+00:00,1.3522499999999953,1.3530899999999952,1.3521599999999951,1.3527199999999953,4331
2026-07-20T07:15:00+00:00,1.3527199999999953,1.3534699999999953,1.3524899999999953,1.353439999999995,4651
2026-07-20T07:30:00+00:00,1.353439999999995,1.3545399999999952,1.3533699999999953,1.3543599999999951,4966
2026-07-20T07:45:00+00:00,1.3543599999999951,1.3543599999999951,1.3538099999999953,1.3540199999999951,3533
2026-07-20T08:00:00+00:00,1.3540199999999951,1.3540999999999952,1.3537099999999953,1.3538099999999953,2251
2026-07-20T08:15:00+00:00,1.3538099999999953,1.3540199999999951,1.3530099999999952,1.3531399999999951,2976
2026-07-20T08:30:00+00:00,1.3531399999999951,1.3535499999999951,1.3530299999999953,1.3532999999999953,2198
2026-07-20T08:45:00+00:00,1.3532999999999953,1.3536299999999952,1.3531499999999952,1.3533699999999953,2207
2026-07-20T09:00:00+00:00,1.3533699999999953,1.3533699999999953,1.3523799999999953,1.3525399999999952,2352
2026-07-20T09:15:00+00:00,1.3525399999999952,1.3526799999999952,1.3521599999999951,1.3522299999999952,2280
2026-07-20T09:30:00+00:00,1.3522299999999952,1.3529599999999953,1.352219999999995,1.3529499999999952,2217
2026-07-20T09:45:00+00:00,1.3529499999999952,1.3530799999999952,1.3524099999999952,1.352729999999995,3488
2026-07-20T10:00:00+00:00,1.352729999999995,1.3533599999999952,1.3523299999999951,1.3532099999999951,3858
2026-07-20T10:15:00+00:00,1.3532099999999951,1.353509999999995,1.3530199999999952,1.3530999999999953,2946
2026-07-20T10:30:00+00:00,1.3530999999999953,1.3537699999999953,1.3530099999999952,1.3534999999999953,2424
2026-07-20T10:45:00+00:00,1.3534999999999953,1.3536299999999952,1.3531399999999951,1.3532199999999952,2505
2026-07-20T11:00:00+00:00,1.3532199999999952,1.3536399999999953,1.3529399999999951,1.3533299999999953,3475
2026-07-20T11:15:00+00:00,1.3533299999999953,1.3534299999999952,1.3530399999999951,1.3533099999999951,3056
2026-07-20T11:30:00+00:00,1.3533099999999951,1.3542799999999953,1.3532499999999952,1.353269999999995,7926
2026-07-20T11:45:00+00:00,1.353269999999995,1.3532799999999952,1.3525399999999952,1.3526699999999952,2984
2026-07-20T12:00:00+00:00,1.3526699999999952,1.3528799999999952,1.3519699999999952,1.3522699999999952,5068
2026-07-20T12:15:00+00:00,1.3522699999999952,1.3522799999999953,1.3515899999999952,1.3516899999999952,3406
2026-07-20T12:30:00+00:00,1.3516899999999952,1.3519199999999951,1.3512399999999951,1.3514599999999952,2848
2026-07-20T12:45:00+00:00,1.3514599999999952,1.3521599999999951,1.3514599999999952,1.3518999999999952,3918
2026-07-20T13:00:00+00:00,1.3518999999999952,1.3520199999999951,1.3516199999999952,1.3519199999999951,2842
2026-07-20T13:15:00+00:00,1.3519199999999951,1.3522999999999952,1.3517299999999952,1.3521299999999952,2402
2026-07-20T13:30:00+00:00,1.3521299999999952,1.3521999999999952,1.3512099999999951,1.3512099999999951,3872
2026-07-20T13:45:00+00:00,1.3512099999999951,1.3518699999999952,1.350899999999995,1.3516499999999951,3407
2026-07-20T14:00:00+00:00,1.3516499999999951,1.3520999999999952,1.3510899999999952,1.3515399999999953,3200
2026-07-20T14:15:00+00:00,1.3515399999999953,1.3518199999999951,1.3511999999999953,1.3517099999999953,3027
2026-07-20T14:30:00+00:00,1.3517099999999953,1.3517099999999953,1.3505099999999952,1.3506299999999951,3721
2026-07-20T14:45:00+00:00,1.3506299999999951,1.3506299999999951,1.3497499999999951,1.3503399999999952,4359
2026-07-20T15:00:00+00:00,1.3503399999999952,1.3503399999999952,1.3483699999999952,1.3484499999999953,6540
2026-07-20T15:15:00+00:00,1.3484499999999953,1.3485299999999951,1.347779999999995,1.3484799999999952,3313
2026-07-20T15:30:00+00:00,1.3484799999999952,1.3485299999999951,1.3478899999999951,1.3480699999999952,2963
2026-07-20T15:45:00+00:00,1.3480699999999952,1.3484499999999953,1.3478199999999951,1.3481999999999952,2707
2026-07-20T16:00:00+00:00,1.3481999999999952,1.3486699999999952,1.347779999999995,1.3485299999999951,2599
2026-07-20T16:15:00+00:00,1.3485299999999951,1.3487699999999951,1.3480599999999952,1.3484399999999952,2282
2026-07-20T16:30:00+00:00,1.3484399999999952,1.3485499999999953,1.3476399999999953,1.3481599999999951,2842
2026-07-20T16:45:00+00:00,1.3481599999999951,1.3484899999999953,1.3478899999999951,1.3484699999999952,2143
2026-07-20T17:00:00+00:00,1.3484699999999952,1.3489599999999953,1.348289999999995,1.3484199999999953,2875
2026-07-20T17:15:00+00:00,1.3484199999999953,1.3494199999999952,1.3483299999999951,1.3493499999999952,2067
2026-07-20T17:30:00+00:00,1.3493499999999952,1.3494699999999953,1.3490199999999952,1.3493799999999951,1528
2026-07-20T17:45:00+00:00,1.3493799999999951,1.3496899999999952,1.3493099999999951,1.3495399999999953,2188
2026-07-20T18:00:00+00:00,1.3495399999999953,1.3500599999999952,1.3495299999999952,1.3500399999999952,1820
2026-07-20T18:15:00+00:00,1.3500399999999952,1.3503799999999953,1.349949999999995,1.3501299999999952,2316
2026-07-20T18:30:00+00:00,1.3501299999999952,1.3501499999999953,1.3497499999999951,1.349779999999995,2024
2026-07-20T18:45:00+00:00,1.349779999999995,1.3500399999999952,1.349609999999995,1.3500199999999951,2447
2026-07-20T19:00:00+00:00,1.3500199999999951,1.3500799999999953,1.3496399999999953,1.3496699999999953,2600
2026-07-20T19:15:00+00:00,1.3496699999999953,1.350289999999995,1.3495999999999952,1.3501899999999951,2580
2026-07-20T19:30:00+00:00,1.3501899999999951,1.3503299999999951,1.3500899999999951,1.3501299999999952,2287
2026-07-20T19:45:00+00:00,1.3501299999999952,1.3502599999999951,1.3498099999999953,1.3499299999999952,2062
2026-07-20T20:00:00+00:00,1.3499299999999952,1.350119999999995,1.3495299999999952,1.3495399999999953,1762
2026-07-20T20:15:00+00:00,1.3495399999999953,1.3495599999999952,1.3493099999999951,1.3494799999999951,769
2026-07-20T20:30:00+00:00,1.3494799999999951,1.3495899999999952,1.3493599999999952,1.3493599999999952,748
2026-07-20T20:45:00+00:00,1.3493599999999952,1.3495399999999953,1.3493499999999952,1.3495399999999953,535
2026-07-20T21:00:00+00:00,1.3495399999999953,1.3498999999999954,1.348729999999995,1.3497099999999953,56.52632158303622
2026-07-20T21:15:00+00:00,1.3497099999999953,1.3500899999999951,1.3493499999999952,1.3493999999999953,251.229033290123
2026-07-20T21:30:00+00:00,1.3493999999999953,1.3495499999999951,1.3493999999999953,1.3495499999999951,432
2026-07-20T21:45:00+00:00,1.3495499999999951,1.3495699999999953,1.3492899999999952,1.3494899999999952,580
2026-07-20T22:00:00+00:00,1.3494899999999952,1.3498499999999953,1.3494899999999952,1.3497299999999952,806
2026-07-20T22:15:00+00:00,1.3497299999999952,1.3497899999999952,1.3495799999999953,1.3497099999999953,343
2026-07-20T22:30:00+00:00,1.3497099999999953,1.3497699999999953,1.3496999999999952,1.3497499999999951,255
2026-07-20T22:45:00+00:00,1.3497499999999951,1.3499899999999951,1.3497399999999953,1.3499499999999953,567
2026-07-20T23:00:00+00:00,1.3499499999999953,1.3501799999999953,1.3499199999999951,1.3500999999999952,437
2026-07-20T23:15:00+00:00,1.3500999999999952,1.3501599999999951,1.3500499999999953,1.3501299999999952,441
2026-07-20T23:30:00+00:00,1.3501299999999952,1.3502599999999951,1.3501099999999953,1.3501099999999953,522
2026-07-20T23:45:00+00:00,1.3501099999999953,1.3504999999999951,1.3500999999999952,1.3504599999999953,945
2026-07-21T00:00:00+00:00,1.3504599999999953,1.3506699999999952,1.3503299999999951,1.3504199999999953,3278
2026-07-21T00:15:00+00:00,1.3504199999999953,1.3504499999999953,1.3501299999999952,1.3501699999999952,2187
2026-07-21T00:30:00+00:00,1.3501699999999952,1.3505299999999951,1.3500199999999953,1.3505099999999952,2527
2026-07-21T00:45:00+00:00,1.3505099999999952,1.3508299999999953,1.3504299999999951,1.3504599999999953,2539
2026-07-21T01:00:00+00:00,1.3504599999999953,1.3507699999999951,1.3503299999999951,1.3505999999999951,2187
2026-07-21T01:15:00+00:00,1.3505999999999951,1.3510299999999953,1.3505599999999953,1.3507799999999952,3293
2026-07-21T01:30:00+00:00,1.3507799999999952,1.3509999999999953,1.3505899999999953,1.3509599999999953,2975
2026-07-21T01:45:00+00:00,1.3509599999999953,1.3510399999999951,1.3507799999999952,1.3508299999999953,2703
2026-07-21T02:00:00+00:00,1.3508299999999953,1.3511699999999953,1.3508099999999952,1.3509499999999952,2878
2026-07-21T02:15:00+00:00,1.3509499999999952,1.3511699999999953,1.3507499999999952,1.3507599999999953,2449
2026-07-21T02:30:00+00:00,1.3507599999999953,1.3510499999999952,1.3507399999999952,1.3508099999999952,2157
2026-07-21T02:45:00+00:00,1.3508099999999952,1.3508099999999952,1.3503799999999953,1.3504599999999953,1891
2026-07-21T03:00:00+00:00,1.3504599999999953,1.3505799999999952,1.3502599999999951,1.3504299999999951,2090
2026-07-21T03:15:00+00:00,1.3504299999999951,1.3507799999999952,1.3503899999999953,1.3507599999999953,2504
2026-07-21T03:30:00+00:00,1.3507599999999953,1.3509999999999953,1.3507399999999952,1.3509699999999951,1501
2026-07-21T03:45:00+00:00,1.3509699999999951,1.3512999999999953,1.3509599999999953,1.3509799999999952,1441
2026-07-21T04:00:00+00:00,1.3509799999999952,1.3511699999999953,1.3509099999999952,1.3510499999999952,1643
2026-07-21T04:15:00+00:00,1.3510499999999952,1.3511299999999953,1.3509899999999953,1.3510199999999952,1580
2026-07-21T04:30:00+00:00,1.3510199999999952,1.3513199999999952,1.3509799999999952,1.3512999999999953,1395
2026-07-21T04:45:00+00:00,1.3512999999999953,1.3514099999999953,1.3512299999999953,1.3513399999999953,1874
2026-07-21T05:00:00+00:00,1.3513399999999953,1.3516399999999953,1.3512299999999953,1.3512399999999953,2115
2026-07-21T05:15:00+00:00,1.3512399999999953,1.3514099999999953,1.3511899999999952,1.3513599999999952,1992
2026-07-21T05:30:00+00:00,1.3513599999999952,1.3519799999999953,1.3513399999999953,1.3519399999999953,2528
2026-07-21T05:45:00+00:00,1.3519399999999953,1.3519499999999953,1.3515199999999952,1.3515199999999952,2460
2026-07-21T06:00:00+00:00,1.3515199999999952,1.3523299999999951,1.3514199999999952,1.3521699999999952,2387
2026-07-21T06:15:00+00:00,1.3521699999999952,1.3524199999999953,1.3519299999999952,1.3520699999999952,4011
2026-07-21T06:30:00+00:00,1.3520699999999952,1.3524799999999952,1.3519399999999953,1.3524599999999953,3587
2026-07-21T06:45:00+00:00,1.3524599999999953,1.3526299999999953,1.3520299999999952,1.3521299999999952,4317
2026-07-21T07:00:00+00:00,1.3521299999999952,1.3528899999999953,1.3520199999999953,1.3522099999999952,3672
2026-07-21T07:15:00+00:00,1.3522099999999952,1.3522799999999953,1.3517299999999952,1.3517799999999953,3132
2026-07-21T07:30:00+00:00,1.3517799999999953,1.3517799999999953,1.3509799999999952,1.3510899999999952,2772
2026-07-21T07:45:00+00:00,1.3510899999999952,1.3514599999999952,1.3510499999999952,1.3513899999999952,2600
2026-07-21T08:00:00+00:00,1.3513899999999952,1.3519599999999952,1.3512899999999952,1.3518599999999952,2879
2026-07-21T08:15:00+00:00,1.3518599999999952,1.3521799999999953,1.3510299999999953,1.3510299999999953,3017
2026-07-21T08:30:00+00:00,1.3510299999999953,1.3510299999999953,1.3500399999999952,1.3506299999999953,2621
2026-07-21T08:45:00+00:00,1.3506299999999953,1.3507299999999953,1.3502299999999952,1.3502299999999952,1683
2026-07-21T09:00:00+00:00,1.3502299999999952,1.3503199999999953,1.3498299999999952,1.3501099999999953,1611
2026-07-21T09:15:00+00:00,1.3501099999999953,1.3503499999999953,1.3498199999999951,1.3498299999999952,1917
2026-07-21T09:30:00+00:00,1.3498299999999952,1.3507099999999952,1.3498199999999951,1.3501499999999953,1764
2026-07-21T09:45:00+00:00,1.3501499999999953,1.3504699999999952,1.3499999999999952,1.3500599999999952,1863
2026-07-21T10:00:00+00:00,1.3500599999999952,1.3507299999999953,1.3498099999999953,1.3504299999999951,2854
2026-07-21T10:15:00+00:00,1.3504299999999951,1.3504599999999953,1.3499299999999952,1.3501299999999952,2337
2026-07-21T10:30:00+00:00,1.3501299999999952,1.3503299999999951,1.3493099999999951,1.3494499999999952,1651
2026-07-21T10:45:00+00:00,1.3494499999999952,1.3495299999999952,1.3487199999999953,1.3489999999999953,2663
2026-07-21T11:00:00+00:00,1.3489999999999953,1.3494199999999952,1.3480899999999951,1.3483099999999952,2875
2026-07-21T11:15:00+00:00,1.3483099999999952,1.3484699999999952,1.3480099999999953,1.3482399999999952,2143
2026-07-21T11:30:00+00:00,1.3482399999999952,1.3487699999999951,1.3480599999999952,1.3484599999999953,2343
2026-07-21T11:45:00+00:00,1.3484599999999953,1.3485799999999952,1.3475099999999953,1.3478599999999952,2333
2026-07-21T12:00:00+00:00,1.3478599999999952,1.3480399999999952,1.3469899999999952,1.3471399999999951,3543
2026-07-21T12:15:00+00:00,1.3471399999999951,1.3472499999999952,1.3456999999999952,1.3457999999999952,3600
2026-07-21T12:30:00+00:00,1.3457999999999952,1.3465499999999953,1.3457199999999951,1.3460899999999951,4122
2026-07-21T12:45:00+00:00,1.3460899999999951,1.3465899999999953,1.3455399999999953,1.3462099999999952,4220
2026-07-21T13:00:00+00:00,1.3462099999999952,1.3465899999999953,1.3455899999999952,1.3465699999999952,3895
2026-07-21T13:15:00+00:00,1.3465699999999952,1.3468399999999952,1.3450799999999952,1.3452699999999953,4345
2026-07-21T13:30:00+00:00,1.3452699999999953,1.3453799999999951,1.3432599999999952,1.3437499999999953,7024
2026-07-21T13:45:00+00:00,1.3437499999999953,1.3458699999999952,1.3437099999999953,1.3454799999999951,6289
2026-07-21T14:00:00+00:00,1.3454799999999951,1.3472599999999952,1.3452899999999952,1.3472299999999953,5146
2026-07-21T14:15:00+00:00,1.3472299999999953,1.3472299999999953,1.3458899999999951,1.3460299999999952,4902
2026-07-21T14:30:00+00:00,1.3460299999999952,1.3463599999999953,1.3449099999999952,1.3453599999999952,4253
2026-07-21T14:45:00+00:00,1.3453599999999952,1.3454199999999952,1.3439099999999953,1.3444799999999952,5909
2026-07-21T15:00:00+00:00,1.3444799999999952,1.3448899999999953,1.3441299999999952,1.3447399999999952,3396
2026-07-21T15:15:00+00:00,1.3447399999999952,1.3454999999999953,1.3447099999999952,1.3450699999999953,3059
2026-07-21T15:30:00+00:00,1.3450699999999953,1.3453299999999953,1.3447399999999952,1.3448999999999953,3123
2026-07-21T15:45:00+00:00,1.3448999999999953,1.3450199999999952,1.3444399999999952,1.3446299999999953,2509
2026-07-21T16:00:00+00:00,1.3446299999999953,1.3447799999999952,1.3442399999999952,1.3443899999999953,2231
2026-07-21T16:15:00+00:00,1.3443899999999953,1.3447499999999952,1.3442999999999952,1.3445999999999951,1881
2026-07-21T16:30:00+00:00,1.3445999999999951,1.3456599999999952,1.3444999999999951,1.3455999999999952,1755
2026-07-21T16:45:00+00:00,1.3455999999999952,1.3457499999999953,1.3453799999999951,1.3455699999999953,1522
2026-07-21T17:00:00+00:00,1.3455699999999953,1.3458399999999953,1.3453499999999952,1.3456299999999952,1815
2026-07-21T17:15:00+00:00,1.3456299999999952,1.3459799999999953,1.3455599999999952,1.3459799999999953,1104
2026-07-21T17:30:00+00:00,1.3459799999999953,1.3460199999999953,1.3457499999999953,1.3459199999999951,1020
2026-07-21T17:45:00+00:00,1.3459199999999951,1.3460699999999952,1.3457699999999952,1.3458099999999953,1078
2026-07-21T18:00:00+00:00,1.3458099999999953,1.3458199999999951,1.3449399999999951,1.3450499999999952,2076
2026-07-21T18:15:00+00:00,1.3450499999999952,1.3454599999999952,1.3448099999999952,1.3453299999999953,1673
2026-07-21T18:30:00+00:00,1.3453299999999953,1.3454199999999952,1.3448199999999952,1.3451899999999952,1676
2026-07-21T18:45:00+00:00,1.3451899999999952,1.3454599999999952,1.3450899999999952,1.3454499999999951,1236
2026-07-21T19:00:00+00:00,1.3454499999999951,1.3456099999999953,1.3452399999999953,1.3454099999999953,1713
2026-07-21T19:15:00+00:00,1.3454099999999953,1.3457799999999953,1.3454099999999953,1.3456999999999952,1593
2026-07-21T19:30:00+00:00,1.3456999999999952,1.3457199999999951,1.3453499999999952,1.3454199999999952,1297
2026-07-21T19:45:00+00:00,1.3454199999999952,1.3457999999999952,1.3452799999999951,1.3453599999999952,2133
2026-07-21T20:00:00+00:00,1.3453599999999952,1.3454099999999953,1.3451699999999953,1.3451799999999952,1941
2026-07-21T20:15:00+00:00,1.3451799999999952,1.3452699999999953,1.3449699999999953,1.3451999999999953,715
2026-07-21T20:30:00+00:00,1.3451999999999953,1.3452599999999952,1.3450999999999953,1.3450999999999953,896
2026-07-21T20:45:00+00:00,1.3450999999999953,1.3451799999999952,1.3446899999999953,1.3448799999999952,899
2026-07-21T21:00:00+00:00,1.3448799999999952,1.3448799999999952,1.3436699999999953,1.3443199999999953,162
2026-07-21T21:15:00+00:00,1.3443199999999953,1.3445699999999952,1.3439799999999953,1.3444699999999952,314
2026-07-21T21:30:00+00:00,1.3444699999999952,1.3450699999999953,1.3443399999999952,1.3447099999999952,1928
2026-07-21T21:45:00+00:00,1.3447099999999952,1.3450099999999952,1.3442699999999952,1.3447099999999952,3143
2026-07-21T22:00:00+00:00,1.3447099999999952,1.3450099999999952,1.3447099999999952,1.3448999999999953,569
2026-07-21T22:15:00+00:00,1.3448999999999953,1.3450999999999953,1.3448599999999953,1.3450199999999952,386
2026-07-21T22:30:00+00:00,1.3450199999999952,1.3450399999999951,1.3449299999999953,1.3449799999999952,283
2026-07-21T22:45:00+00:00,1.3449799999999952,1.3449799999999952,1.3447099999999952,1.3447099999999952,352
2026-07-21T23:00:00+00:00,1.3447099999999952,1.3448299999999953,1.3446899999999953,1.3447899999999953,367
2026-07-21T23:15:00+00:00,1.3447899999999953,1.3448199999999952,1.3446799999999952,1.3447199999999953,455
2026-07-21T23:30:00+00:00,1.3447199999999953,1.3448999999999953,1.3447099999999952,1.3448699999999951,645
2026-07-21T23:45:00+00:00,1.3448699999999951,1.3451999999999953,1.3448199999999952,1.3451899999999952,922
2026-07-22T00:00:00+00:00,1.3451899999999952,1.3455599999999952,1.3450999999999953,1.3455499999999951,2855
2026-07-22T00:15:00+00:00,1.3455499999999951,1.3459899999999951,1.3454799999999951,1.3459799999999953,2641
2026-07-22T00:30:00+00:00,1.3459799999999953,1.3460399999999952,1.3454199999999952,1.3454999999999953,2331
2026-07-22T00:45:00+00:00,1.3454999999999953,1.3459499999999953,1.3454199999999952,1.3458399999999953,2909
2026-07-22T01:00:00+00:00,1.3458399999999953,1.3461299999999952,1.3457799999999953,1.3460199999999953,2775
2026-07-22T01:15:00+00:00,1.3460199999999953,1.3460799999999953,1.3456099999999953,1.3457299999999952,2871
2026-07-22T01:30:00+00:00,1.3457299999999952,1.3457399999999953,1.3452799999999951,1.3455499999999951,2749
2026-07-22T01:45:00+00:00,1.3455499999999951,1.3457599999999952,1.3455299999999952,1.3456599999999952,2209
2026-07-22T02:00:00+00:00,1.3456599999999952,1.3458099999999953,1.3453799999999951,1.3457199999999951,2275
2026-07-22T02:15:00+00:00,1.3457199999999951,1.3463099999999952,1.3456599999999952,1.3461199999999953,2249
2026-07-22T02:30:00+00:00,1.3461199999999953,1.3461799999999953,1.3458599999999952,1.3459499999999953,2627
2026-07-22T02:45:00+00:00,1.3459499999999953,1.3460599999999951,1.3457899999999952,1.3458699999999952,2300
2026-07-22T03:00:00+00:00,1.3458699999999952,1.3459999999999952,1.3454899999999952,1.3456199999999952,2308
2026-07-22T03:15:00+00:00,1.3456199999999952,1.3460599999999951,1.3456099999999953,1.3460499999999953,1865
2026-07-22T03:30:00+00:00,1.3460499999999953,1.3460699999999952,1.3456799999999953,1.3457199999999951,2025
2026-07-22T03:45:00+00:00,1.3457199999999951,1.3458399999999953,1.3455699999999953,1.3456299999999952,2211
2026-07-22T04:00:00+00:00,1.3456299999999952,1.3456599999999952,1.3453899999999952,1.3455099999999953,2103
2026-07-22T04:15:00+00:00,1.3455099999999953,1.3456499999999951,1.3454299999999952,1.3455999999999952,1527
2026-07-22T04:30:00+00:00,1.3455999999999952,1.3458599999999952,1.3455699999999953,1.3458299999999952,1367
2026-07-22T04:45:00+00:00,1.3458299999999952,1.3458399999999953,1.3455799999999953,1.3457199999999951,1523
2026-07-22T05:00:00+00:00,1.3457199999999951,1.3459299999999952,1.3456799999999953,1.3457999999999952,2113
2026-07-22T05:15:00+00:00,1.3457999999999952,1.3459899999999951,1.3456699999999953,1.3456899999999952,2146
2026-07-22T05:30:00+00:00,1.3456899999999952,1.3457199999999951,1.3454199999999952,1.3454999999999953,3492
2026-07-22T05:45:00+00:00,1.3454999999999953,1.3457199999999951,1.3452599999999952,1.3452699999999953,2864
2026-07-22T06:00:00+00:00,1.3452699999999953,1.3464199999999953,1.3446299999999953,1.3457299999999952,3810
2026-07-22T06:15:00+00:00,1.3457299999999952,1.3457499999999953,1.3443499999999953,1.3444299999999951,5751
2026-07-22T06:30:00+00:00,1.3444299999999951,1.3448599999999953,1.3442599999999951,1.3447999999999953,2622
2026-07-22T06:45:00+00:00,1.3447999999999953,1.3453099999999951,1.3446099999999952,1.3452899999999952,3199
2026-07-22T07:00:00+00:00,1.3452899999999952,1.3458899999999951,1.3449699999999953,1.3457799999999953,4869
2026-07-22T07:15:00+00:00,1.3457799999999953,1.3463999999999952,1.3455599999999952,1.3459999999999952,3602
2026-07-22T07:30:00+00:00,1.3459999999999952,1.3468599999999953,1.3449899999999952,1.3452799999999951,5379
2026-07-22T07:45:00+00:00,1.3452799999999951,1.3458099999999953,1.3448899999999953,1.3455599999999952,3535
2026-07-22T08:00:00+00:00,1.3455599999999952,1.3456999999999952,1.3447699999999951,1.3447899999999953,3668
2026-07-22T08:15:00+00:00,1.3447899999999953,1.3453599999999952,1.3446399999999952,1.3450899999999952,2925
2026-07-22T08:30:00+00:00,1.3450899999999952,1.3457199999999951,1.3450499999999952,1.3454199999999952,4149
2026-07-22T08:45:00+00:00,1.3454199999999952,1.3454299999999952,1.3444899999999953,1.3446899999999953,2896
2026-07-22T09:00:00+00:00,1.3446899999999953,1.3448199999999952,1.3441499999999953,1.3442299999999952,2987
2026-07-22T09:15:00+00:00,1.3442299999999952,1.3445499999999952,1.3440499999999953,1.3443299999999951,2517
2026-07-22T09:30:00+00:00,1.3443299999999951,1.3447499999999952,1.3441999999999952,1.3444099999999952,2711
2026-07-22T09:45:00+00:00,1.3444099999999952,1.3445299999999951,1.3439799999999953,1.3442599999999951,3225
2026-07-22T10:00:00+00:00,1.3442599999999951,1.3445699999999952,1.3439799999999953,1.3444199999999953,3585
2026-07-22T10:15:00+00:00,1.3444199999999953,1.3447999999999953,1.3442199999999953,1.3442299999999952,3041
2026-07-22T10:30:00+00:00,1.3442299999999952,1.3443399999999952,1.3438899999999951,1.3440599999999951,2161
2026-07-22T10:45:00+00:00,1.3440599999999951,1.3446299999999953,1.3439599999999952,1.3441899999999953,2519
2026-07-22T11:00:00+00:00,1.3441899999999953,1.3446199999999953,1.3441499999999953,1.3442299999999952,3358
2026-07-22T11:15:00+00:00,1.3442299999999952,1.3443899999999953,1.3436899999999952,1.3439299999999952,3460
2026-07-22T11:30:00+00:00,1.3439299999999952,1.3442899999999953,1.3436799999999953,1.3440799999999953,3787
2026-07-22T11:45:00+00:00,1.3440799999999953,1.3443599999999953,1.3438799999999953,1.3440599999999951,3216
2026-07-22T12:00:00+00:00,1.3440599999999951,1.3443799999999952,1.3438799999999953,1.3443599999999953,3064
2026-07-22T12:15:00+00:00,1.3443599999999953,1.3443899999999953,1.3438999999999952,1.3441699999999952,2873
2026-07-22T12:30:00+00:00,1.3441699999999952,1.3445999999999951,1.3438999999999952,1.3440999999999952,2967
2026-07-22T12:45:00+00:00,1.3440999999999952,1.3441399999999952,1.3427499999999952,1.3432299999999953,3909
2026-07-22T13:00:00+00:00,1.3432299999999953,1.3440899999999951,1.3432299999999953,1.3438899999999951,3769
2026-07-22T13:15:00+00:00,1.3438899999999951,1.3453199999999952,1.3437299999999952,1.3449899999999952,3755
2026-07-22T13:30:00+00:00,1.3449899999999952,1.3462899999999953,1.3449899999999952,1.3459699999999952,4870
2026-07-22T13:45:00+00:00,1.3459699999999952,1.3461799999999953,1.3454699999999953,1.3459999999999952,4126
2026-07-22T14:00:00+00:00,1.3459999999999952,1.3463999999999952,1.3455599999999952,1.3461999999999952,4169
2026-07-22T14:15:00+00:00,1.3461999999999952,1.3464099999999952,1.3453599999999952,1.3455599999999952,3823
2026-07-22T14:30:00+00:00,1.3455599999999952,1.3457799999999953,1.3451399999999951,1.3452499999999952,3734
2026-07-22T14:45:00+00:00,1.3452499999999952,1.3454299999999952,1.3445299999999951,1.3447499999999952,4199
2026-07-22T15:00:00+00:00,1.3447499999999952,1.3452599999999952,1.3445899999999953,1.3449499999999952,3177
2026-07-22T15:15:00+00:00,1.3449499999999952,1.3452599999999952,1.3445499999999952,1.3451599999999952,2460
2026-07-22T15:30:00+00:00,1.3451599999999952,1.3452099999999951,1.3444599999999953,1.3448699999999951,3697
2026-07-22T15:45:00+00:00,1.3448699999999951,1.3453899999999952,1.3446899999999953,1.3449399999999951,3775
2026-07-22T16:00:00+00:00,1.3449399999999951,1.3449599999999953,1.3441199999999953,1.3441999999999952,2854
2026-07-22T16:15:00+00:00,1.3441999999999952,1.3444499999999953,1.3438799999999953,1.3444299999999951,2494
2026-07-22T16:30:00+00:00,1.3444299999999951,1.3446399999999952,1.3440699999999952,1.3443799999999952,1979
2026-07-22T16:45:00+00:00,1.3443799999999952,1.3447399999999952,1.3441899999999953,1.3446099999999952,2239
2026-07-22T17:00:00+00:00,1.3446099999999952,1.3447499999999952,1.3444099999999952,1.3444299999999951,1803
2026-07-22T17:15:00+00:00,1.3444299999999951,1.3447099999999952,1.3443799999999952,1.3446199999999953,2041
2026-07-22T17:30:00+00:00,1.3446199999999953,1.3446199999999953,1.3441899999999953,1.3444199999999953,1547
2026-07-22T17:45:00+00:00,1.3444199999999953,1.3446699999999951,1.3442999999999952,1.3444699999999952,1482
2026-07-22T18:00:00+00:00,1.3444699999999952,1.3446099999999952,1.3441999999999952,1.3442899999999953,1537
2026-07-22T18:15:00+00:00,1.3442899999999953,1.3446199999999953,1.3442799999999953,1.3446099999999952,1832
2026-07-22T18:30:00+00:00,1.3446099999999952,1.3446499999999952,1.3443899999999953,1.3445899999999953,1964
2026-07-22T18:45:00+00:00,1.3445899999999953,1.3448899999999953,1.3445799999999952,1.3447099999999952,1711
2026-07-22T19:00:00+00:00,1.3447099999999952,1.3447999999999953,1.3444599999999953,1.3444599999999953,1468
2026-07-22T19:15:00+00:00,1.3444599999999953,1.3446299999999953,1.3444099999999952,1.3445899999999953,1130
2026-07-22T19:30:00+00:00,1.3445899999999953,1.3446299999999953,1.3444499999999953,1.3445799999999952,1176
2026-07-22T19:45:00+00:00,1.3445799999999952,1.3447299999999953,1.3443799999999952,1.3446699999999951,1970
2026-07-22T20:00:00+00:00,1.3446699999999951,1.3450299999999953,1.3446399999999952,1.3449599999999953,2090
2026-07-22T20:15:00+00:00,1.3449599999999953,1.3449999999999953,1.3448899999999953,1.3449299999999953,698
2026-07-22T20:30:00+00:00,1.3449299999999953,1.3449499999999952,1.3447399999999952,1.3449199999999952,883
2026-07-22T20:45:00+00:00,1.3449199999999952,1.3449299999999953,1.3446999999999951,1.3446999999999951,1078
2026-07-22T21:00:00+00:00,1.3446999999999951,1.3448099999999952,1.3443899999999953,1.3443899999999953,33.98327947152823
2026-07-22T21:15:00+00:00,1.3443899999999953,1.3448699999999953,1.3436499999999951,1.343679999999995,202.2469216546438
2026-07-22T21:30:00+00:00,1.343679999999995,1.3438299999999952,1.343229999999995,1.3432499999999952,511
2026-07-22T21:45:00+00:00,1.3432499999999952,1.343979999999995,1.343199999999995,1.3439699999999952,1014
2026-07-22T22:00:00+00:00,1.3439699999999952,1.3443599999999951,1.3438299999999952,1.343849999999995,325
2026-07-22T22:15:00+00:00,1.343849999999995,1.3439599999999952,1.3437599999999952,1.343869999999995,270.4981862152358
2026-07-22T22:30:00+00:00,1.343869999999995,1.3439199999999951,1.3436499999999951,1.3437499999999951,302
2026-07-22T22:45:00+00:00,1.3437499999999951,1.343979999999995,1.3437199999999951,1.3439699999999952,489
2026-07-22T23:00:00+00:00,1.3439699999999952,1.3442099999999952,1.3439699999999952,1.344189999999995,603.2602100350058
2026-07-22T23:15:00+00:00,1.344189999999995,1.3442799999999953,1.3441599999999951,1.3441999999999952,530
2026-07-22T23:30:00+00:00,1.3441999999999952,1.3443999999999952,1.3441699999999952,1.344319999999995,599
2026-07-22T23:45:00+00:00,1.344319999999995,1.3445299999999951,1.3442599999999951,1.3444399999999952,922
2026-07-23T00:00:00+00:00,1.3444399999999952,1.3447199999999953,1.344289999999995,1.3443599999999951,2750
2026-07-23T00:15:00+00:00,1.3443599999999951,1.344659999999995,1.3442699999999952,1.3444099999999952,2519
2026-07-23T00:30:00+00:00,1.3444099999999952,1.3446699999999951,1.3444099999999952,1.344629999999995,1752
2026-07-23T00:45:00+00:00,1.344629999999995,1.3451199999999952,1.3443399999999952,1.345069999999995,2681
2026-07-23T01:00:00+00:00,1.345069999999995,1.345339999999995,1.3450399999999951,1.3450799999999952,3587
2026-07-23T01:15:00+00:00,1.3450799999999952,1.345169999999995,1.3449399999999951,1.344999999999995,2676
2026-07-23T01:30:00+00:00,1.344999999999995,1.3455699999999953,1.3449699999999951,1.3452299999999953,4525
2026-07-23T01:45:00+00:00,1.3452299999999953,1.345269999999995,1.3449499999999952,1.345099999999995,3164
2026-07-23T02:00:00+00:00,1.345099999999995,1.3454999999999953,1.3450799999999952,1.3453599999999952,2284
2026-07-23T02:15:00+00:00,1.3453599999999952,1.3454999999999953,1.3452499999999952,1.3453299999999953,2051
2026-07-23T02:30:00+00:00,1.3453299999999953,1.3457499999999951,1.3453099999999951,1.345709999999995,2894
2026-07-23T02:45:00+00:00,1.345709999999995,1.3459599999999952,1.3456599999999952,1.3458999999999952,1927
2026-07-23T03:00:00+00:00,1.3458999999999952,1.3461099999999953,1.3453899999999952,1.3453899999999952,2309
2026-07-23T03:15:00+00:00,1.3453899999999952,1.3459699999999952,1.3452999999999953,1.3459399999999953,2147
2026-07-23T03:30:00+00:00,1.3459399999999953,1.3460299999999952,1.345849999999995,1.3459799999999953,1435
2026-07-23T03:45:00+00:00,1.3459799999999953,1.3460899999999951,1.345779999999995,1.3458299999999952,2375
2026-07-23T04:00:00+00:00,1.3458299999999952,1.346289999999995,1.3457399999999953,1.3461699999999952,2533
2026-07-23T04:15:00+00:00,1.3461699999999952,1.3461899999999951,1.3456399999999953,1.3459699999999952,2224
2026-07-23T04:30:00+00:00,1.3459699999999952,1.3460699999999952,1.3457299999999952,1.3457599999999952,1731
2026-07-23T04:45:00+00:00,1.3457599999999952,1.3458999999999952,1.3453899999999952,1.3456499999999951,2130
2026-07-23T05:00:00+00:00,1.3456499999999951,1.345779999999995,1.3454799999999951,1.3454899999999952,2059
2026-07-23T05:15:00+00:00,1.3454899999999952,1.3454999999999953,1.345169999999995,1.3454799999999951,2354
2026-07-23T05:30:00+00:00,1.3454799999999951,1.3456699999999953,1.345439999999995,1.3455899999999952,2061
2026-07-23T05:45:00+00:00,1.3455899999999952,1.3457599999999952,1.345509999999995,1.3455299999999952,1996
2026-07-23T06:00:00+00:00,1.3455299999999952,1.346049999999995,1.345439999999995,1.345879999999995,2930
2026-07-23T06:15:00+00:00,1.345879999999995,1.3459799999999953,1.3455299999999952,1.345709999999995,4428
2026-07-23T06:30:00+00:00,1.345709999999995,1.345709999999995,1.344489999999995,1.3449699999999951,2605
2026-07-23T06:45:00+00:00,1.3449699999999951,1.3450899999999952,1.3445099999999952,1.344659999999995,2634
2026-07-23T07:00:00+00:00,1.344659999999995,1.3447199999999953,1.3440999999999952,1.3445799999999952,4321
2026-07-23T07:15:00+00:00,1.3445799999999952,1.3449599999999953,1.3443699999999952,1.3445899999999953,2747
2026-07-23T07:30:00+00:00,1.3445899999999953,1.3448599999999953,1.344049999999995,1.3441999999999952,3090
2026-07-23T07:45:00+00:00,1.3441999999999952,1.344319999999995,1.3436499999999951,1.3443099999999952,4378
2026-07-23T08:00:00+00:00,1.3443099999999952,1.3445899999999953,1.3439999999999952,1.344189999999995,3076
2026-07-23T08:15:00+00:00,1.344189999999995,1.3442099999999952,1.3434899999999952,1.343609999999995,4118
2026-07-23T08:30:00+00:00,1.343609999999995,1.3437599999999952,1.3430299999999953,1.3433299999999953,3247
2026-07-23T08:45:00+00:00,1.3433299999999953,1.3439599999999952,1.3433099999999951,1.3437999999999952,3017
2026-07-23T09:00:00+00:00,1.3437999999999952,1.3443699999999952,1.3436599999999952,1.3436899999999952,2820
2026-07-23T09:15:00+00:00,1.3436899999999952,1.3440899999999951,1.3436299999999952,1.3436999999999952,1924
2026-07-23T09:30:00+00:00,1.3436999999999952,1.3447199999999953,1.3435699999999953,1.3445899999999953,2762
2026-07-23T09:45:00+00:00,1.3445899999999953,1.3446199999999953,1.3440099999999953,1.3441799999999953,3054
2026-07-23T10:00:00+00:00,1.3441799999999953,1.3442999999999952,1.3436999999999952,1.3440099999999953,4309
2026-07-23T10:15:00+00:00,1.3440099999999953,1.344119999999995,1.343609999999995,1.3438099999999953,2873
2026-07-23T10:30:00+00:00,1.3438099999999953,1.3440699999999952,1.343439999999995,1.3435299999999952,3545
2026-07-23T10:45:00+00:00,1.3435299999999952,1.3440899999999951,1.3430599999999953,1.343709999999995,4202
2026-07-23T11:00:00+00:00,1.343709999999995,1.3438699999999952,1.3433099999999951,1.3436599999999952,2979
2026-07-23T11:15:00+00:00,1.3436599999999952,1.3436899999999952,1.3425499999999952,1.342829999999995,3375
2026-07-23T11:30:00+00:00,1.342829999999995,1.3428699999999951,1.3409499999999952,1.3415399999999953,5736
2026-07-23T11:45:00+00:00,1.3415399999999953,1.3426199999999953,1.3415399999999953,1.342489999999995,5264
2026-07-23T12:00:00+00:00,1.342489999999995,1.3425499999999952,1.3418099999999953,1.3422699999999952,3077
2026-07-23T12:15:00+00:00,1.3422699999999952,1.3423599999999951,1.3409599999999953,1.3415499999999951,3789
2026-07-23T12:30:00+00:00,1.3415499999999951,1.3416599999999952,1.3406199999999953,1.340899999999995,4608
2026-07-23T12:45:00+00:00,1.340899999999995,1.3413099999999951,1.3404399999999952,1.3411899999999952,6049
2026-07-23T13:00:00+00:00,1.3411899999999952,1.3412299999999953,1.3396199999999951,1.3397599999999952,6772
2026-07-23T13:15:00+00:00,1.3397599999999952,1.3405999999999951,1.339679999999995,1.3405199999999953,5584
2026-07-23T13:30:00+00:00,1.3405199999999953,1.3414299999999952,1.3403699999999952,1.3405799999999952,8023
2026-07-23T13:45:00+00:00,1.3405799999999952,1.3409399999999951,1.3396399999999953,1.339779999999995,5069
2026-07-23T14:00:00+00:00,1.339779999999995,1.3400999999999952,1.339099999999995,1.3397899999999952,6465
2026-07-23T14:15:00+00:00,1.3397899999999952,1.3399299999999952,1.3389599999999953,1.339609999999995,6243
2026-07-23T14:30:00+00:00,1.339609999999995,1.3399199999999951,1.3387699999999951,1.3387699999999951,5387
2026-07-23T14:45:00+00:00,1.3387699999999951,1.3390299999999953,1.338189999999995,1.3389299999999953,5868
2026-07-23T15:00:00+00:00,1.3389299999999953,1.3393999999999953,1.3384299999999951,1.3387899999999953,5523
2026-07-23T15:15:00+00:00,1.3387899999999953,1.3389899999999952,1.3375899999999952,1.3376999999999952,5964
2026-07-23T15:30:00+00:00,1.3376999999999952,1.3382999999999952,1.3368399999999951,1.3378299999999952,6205
2026-07-23T15:45:00+00:00,1.3378299999999952,1.3381499999999953,1.3375499999999951,1.3379899999999951,4424
2026-07-23T16:00:00+00:00,1.3379899999999951,1.3389799999999952,1.3379599999999952,1.3388699999999951,3425
2026-07-23T16:15:00+00:00,1.3388699999999951,1.3390199999999952,1.3382499999999953,1.338969999999995,3318
2026-07-23T16:30:00+00:00,1.338969999999995,1.339339999999995,1.3385499999999952,1.3392899999999952,3387
2026-07-23T16:45:00+00:00,1.3392899999999952,1.3395199999999952,1.3392499999999952,1.3393199999999952,2626
2026-07-23T17:00:00+00:00,1.3393199999999952,1.3394299999999952,1.3388799999999952,1.3389099999999952,2418
2026-07-23T17:15:00+00:00,1.3389099999999952,1.339239999999995,1.338899999999995,1.3389499999999952,2055
2026-07-23T17:30:00+00:00,1.3389499999999952,1.3389899999999952,1.3385799999999952,1.3386199999999953,2769
2026-07-23T17:45:00+00:00,1.3386199999999953,1.3388699999999951,1.338289999999995,1.3383199999999953,2665
2026-07-23T18:00:00+00:00,1.3383199999999953,1.3387799999999952,1.3382699999999952,1.3385199999999953,1862
2026-07-23T18:15:00+00:00,1.3385199999999953,1.3387099999999952,1.338289999999995,1.3386399999999952,3326
2026-07-23T18:30:00+00:00,1.3386399999999952,1.3388199999999952,1.3383199999999953,1.3384099999999952,2983
2026-07-23T18:45:00+00:00,1.3384099999999952,1.3386399999999952,1.3383099999999952,1.3385999999999951,2322
2026-07-23T19:00:00+00:00,1.3385999999999951,1.3388699999999951,1.338189999999995,1.338189999999995,1146
2026-07-23T19:15:00+00:00,1.338189999999995,1.3385899999999953,1.3380899999999951,1.3385899999999953,1673
2026-07-23T19:30:00+00:00,1.3385899999999953,1.3389199999999952,1.3383999999999951,1.3384199999999953,2155
2026-07-23T19:45:00+00:00,1.3384199999999953,1.3387799999999952,1.338359999999995,1.3386399999999952,1722
2026-07-23T20:00:00+00:00,1.3386399999999952,1.3388699999999951,1.3386199999999953,1.3386399999999952,885
2026-07-23T20:15:00+00:00,1.3386399999999952,1.3386499999999952,1.338459999999995,1.3385899999999953,716
2026-07-23T20:30:00+00:00,1.3385899999999953,1.3386899999999953,1.3384399999999952,1.3384999999999951,528
2026-07-23T20:45:00+00:00,1.3384999999999951,1.3385999999999951,1.3383399999999952,1.3383399999999952,789
2026-07-23T21:00:00+00:00,1.3383399999999952,1.338479999999995,1.3366199999999953,1.337709999999995,148.6948715539287
2026-07-23T21:15:00+00:00,1.337709999999995,1.3384699999999952,1.337639999999995,1.3383299999999951,207
2026-07-23T21:30:00+00:00,1.3383299999999951,1.338519999999995,1.337739999999995,1.337979999999995,784
2026-07-23T21:45:00+00:00,1.337979999999995,1.3382599999999951,1.3374499999999951,1.338189999999995,1327
2026-07-23T22:00:00+00:00,1.338189999999995,1.338859999999995,1.338189999999995,1.3383399999999952,352
2026-07-23T22:15:00+00:00,1.3383399999999952,1.338489999999995,1.338249999999995,1.3382999999999952,244
2026-07-23T22:30:00+00:00,1.3382999999999952,1.338389999999995,1.3382299999999951,1.338379999999995,350
2026-07-23T22:45:00+00:00,1.338379999999995,1.338519999999995,1.3383699999999952,1.3384999999999951,306
2026-07-23T23:00:00+00:00,1.3384999999999951,1.338519999999995,1.3383099999999952,1.3383099999999952,372
2026-07-23T23:15:00+00:00,1.3383099999999952,1.338489999999995,1.3383099999999952,1.3384699999999952,311.1015185121993
2026-07-23T23:30:00+00:00,1.3384699999999952,1.3385499999999952,1.3381699999999952,1.3382699999999952,590
2026-07-23T23:45:00+00:00,1.3382699999999952,1.3384799999999952,1.3380599999999951,1.3381799999999953,1672
2026-07-24T00:00:00+00:00,1.3381799999999953,1.3386899999999953,1.3380599999999951,1.338489999999995,3534
2026-07-24T00:15:00+00:00,1.338489999999995,1.338729999999995,1.3383999999999951,1.3386099999999952,2556
2026-07-24T00:30:00+00:00,1.3386099999999952,1.3386799999999952,1.3383799999999952,1.3383999999999951,1867
2026-07-24T00:45:00+00:00,1.3383999999999951,1.339409999999995,1.3383299999999951,1.339409999999995,2470
2026-07-24T01:00:00+00:00,1.339409999999995,1.3396199999999951,1.3391899999999952,1.3393199999999952,3038
2026-07-24T01:15:00+00:00,1.3393199999999952,1.339409999999995,1.338969999999995,1.338969999999995,2938
2026-07-24T01:30:00+00:00,1.338969999999995,1.3395299999999952,1.3388899999999953,1.3394999999999953,2649
2026-07-24T01:45:00+00:00,1.3394999999999953,1.3394999999999953,1.3389899999999952,1.3390399999999951,1949
2026-07-24T02:00:00+00:00,1.3390399999999951,1.3391399999999951,1.3387499999999952,1.338999999999995,2354
2026-07-24T02:15:00+00:00,1.338999999999995,1.3390499999999952,1.3387699999999951,1.3388899999999953,1721
2026-07-24T02:30:00+00:00,1.3388899999999953,1.3391999999999953,1.3387899999999953,1.3388099999999952,1987
2026-07-24T02:45:00+00:00,1.3388099999999952,1.3388199999999952,1.3383699999999952,1.3383799999999952,2094
2026-07-24T03:00:00+00:00,1.3383799999999952,1.3384199999999953,1.3380599999999951,1.3381399999999952,1673
2026-07-24T03:15:00+00:00,1.3381399999999952,1.3382499999999953,1.338049999999995,1.3380999999999952,1839
2026-07-24T03:30:00+00:00,1.3380999999999952,1.3384399999999952,1.3380699999999952,1.338359999999995,1571
2026-07-24T03:45:00+00:00,1.338359999999995,1.338459999999995,1.3382599999999951,1.3383699999999952,1365
2026-07-24T04:00:00+00:00,1.3383699999999952,1.3384499999999953,1.3382699999999952,1.338359999999995,1269
2026-07-24T04:15:00+00:00,1.338359999999995,1.3384399999999952,1.3381499999999953,1.3381499999999953,1205
2026-07-24T04:30:00+00:00,1.3381499999999953,1.3382299999999951,1.3378399999999953,1.337849999999995,977
2026-07-24T04:45:00+00:00,1.337849999999995,1.3379999999999952,1.337579999999995,1.3379899999999951,1298
2026-07-24T05:00:00+00:00,1.3379899999999951,1.3382699999999952,1.3378899999999951,1.3381599999999951,2035
2026-07-24T05:15:00+00:00,1.3381599999999951,1.3384499999999953,1.3380799999999953,1.3383499999999953,1681
2026-07-24T05:30:00+00:00,1.3383499999999953,1.3385999999999951,1.3383399999999952,1.3383999999999951,2228
2026-07-24T05:45:00+00:00,1.3383999999999951,1.338489999999995,1.3377299999999952,1.3377299999999952,1976
2026-07-24T06:00:00+00:00,1.3377299999999952,1.3382699999999952,1.3377099999999953,1.3381799999999953,2661
2026-07-24T06:15:00+00:00,1.3381799999999953,1.3392599999999952,1.3381399999999952,1.3390299999999953,2892
2026-07-24T06:30:00+00:00,1.3390299999999953,1.3394199999999952,1.3388199999999952,1.3390299999999953,2439
2026-07-24T06:45:00+00:00,1.3390299999999953,1.3395399999999953,1.3388599999999953,1.3395299999999952,3366
2026-07-24T07:00:00+00:00,1.3395299999999952,1.3408099999999952,1.3392099999999951,1.3406899999999953,3253
2026-07-24T07:15:00+00:00,1.3406899999999953,1.3411199999999952,1.3400699999999952,1.3409399999999951,2772
2026-07-24T07:30:00+00:00,1.3409399999999951,1.3413799999999951,1.3400799999999953,1.3401799999999953,3573
2026-07-24T07:45:00+00:00,1.3401799999999953,1.340729999999995,1.3399599999999952,1.3405099999999952,2769
2026-07-24T08:00:00+00:00,1.3405099999999952,1.340659999999995,1.3399899999999951,1.340559999999995,3305
2026-07-24T08:15:00+00:00,1.340559999999995,1.340559999999995,1.339679999999995,1.3401299999999952,2685
2026-07-24T08:30:00+00:00,1.3401299999999952,1.3404399999999952,1.3395599999999952,1.339709999999995,2696
2026-07-24T08:45:00+00:00,1.339709999999995,1.3397499999999951,1.3389599999999953,1.339069999999995,3393
2026-07-24T09:00:00+00:00,1.339069999999995,1.3391599999999952,1.3384499999999953,1.3384699999999952,2589
2026-07-24T09:15:00+00:00,1.3384699999999952,1.3388799999999952,1.3382399999999952,1.338829999999995,2106
2026-07-24T09:30:00+00:00,1.338829999999995,1.3391599999999952,1.338659999999995,1.3388399999999951,2208
2026-07-24T09:45:00+00:00,1.3388399999999951,1.3389799999999952,1.3383399999999952,1.3388699999999951,2372
2026-07-24T10:00:00+00:00,1.3388699999999951,1.3389299999999953,1.3382799999999953,1.3385799999999952,3184
2026-07-24T10:15:00+00:00,1.3385799999999952,1.3398099999999953,1.3385199999999953,1.3394799999999951,3727
2026-07-24T10:30:00+00:00,1.3394799999999951,1.3398099999999953,1.3393699999999953,1.339409999999995,2088
2026-07-24T10:45:00+00:00,1.339409999999995,1.3395899999999952,1.3388499999999952,1.339169999999995,2833
2026-07-24T11:00:00+00:00,1.339169999999995,1.3397499999999951,1.3389499999999952,1.3397399999999953,2593
2026-07-24T11:15:00+00:00,1.3397399999999953,1.3397499999999951,1.3393499999999952,1.3394299999999952,1824
2026-07-24T11:30:00+00:00,1.3394299999999952,1.3394799999999951,1.3389499999999952,1.3391299999999953,2313
2026-07-24T11:45:00+00:00,1.3391299999999953,1.339439999999995,1.3383499999999953,1.3392499999999952,4698
2026-07-24T12:00:00+00:00,1.3392499999999952,1.3395299999999952,1.3387199999999952,1.3393899999999952,3656
2026-07-24T12:15:00+00:00,1.3393899999999952,1.3393999999999953,1.3383499999999953,1.338559999999995,3053
2026-07-24T12:30:00+00:00,1.338559999999995,1.3386499999999952,1.3376599999999952,1.3378399999999953,3076
2026-07-24T12:45:00+00:00,1.3378399999999953,1.3382799999999953,1.3375199999999952,1.337949999999995,3038
2026-07-24T13:00:00+00:00,1.337949999999995,1.3383999999999951,1.3375399999999953,1.3381399999999952,3786
2026-07-24T13:15:00+00:00,1.3381399999999952,1.3387799999999952,1.3380299999999952,1.3387699999999951,2896
2026-07-24T13:30:00+00:00,1.3387699999999951,1.338969999999995,1.338289999999995,1.338799999999995,4234
2026-07-24T13:45:00+00:00,1.338799999999995,1.3396299999999952,1.3384499999999953,1.3394599999999952,3126
2026-07-24T14:00:00+00:00,1.3394599999999952,1.3398999999999952,1.3389199999999952,1.3394599999999952,4233
2026-07-24T14:15:00+00:00,1.3394599999999952,1.3400899999999951,1.3390399999999951,1.3395399999999953,4702
2026-07-24T14:30:00+00:00,1.3395399999999953,1.339849999999995,1.339339999999995,1.3394699999999953,3284
2026-07-24T14:45:00+00:00,1.3394699999999953,1.3404099999999952,1.339339999999995,1.3396199999999951,4826
2026-07-24T15:00:00+00:00,1.3396199999999951,1.341509999999995,1.3393899999999952,1.3412599999999952,5971
2026-07-24T15:15:00+00:00,1.3412599999999952,1.341849999999995,1.3408399999999951,1.3412299999999953,5604
2026-07-24T15:30:00+00:00,1.3412299999999953,1.3414599999999952,1.3407499999999952,1.340929999999995,3752
2026-07-24T15:45:00+00:00,1.340929999999995,1.3413499999999952,1.3408799999999952,1.3411299999999953,2750
2026-07-24T16:00:00+00:00,1.3411299999999953,1.3414199999999952,1.340929999999995,1.3413299999999952,2102
2026-07-24T16:15:00+00:00,1.3413299999999952,1.3414799999999951,1.340929999999995,1.3409899999999952,1659
2026-07-24T16:30:00+00:00,1.3409899999999952,1.341069999999995,1.3405299999999951,1.3405499999999952,2023
2026-07-24T16:45:00+00:00,1.3405499999999952,1.340559999999995,1.3400699999999952,1.3401999999999952,1889
2026-07-24T17:00:00+00:00,1.3401999999999952,1.3402399999999952,1.3393199999999952,1.3395199999999952,3220
2026-07-24T17:15:00+00:00,1.3395199999999952,1.3395699999999953,1.3391399999999951,1.3395499999999951,1832
2026-07-24T17:30:00+00:00,1.3395499999999951,1.3396999999999952,1.3391099999999951,1.3393099999999951,1232
2026-07-24T17:45:00+00:00,1.3393099999999951,1.3395699999999953,1.339099999999995,1.3394599999999952,1293
2026-07-24T18:00:00+00:00,1.3394599999999952,1.3397899999999952,1.339409999999995,1.3397599999999952,1865
2026-07-24T18:15:00+00:00,1.3397599999999952,1.339879999999995,1.3395199999999952,1.3395599999999952,1462
2026-07-24T18:30:00+00:00,1.3395599999999952,1.339679999999995,1.3393499999999952,1.3394599999999952,2154
2026-07-24T18:45:00+00:00,1.3394599999999952,1.3397999999999952,1.3394599999999952,1.3394999999999953,1396
2026-07-24T19:00:00+00:00,1.3394999999999953,1.3397199999999951,1.3394499999999951,1.3394799999999951,1380
2026-07-24T19:15:00+00:00,1.3394799999999951,1.339579999999995,1.3391399999999951,1.339269999999995,1026
2026-07-24T19:30:00+00:00,1.339269999999995,1.3396199999999951,1.339239999999995,1.3393599999999952,1936
2026-07-24T19:45:00+00:00,1.3393599999999952,1.3393999999999953,1.3390899999999952,1.3390899999999952,1267
2026-07-24T20:00:00+00:00,1.3390899999999952,1.3391899999999952,1.3389899999999952,1.3390299999999953,581
2026-07-24T20:15:00+00:00,1.3390299999999953,1.3390599999999953,1.3388899999999953,1.3389099999999952,546
2026-07-24T20:30:00+00:00,1.3389099999999952,1.3389199999999952,1.3385999999999951,1.3387399999999952,503
2026-07-24T20:45:00+00:00,1.3387399999999952,1.3393099999999951,1.33221,1.33221,1347
2026-07-26T21:00:00+00:00,1.33221,1.3331099999999998,1.3321399999999999,1.33294,33.31695360081591
2026-07-26T21:15:00+00:00,1.33294,1.33294,1.33163,1.3316999999999999,32.06301935846424
2026-07-26T21:30:00+00:00,1.3316999999999999,1.33203,1.3311,1.33162,202
2026-07-26T21:45:00+00:00,1.33162,1.33267,1.33146,1.3319,348.16619178530107
2026-07-26T22:00:00+00:00,1.3319,1.33439,1.33149,1.33345,1364
2026-07-26T22:15:00+00:00,1.33345,1.33365,1.33311,1.33344,1337
2026-07-26T22:30:00+00:00,1.33344,1.33349,1.33312,1.3333,821
2026-07-26T22:45:00+00:00,1.3333,1.33334,1.33293,1.33307,705
2026-07-26T23:00:00+00:00,1.33307,1.33334,1.33301,1.3332,943
2026-07-26T23:15:00+00:00,1.3332,1.33328,1.33303,1.3332,563
2026-07-26T23:30:00+00:00,1.3332,1.33366,1.33318,1.33358,626
2026-07-26T23:45:00+00:00,1.33358,1.33393,1.33346,1.33383,1523
2026-07-27T00:00:00+00:00,1.33383,1.33463,1.33373,1.33458,5381
2026-07-27T00:15:00+00:00,1.33458,1.33495,1.33423,1.33483,4581
2026-07-27T00:30:00+00:00,1.33483,1.33506,1.33443,1.33454,3883
2026-07-27T00:45:00+00:00,1.33454,1.33458,1.3338,1.3338700000000001,3382
2026-07-27T01:00:00+00:00,1.3338700000000001,1.33442,1.3338700000000001,1.3342,3956
2026-07-27T01:15:00+00:00,1.3342,1.33445,1.3341,1.33419,3509
2026-07-27T01:30:00+00:00,1.33419,1.33454,1.33397,1.3343,3775
2026-07-27T01:45:00+00:00,1.3343,1.3351,1.3343,1.3351,3002
2026-07-27T02:00:00+00:00,1.3351,1.33513,1.3347,1.33473,2984
2026-07-27T02:15:00+00:00,1.33473,1.3348,1.3344,1.33473,2273
2026-07-27T02:30:00+00:00,1.33473,1.33476,1.33437,1.33448,2466
2026-07-27T02:45:00+00:00,1.33448,1.33455,1.33425,1.33427,1944
2026-07-27T03:00:00+00:00,1.33427,1.33444,1.33405,1.3341,3020
2026-07-27T03:15:00+00:00,1.3341,1.33427,1.33403,1.33405,1535
2026-07-27T03:30:00+00:00,1.33405,1.33407,1.33377,1.33394,2666
2026-07-27T03:45:00+00:00,1.33394,1.33407,1.33385,1.33402,1742
2026-07-27T04:00:00+00:00,1.33402,1.33425,1.334,1.33416,2044
2026-07-27T04:15:00+00:00,1.33416,1.33426,1.33376,1.33383,1792
2026-07-27T04:30:00+00:00,1.33383,1.33418,1.33383,1.33399,2168
2026-07-27T04:45:00+00:00,1.33399,1.33406,1.33382,1.3338700000000001,1571
2026-07-27T05:00:00+00:00,1.3338700000000001,1.33435,1.33376,1.33434,1832
2026-07-27T05:15:00+00:00,1.33434,1.33435,1.33399,1.33417,2444
2026-07-27T05:30:00+00:00,1.33417,1.33426,1.33396,1.33405,2311
2026-07-27T05:45:00+00:00,1.33405,1.33437,1.33397,1.33404,1830
2026-07-27T06:00:00+00:00,1.33404,1.33466,1.33392,1.33437,3167
2026-07-27T06:15:00+00:00,1.33437,1.33465,1.33394,1.33458,3627
2026-07-27T06:30:00+00:00,1.33458,1.33485,1.33423,1.33458,3086
2026-07-27T06:45:00+00:00,1.33458,1.3347,1.33356,1.33372,2611
2026-07-27T07:00:00+00:00,1.33372,1.33401,1.33284,1.33358,4794
2026-07-27T07:15:00+00:00,1.33358,1.33369,1.3329,1.33348,3987
2026-07-27T07:30:00+00:00,1.33348,1.3335,1.33276,1.333,4192
2026-07-27T07:45:00+00:00,1.333,1.33306,1.3322,1.33225,4620
2026-07-27T08:00:00+00:00,1.33225,1.33258,1.33199,1.3321,3925
2026-07-27T08:15:00+00:00,1.3321,1.33227,1.33185,1.33214,2717
2026-07-27T08:30:00+00:00,1.33214,1.33271,1.33196,1.33237,2492
2026-07-27T08:45:00+00:00,1.33237,1.33279,1.33221,1.33255,2385
2026-07-27T09:00:00+00:00,1.33255,1.33286,1.33195,1.33207,2706
2026-07-27T09:15:00+00:00,1.33207,1.33219,1.33185,1.33191,3142
2026-07-27T09:30:00+00:00,1.33191,1.3323,1.33177,1.33217,2583
2026-07-27T09:45:00+00:00,1.33217,1.33225,1.33177,1.33186,2633
2026-07-27T10:00:00+00:00,1.33186,1.33242,1.33154,1.33179,4269
2026-07-27T10:15:00+00:00,1.33179,1.33213,1.33164,1.33165,2833
2026-07-27T10:30:00+00:00,1.33165,1.33206,1.33154,1.33184,2667
2026-07-27T10:45:00+00:00,1.33184,1.33184,1.33046,1.33066,3768
2026-07-27T11:00:00+00:00,1.33066,1.33092,1.3298,1.33009,3337
2026-07-27T11:15:00+00:00,1.33009,1.33069,1.33002,1.33018,1975
2026-07-27T11:30:00+00:00,1.33018,1.33078,1.32973,1.33036,4197
2026-07-27T11:45:00+00:00,1.33036,1.33045,1.32994,1.33017,3176
2026-07-27T12:00:00+00:00,1.33017,1.33058,1.3296,1.32964,3482
2026-07-27T12:15:00+00:00,1.32964,1.33028,1.32954,1.33008,2618
2026-07-27T12:30:00+00:00,1.33008,1.33016,1.32922,1.32976,2484
2026-07-27T12:45:00+00:00,1.32976,1.3305,1.32965,1.33013,3297
2026-07-27T13:00:00+00:00,1.33013,1.33046,1.32966,1.33028,4204
2026-07-27T13:15:00+00:00,1.33028,1.33028,1.32994,1.33015,2619
2026-07-27T13:30:00+00:00,1.33015,1.33088,1.33015,1.33044,5148
2026-07-27T13:45:00+00:00,1.33044,1.33064,1.32964,1.32984,5043
2026-07-27T14:00:00+00:00,1.32984,1.33049,1.32937,1.33045,5089
2026-07-27T14:15:00+00:00,1.33045,1.33047,1.32936,1.32936,4955
2026-07-27T14:30:00+00:00,1.32936,1.32988,1.32925,1.32927,4538
2026-07-27T14:45:00+00:00,1.32927,1.32967,1.3287,1.32903,4394
2026-07-27T15:00:00+00:00,1.32903,1.32933,1.3287,1.32908,4760
2026-07-27T15:15:00+00:00,1.32908,1.32948,1.32902,1.32936,4056
2026-07-27T15:30:00+00:00,1.32936,1.32936,1.32894,1.32916,3248
2026-07-27T15:45:00+00:00,1.32916,1.32942,1.32883,1.32897,2911
2026-07-27T16:00:00+00:00,1.32897,1.32921,1.32874,1.32892,3118
2026-07-27T16:15:00+00:00,1.32892,1.33018,1.32885,1.32983,4141
2026-07-27T16:30:00+00:00,1.32983,1.32993,1.32944,1.32946,2957
2026-07-27T16:45:00+00:00,1.32946,1.32947,1.32892,1.32908,3307
2026-07-27T17:00:00+00:00,1.32908,1.32911,1.32737,1.32795,4113
2026-07-27T17:15:00+00:00,1.32795,1.32797,1.32725,1.32733,2269
2026-07-27T17:30:00+00:00,1.32733,1.32775,1.32722,1.32735,2085
2026-07-27T17:45:00+00:00,1.32735,1.32795,1.32731,1.32789,1638
2026-07-27T18:00:00+00:00,1.32789,1.32801,1.32778,1.32796,1720
2026-07-27T18:15:00+00:00,1.32796,1.32797,1.32759,1.32775,2382
2026-07-27T18:30:00+00:00,1.32775,1.32816,1.32757,1.32775,2727
2026-07-27T18:45:00+00:00,1.32775,1.32797,1.32749,1.32761,2456
2026-07-27T19:00:00+00:00,1.32761,1.32789,1.32761,1.32769,1584
2026-07-27T19:15:00+00:00,1.32769,1.32808,1.32768,1.32806,1048
2026-07-27T19:30:00+00:00,1.32806,1.32843,1.32802,1.32827,1542
2026-07-27T19:45:00+00:00,1.32827,1.32835,1.32794,1.32795,1759
2026-07-27T20:00:00+00:00,1.32795,1.32804,1.32777,1.32794,921
2026-07-27T20:15:00+00:00,1.32794,1.32796,1.32772,1.32774,517
2026-07-27T20:30:00+00:00,1.32774,1.32776,1.32741,1.32744,877
2026-07-27T20:45:00+00:00,1.32744,1.32761,1.32737,1.32761,527
2026-07-27T21:00:00+00:00,1.32761,1.32777,1.3267099999999998,1.32716,181.01313145995954
2026-07-27T21:15:00+00:00,1.32716,1.3275299999999997,1.32645,1.3268099999999998,315.8195869026878
2026-07-27T21:30:00+00:00,1.3268099999999998,1.3274899999999998,1.32669,1.3273699999999997,2356.5242409791767
2026-07-27T21:45:00+00:00,1.3273699999999997,1.3273699999999997,1.3267399999999998,1.3269799999999998,1173
2026-07-27T22:00:00+00:00,1.3269799999999998,1.3273899999999998,1.3269799999999998,1.3272099999999998,798
2026-07-27T22:15:00+00:00,1.3272099999999998,1.3272799999999998,1.3271799999999998,1.3271899999999999,361
2026-07-27T22:30:00+00:00,1.3271899999999999,1.3272899999999999,1.32716,1.32716,274
2026-07-27T22:45:00+00:00,1.32716,1.3271799999999998,1.3270699999999997,1.32716,192
2026-07-27T23:00:00+00:00,1.32716,1.3272599999999999,1.32699,1.3271699999999997,566
2026-07-27T23:15:00+00:00,1.3271699999999997,1.3272899999999999,1.3271499999999998,1.3272799999999998,262
2026-07-27T23:30:00+00:00,1.3272799999999998,1.3273099999999998,1.3271699999999997,1.3272899999999999,416
2026-07-27T23:45:00+00:00,1.3272899999999999,1.3273399999999997,1.32699,1.3272899999999999,908
2026-07-28T00:00:00+00:00,1.3272899999999999,1.3273499999999998,1.32689,1.3270799999999998,3058
2026-07-28T00:15:00+00:00,1.3270799999999998,1.3276099999999997,1.32706,1.3275299999999999,2551
2026-07-28T00:30:00+00:00,1.3275299999999999,1.3276799999999997,1.3273699999999997,1.3274499999999998,1640
2026-07-28T00:45:00+00:00,1.3274499999999998,1.3276199999999998,1.3271499999999998,1.3276,2219
2026-07-28T01:00:00+00:00,1.3276,1.3281199999999997,1.32757,1.3276199999999998,2252
2026-07-28T01:15:00+00:00,1.3276199999999998,1.3278099999999997,1.3274699999999997,1.32777,2357
2026-07-28T01:30:00+00:00,1.32777,1.3278699999999999,1.3274899999999998,1.32757,2149
2026-07-28T01:45:00+00:00,1.32757,1.3276499999999998,1.3272799999999998,1.3275,1872
2026-07-28T02:00:00+00:00,1.3275,1.3278999999999999,1.3274,1.3277899999999998,1881
2026-07-28T02:15:00+00:00,1.3277899999999998,1.3279099999999997,1.3275599999999999,1.3275899999999998,1596
2026-07-28T02:30:00+00:00,1.3275899999999998,1.32777,1.3275299999999999,1.3277399999999997,1570
2026-07-28T02:45:00+00:00,1.3277399999999997,1.32838,1.3276199999999998,1.3281199999999997,2878
2026-07-28T03:00:00+00:00,1.3281199999999997,1.3282499999999997,1.3278199999999998,1.3280199999999998,2257
2026-07-28T03:15:00+00:00,1.3280199999999998,1.3284199999999997,1.3279799999999997,1.32838,1957
2026-07-28T03:30:00+00:00,1.32838,1.32872,1.3282999999999998,1.3283999999999998,2299
2026-07-28T03:45:00+00:00,1.3283999999999998,1.3283999999999998,1.3280199999999998,1.3280899999999998,1635
2026-07-28T04:00:00+00:00,1.3280899999999998,1.3280899999999998,1.3275799999999998,1.3276199999999998,2485
2026-07-28T04:15:00+00:00,1.3276199999999998,1.3278899999999998,1.32757,1.3277599999999998,2190
2026-07-28T04:30:00+00:00,1.3277599999999998,1.3277899999999998,1.3276,1.3277499999999998,1432
2026-07-28T04:45:00+00:00,1.3277499999999998,1.3279099999999997,1.3275599999999999,1.3276999999999999,1152
2026-07-28T05:00:00+00:00,1.3276999999999999,1.3278099999999997,1.3270299999999997,1.3270799999999998,2255
2026-07-28T05:15:00+00:00,1.3270799999999998,1.3273699999999997,1.3269399999999998,1.3273699999999997,2063
2026-07-28T05:30:00+00:00,1.3273699999999997,1.3274099999999998,1.3268799999999998,1.3272399999999998,2396
2026-07-28T05:45:00+00:00,1.3272399999999998,1.3272599999999999,1.32689,1.3270699999999997,1824
2026-07-28T06:00:00+00:00,1.3270699999999997,1.3273199999999998,1.32689,1.3272899999999999,3060
2026-07-28T06:15:00+00:00,1.3272899999999999,1.3278999999999999,1.3272499999999998,1.3278799999999997,3294
2026-07-28T06:30:00+00:00,1.3278799999999997,1.32801,1.3274899999999998,1.3277799999999997,2435
2026-07-28T06:45:00+00:00,1.3277799999999997,1.32845,1.3275299999999999,1.3281499999999997,1882
2026-07-28T07:00:00+00:00,1.3281499999999997,1.3285099999999999,1.3276799999999997,1.3284899999999997,2562
2026-07-28T07:15:00+00:00,1.3284899999999997,1.3287799999999999,1.3284399999999998,1.3286099999999998,2188
2026-07-28T07:30:00+00:00,1.3286099999999998,1.3287999999999998,1.3279999999999998,1.32811,1567
2026-07-28T07:45:00+00:00,1.32811,1.3281199999999997,1.3274799999999998,1.3274899999999998,2567
2026-07-28T08:00:00+00:00,1.3274899999999998,1.3285399999999998,1.3274799999999998,1.3281999999999998,3255
2026-07-28T08:15:00+00:00,1.3281999999999998,1.32882,1.3281999999999998,1.3284099999999999,2491
2026-07-28T08:30:00+00:00,1.3284099999999999,1.3284899999999997,1.3279499999999997,1.3282999999999998,2438
2026-07-28T08:45:00+00:00,1.3282999999999998,1.32862,1.3281699999999999,1.3285699999999998,2092
2026-07-28T09:00:00+00:00,1.3285699999999998,1.32862,1.32757,1.3277099999999997,2475
2026-07-28T09:15:00+00:00,1.3277099999999997,1.3278799999999997,1.3275299999999999,1.3276,1621
2026-07-28T09:30:00+00:00,1.3276,1.3276299999999999,1.3271099999999998,1.3271399999999998,2095
2026-07-28T09:45:00+00:00,1.3271399999999998,1.3272199999999998,1.32628,1.3262999999999998,2441
2026-07-28T10:00:00+00:00,1.3262999999999998,1.3262999999999998,1.32567,1.3259799999999997,2250
2026-07-28T10:15:00+00:00,1.3259799999999997,1.3263099999999999,1.3256499999999998,1.3260799999999997,1630
2026-07-28T10:30:00+00:00,1.3260799999999997,1.3264699999999998,1.3259599999999998,1.3260199999999998,3597
2026-07-28T10:45:00+00:00,1.3260199999999998,1.3265699999999998,1.3257899999999998,1.32628,3213
2026-07-28T11:00:00+00:00,1.32628,1.32645,1.32577,1.3258699999999999,2573
2026-07-28T11:15:00+00:00,1.3258699999999999,1.3265899999999997,1.3258599999999998,1.3263399999999999,3309
2026-07-28T11:30:00+00:00,1.3263399999999999,1.3266599999999997,1.3262699999999998,1.3263099999999999,2163
2026-07-28T11:45:00+00:00,1.3263099999999999,1.3264699999999998,1.32577,1.3262299999999998,3589
2026-07-28T12:00:00+00:00,1.3262299999999998,1.32699,1.3262199999999997,1.3268499999999999,3060
2026-07-28T12:15:00+00:00,1.3268499999999999,1.3272899999999999,1.3267499999999999,1.32679,2325
2026-07-28T12:30:00+00:00,1.32679,1.3277599999999998,1.3266499999999999,1.3276799999999997,2375
2026-07-28T12:45:00+00:00,1.3276799999999997,1.3282299999999998,1.32767,1.3280699999999999,2273
2026-07-28T13:00:00+00:00,1.3280699999999999,1.3285999999999998,1.3278699999999999,1.3279699999999999,2481
2026-07-28T13:15:00+00:00,1.3279699999999999,1.3282899999999997,1.3277499999999998,1.3279199999999998,2577
2026-07-28T13:30:00+00:00,1.3279199999999998,1.3281899999999998,1.3277199999999998,1.3279799999999997,2406
2026-07-28T13:45:00+00:00,1.3279799999999997,1.3286299999999998,1.32784,1.32838,3340
2026-07-28T14:00:00+00:00,1.32838,1.3284999999999998,1.3277899999999998,1.3278299999999998,2822
2026-07-28T14:15:00+00:00,1.3278299999999998,1.3279199999999998,1.3274799999999998,1.3278999999999999,2967
2026-07-28T14:30:00+00:00,1.3278999999999999,1.3281999999999998,1.3274899999999998,1.3276499999999998,2721
2026-07-28T14:45:00+00:00,1.3276499999999998,1.3277599999999998,1.3268699999999998,1.3274499999999998,5274
2026-07-28T15:00:00+00:00,1.3274499999999998,1.3288299999999997,1.3271499999999998,1.3285099999999999,6225
2026-07-28T15:15:00+00:00,1.3285099999999999,1.3290199999999999,1.3283599999999998,1.3287099999999998,4694
2026-07-28T15:30:00+00:00,1.3287099999999998,1.3293399999999997,1.3285599999999997,1.3292799999999998,3252
2026-07-28T15:45:00+00:00,1.3292799999999998,1.3294099999999998,1.3287999999999998,1.32923,3385
2026-07-28T16:00:00+00:00,1.32923,1.32943,1.3289099999999998,1.32899,3749
2026-07-28T16:15:00+00:00,1.32899,1.3291899999999999,1.3287999999999998,1.3290899999999999,2474
2026-07-28T16:30:00+00:00,1.3290899999999999,1.3293199999999998,1.3287599999999997,1.3287799999999999,2769
2026-07-28T16:45:00+00:00,1.3287799999999999,1.3289099999999998,1.3283899999999997,1.3284299999999998,1987
2026-07-28T17:00:00+00:00,1.3284299999999998,1.3287799999999999,1.3281299999999998,1.3282999999999998,2862
2026-07-28T17:15:00+00:00,1.3282999999999998,1.3288699999999998,1.32818,1.3282599999999998,2433
2026-07-28T17:30:00+00:00,1.3282599999999998,1.3283199999999997,1.3278299999999998,1.3278999999999999,1391
2026-07-28T17:45:00+00:00,1.3278999999999999,1.3279199999999998,1.3273899999999998,1.3274799999999998,1757
2026-07-28T18:00:00+00:00,1.3274799999999998,1.3276199999999998,1.3271899999999999,1.3273599999999999,1712
2026-07-28T18:15:00+00:00,1.3273599999999999,1.3275099999999997,1.32696,1.3270799999999998,1605
2026-07-28T18:30:00+00:00,1.3270799999999998,1.3274199999999998,1.3270699999999997,1.3273599999999999,1463
2026-07-28T18:45:00+00:00,1.3273599999999999,1.3273799999999998,1.3270699999999997,1.3271799999999998,1691
2026-07-28T19:00:00+00:00,1.3271799999999998,1.3275899999999998,1.3271399999999998,1.3273899999999998,1078
2026-07-28T19:15:00+00:00,1.3273899999999998,1.3277899999999998,1.3273499999999998,1.3273799999999998,1165
2026-07-28T19:30:00+00:00,1.3273799999999998,1.3275299999999999,1.3273399999999997,1.3274899999999998,1517
2026-07-28T19:45:00+00:00,1.3274899999999998,1.3278299999999998,1.3270699999999997,1.3270899999999999,1854
2026-07-28T20:00:00+00:00,1.3270899999999999,1.3274,1.3270499999999998,1.3273699999999997,1421
2026-07-28T20:15:00+00:00,1.3273699999999997,1.3274599999999999,1.3269799999999998,1.3271199999999999,687
2026-07-28T20:30:00+00:00,1.3271199999999999,1.3271799999999998,1.3269299999999997,1.3271399999999998,1020
2026-07-28T20:45:00+00:00,1.3271399999999998,1.3273499999999998,1.32696,1.3271699999999997,1295
2026-07-28T21:00:00+00:00,1.3271699999999997,1.3273099999999998,1.3259699999999996,1.3271599999999997,149.7318142533303
2026-07-28T21:15:00+00:00,1.3271599999999997,1.3275499999999998,1.3265299999999998,1.3271299999999997,608
2026-07-28T21:30:00+00:00,1.3271299999999997,1.3273899999999996,1.3270499999999996,1.3273399999999997,614
2026-07-28T21:45:00+00:00,1.3273399999999997,1.3275299999999997,1.3268299999999997,1.3269499999999996,921.3478673735855
2026-07-28T22:00:00+00:00,1.3269499999999996,1.3273699999999997,1.3269499999999996,1.3270699999999997,2616
2026-07-28T22:15:00+00:00,1.3270699999999997,1.3271599999999997,1.3265999999999998,1.3267399999999996,760
2026-07-28T22:30:00+00:00,1.3267399999999996,1.3268499999999996,1.3265899999999997,1.3266399999999996,781
2026-07-28T22:45:00+00:00,1.3266399999999996,1.3267499999999997,1.3265899999999997,1.3267299999999997,674
2026-07-28T23:00:00+00:00,1.3267299999999997,1.3267399999999996,1.3263399999999996,1.3266499999999997,1127
2026-07-28T23:15:00+00:00,1.3266499999999997,1.3267799999999996,1.3265399999999996,1.3267599999999997,1022
2026-07-28T23:30:00+00:00,1.3267599999999997,1.3269599999999997,1.3266099999999996,1.3269499999999996,769
2026-07-28T23:45:00+00:00,1.3269499999999996,1.3269899999999997,1.3267199999999997,1.3269699999999998,2070
2026-07-29T00:00:00+00:00,1.3269699999999998,1.3270799999999996,1.3265799999999996,1.3267799999999996,3160
2026-07-29T00:15:00+00:00,1.3267799999999996,1.3275699999999997,1.3267599999999997,1.3273999999999997,2908
2026-07-29T00:30:00+00:00,1.3273999999999997,1.3275099999999997,1.3272799999999996,1.3274699999999997,2433
2026-07-29T00:45:00+00:00,1.3274699999999997,1.3277199999999996,1.3271699999999997,1.3275199999999996,2722
2026-07-29T01:00:00+00:00,1.3275199999999996,1.3276799999999997,1.3270099999999996,1.3270599999999997,2926
2026-07-29T01:15:00+00:00,1.3270599999999997,1.3275599999999996,1.3269699999999998,1.3271599999999997,2924
2026-07-29T01:30:00+00:00,1.3271599999999997,1.3271599999999997,1.3264699999999996,1.3265599999999997,4680
2026-07-29T01:45:00+00:00,1.3265599999999997,1.3271899999999996,1.3264999999999996,1.3271399999999998,3062
2026-07-29T02:00:00+00:00,1.3271399999999998,1.3276499999999998,1.3270299999999997,1.3274999999999997,2733
2026-07-29T02:15:00+00:00,1.3274999999999997,1.3280799999999997,1.3274999999999997,1.3277799999999997,2710
2026-07-29T02:30:00+00:00,1.3277799999999997,1.3280799999999997,1.3277399999999997,1.3278999999999996,2344
2026-07-29T02:45:00+00:00,1.3278999999999996,1.3279099999999997,1.3275699999999997,1.3276999999999997,1714
2026-07-29T03:00:00+00:00,1.3276999999999997,1.3279599999999996,1.3276599999999996,1.3277999999999996,2214
2026-07-29T03:15:00+00:00,1.3277999999999996,1.3281199999999997,1.3277899999999996,1.3280299999999996,2245
2026-07-29T03:30:00+00:00,1.3280299999999996,1.3281099999999997,1.3278999999999996,1.3280299999999996,1741
2026-07-29T03:45:00+00:00,1.3280299999999996,1.3282199999999997,1.3276699999999997,1.3277999999999996,2341
2026-07-29T04:00:00+00:00,1.3277999999999996,1.3281699999999996,1.3277299999999996,1.3281099999999997,2198
2026-07-29T04:15:00+00:00,1.3281099999999997,1.3282799999999997,1.3279399999999997,1.3280199999999998,1917
2026-07-29T04:30:00+00:00,1.3280199999999998,1.3283999999999996,1.3279399999999997,1.3282599999999998,2334
2026-07-29T04:45:00+00:00,1.3282599999999998,1.3283599999999998,1.3278499999999998,1.3280599999999996,2582
2026-07-29T05:00:00+00:00,1.3280599999999996,1.3283999999999996,1.3280499999999997,1.3283799999999997,2238
2026-07-29T05:15:00+00:00,1.3283799999999997,1.3283899999999997,1.3280699999999996,1.3280699999999996,2204
2026-07-29T05:30:00+00:00,1.3280699999999996,1.3282499999999997,1.3279299999999996,1.3282099999999997,1792
2026-07-29T05:45:00+00:00,1.3282099999999997,1.3284599999999998,1.3281299999999996,1.3281599999999998,1856
2026-07-29T06:00:00+00:00,1.3281599999999998,1.3286199999999997,1.3279999999999996,1.3285199999999997,2511
2026-07-29T06:15:00+00:00,1.3285199999999997,1.3287099999999996,1.3277699999999997,1.3278999999999996,2631
2026-07-29T06:30:00+00:00,1.3278999999999996,1.3282099999999997,1.3277599999999996,1.3281899999999998,2757
2026-07-29T06:45:00+00:00,1.3281899999999998,1.3281999999999996,1.3277899999999996,1.3279999999999996,2462
2026-07-29T07:00:00+00:00,1.3279999999999996,1.3283999999999996,1.3277799999999997,1.3279699999999997,2901
2026-07-29T07:15:00+00:00,1.3279699999999997,1.3286099999999996,1.3279699999999997,1.3285099999999996,2095
2026-07-29T07:30:00+00:00,1.3285099999999996,1.3289999999999997,1.3282599999999998,1.3285799999999997,2160
2026-07-29T07:45:00+00:00,1.3285799999999997,1.3285899999999997,1.3282099999999997,1.3284899999999997,2441
2026-07-29T08:00:00+00:00,1.3284899999999997,1.3287499999999997,1.3279599999999996,1.3279599999999996,2376
2026-07-29T08:15:00+00:00,1.3279599999999996,1.3287099999999996,1.3279599999999996,1.3284799999999997,2454
2026-07-29T08:30:00+00:00,1.3284799999999997,1.3288999999999997,1.3281299999999996,1.3288899999999997,1682
2026-07-29T08:45:00+00:00,1.3288899999999997,1.3291899999999996,1.3287999999999998,1.3288799999999996,1805
2026-07-29T09:00:00+00:00,1.3288799999999996,1.3288799999999996,1.3284899999999997,1.3287499999999997,2681
2026-07-29T09:15:00+00:00,1.3287499999999997,1.3288199999999997,1.3284299999999998,1.3286699999999996,2726
2026-07-29T09:30:00+00:00,1.3286699999999996,1.3286699999999996,1.3278099999999997,1.3284799999999997,2451
2026-07-29T09:45:00+00:00,1.3284799999999997,1.3284999999999996,1.3279699999999997,1.3279699999999997,2257
2026-07-29T10:00:00+00:00,1.3279699999999997,1.3279899999999998,1.3274099999999998,1.3274999999999997,2646
2026-07-29T10:15:00+00:00,1.3274999999999997,1.3276899999999996,1.3271699999999997,1.3273599999999997,1946
2026-07-29T10:30:00+00:00,1.3273599999999997,1.3276799999999997,1.3272699999999997,1.3276799999999997,2797
2026-07-29T10:45:00+00:00,1.3276799999999997,1.3276899999999996,1.3271299999999997,1.3273999999999997,1901
2026-07-29T11:00:00+00:00,1.3273999999999997,1.3277799999999997,1.3272899999999996,1.3277699999999997,2019
2026-07-29T11:15:00+00:00,1.3277699999999997,1.3279899999999998,1.3274599999999996,1.3279799999999997,1425
2026-07-29T11:30:00+00:00,1.3279799999999997,1.3280599999999996,1.3274399999999997,1.3276499999999998,1896
2026-07-29T11:45:00+00:00,1.3276499999999998,1.3278099999999997,1.3272699999999997,1.3275599999999996,2957
2026-07-29T12:00:00+00:00,1.3275599999999996,1.3276799999999997,1.3266699999999996,1.3268599999999997,2936
2026-07-29T12:15:00+00:00,1.3268599999999997,1.3268799999999996,1.3261599999999998,1.3266499999999997,4155
2026-07-29T12:30:00+00:00,1.3266499999999997,1.3270799999999996,1.3263499999999997,1.3269299999999997,2408
2026-07-29T12:45:00+00:00,1.3269299999999997,1.3270499999999996,1.3263899999999997,1.3266799999999996,1895
2026-07-29T13:00:00+00:00,1.3266799999999996,1.3268499999999996,1.3263599999999998,1.3266299999999998,2223
2026-07-29T13:15:00+00:00,1.3266299999999998,1.3271899999999996,1.3264099999999996,1.3270899999999997,2199
2026-07-29T13:30:00+00:00,1.3270899999999997,1.3275199999999996,1.3265399999999996,1.3271699999999997,3267
2026-07-29T13:45:00+00:00,1.3271699999999997,1.3277099999999997,1.3270399999999998,1.3276999999999997,3588
2026-07-29T14:00:00+00:00,1.3276999999999997,1.3279499999999997,1.3273699999999997,1.3274899999999996,3240
2026-07-29T14:15:00+00:00,1.3274899999999996,1.3281899999999998,1.3270599999999997,1.3280899999999998,2564
2026-07-29T14:30:00+00:00,1.3280899999999998,1.3287099999999996,1.3277299999999996,1.3281399999999997,2857
2026-07-29T14:45:00+00:00,1.3281399999999997,1.3281699999999996,1.3264599999999998,1.3269799999999996,5355
2026-07-29T15:00:00+00:00,1.3269799999999996,1.3275899999999996,1.3266899999999997,1.3272699999999997,3721
2026-07-29T15:15:00+00:00,1.3272699999999997,1.3275799999999998,1.3264799999999997,1.3267699999999998,3776
2026-07-29T15:30:00+00:00,1.3267699999999998,1.3272999999999997,1.3267199999999997,1.3270799999999996,3508
2026-07-29T15:45:00+00:00,1.3270799999999996,1.3271999999999997,1.3267599999999997,1.3269399999999998,2370
2026-07-29T16:00:00+00:00,1.3269399999999998,1.3270699999999997,1.3263899999999997,1.3263999999999996,2532
2026-07-29T16:15:00+00:00,1.3263999999999996,1.3268799999999996,1.3263199999999997,1.3267799999999996,2574
2026-07-29T16:30:00+00:00,1.3267799999999996,1.3268099999999996,1.3262499999999997,1.3265499999999997,2200
2026-07-29T16:45:00+00:00,1.3265499999999997,1.3271999999999997,1.3264799999999997,1.3271599999999997,1784
2026-07-29T17:00:00+00:00,1.3271599999999997,1.3278299999999996,1.3270599999999997,1.3278099999999997,2283
2026-07-29T17:15:00+00:00,1.3278099999999997,1.3282999999999996,1.3276799999999997,1.3280999999999996,1742
2026-07-29T17:30:00+00:00,1.3280999999999996,1.3288199999999997,1.3279699999999997,1.3286899999999997,2277
2026-07-29T17:45:00+00:00,1.3286899999999997,1.3289699999999998,1.3282099999999997,1.3282099999999997,2628
2026-07-29T18:00:00+00:00,1.3282099999999997,1.3328599999999997,1.3278799999999997,1.3320999999999996,10287
2026-07-29T18:15:00+00:00,1.3320999999999996,1.3323199999999997,1.3306099999999996,1.3313899999999996,6013
2026-07-29T18:30:00+00:00,1.3313899999999996,1.3330199999999996,1.3295299999999997,1.3329399999999996,9869
2026-07-29T18:45:00+00:00,1.3329399999999996,1.3348899999999997,1.3327799999999996,1.3348099999999996,10402
2026-07-29T19:00:00+00:00,1.3348099999999996,1.3353499999999996,1.3338199999999998,1.3352999999999997,8137
2026-07-29T19:15:00+00:00,1.3352999999999997,1.3370199999999997,1.3340299999999996,1.3341699999999996,7925
2026-07-29T19:30:00+00:00,1.3341699999999996,1.3344299999999998,1.3332699999999997,1.3340299999999996,8916
2026-07-29T19:45:00+00:00,1.3340299999999996,1.3342399999999996,1.3328999999999998,1.3329199999999997,6205
2026-07-29T20:00:00+00:00,1.3329199999999997,1.3334099999999998,1.3325699999999996,1.3329599999999997,5017
2026-07-29T20:15:00+00:00,1.3329599999999997,1.3332699999999997,1.3327099999999996,1.3329199999999997,1543
2026-07-29T20:30:00+00:00,1.3329199999999997,1.3345699999999996,1.3327999999999998,1.3345299999999998,1943
2026-07-29T20:45:00+00:00,1.3345299999999998,1.3351999999999997,1.3343899999999997,1.3348299999999997,3118
2026-07-29T21:00:00+00:00,1.3348299999999997,1.3349899999999997,1.3337799999999995,1.3338499999999995,143.50618673701257
2026-07-29T21:15:00+00:00,1.3338499999999995,1.3341899999999995,1.3336499999999996,1.3341699999999996,957
2026-07-29T21:30:00+00:00,1.3341699999999996,1.3345199999999995,1.3336599999999996,1.3339699999999997,1522
2026-07-29T21:45:00+00:00,1.3339699999999997,1.3345999999999996,1.3339699999999997,1.3342199999999995,3709
2026-07-29T22:00:00+00:00,1.3342199999999995,1.3353199999999996,1.3342199999999995,1.3350899999999997,6850
2026-07-29T22:15:00+00:00,1.3350899999999997,1.3350999999999995,1.3349599999999995,1.3350099999999996,275
2026-07-29T22:30:00+00:00,1.3350099999999996,1.3351699999999995,1.3349799999999996,1.3351199999999996,380
2026-07-29T22:45:00+00:00,1.3351199999999996,1.3352299999999997,1.3350099999999996,1.3352199999999996,340
2026-07-29T23:00:00+00:00,1.3352199999999996,1.3358299999999996,1.3352099999999996,1.3352499999999996,1432
2026-07-29T23:15:00+00:00,1.3352499999999996,1.3352699999999995,1.3348799999999996,1.3349199999999997,967
2026-07-29T23:30:00+00:00,1.3349199999999997,1.3350599999999997,1.3347999999999995,1.3348599999999995,1020
2026-07-29T23:45:00+00:00,1.3348599999999995,1.3352399999999995,1.3347199999999997,1.3349899999999997,1988
2026-07-30T00:00:00+00:00,1.3349899999999997,1.3351499999999996,1.3345499999999997,1.3349299999999995,4301
2026-07-30T00:15:00+00:00,1.3349299999999995,1.3350299999999995,1.3336399999999995,1.3337599999999996,4922
2026-07-30T00:30:00+00:00,1.3337599999999996,1.3340099999999997,1.3335899999999996,1.3337399999999995,3528
2026-07-30T00:45:00+00:00,1.3337399999999995,1.3339099999999995,1.3336399999999995,1.3338299999999996,3624
2026-07-30T01:00:00+00:00,1.3338299999999996,1.3342199999999995,1.3338099999999995,1.3340599999999996,3024
2026-07-30T01:15:00+00:00,1.3340599999999996,1.3340599999999996,1.3335199999999996,1.3337399999999995,3061
2026-07-30T01:30:00+00:00,1.3337399999999995,1.3341299999999996,1.3336299999999996,1.3337299999999996,2393
2026-07-30T01:45:00+00:00,1.3337299999999996,1.3340099999999997,1.3334199999999996,1.3335199999999996,1869
2026-07-30T02:00:00+00:00,1.3335199999999996,1.3339199999999996,1.3334899999999996,1.3335299999999997,2239
2026-07-30T02:15:00+00:00,1.3335299999999997,1.3335399999999995,1.3331899999999997,1.3332599999999997,1871
2026-07-30T02:30:00+00:00,1.3332599999999997,1.3334699999999995,1.3331999999999995,1.3333499999999996,2256
2026-07-30T02:45:00+00:00,1.3333499999999996,1.3335499999999996,1.3331799999999996,1.3331899999999997,1536
2026-07-30T03:00:00+00:00,1.3331899999999997,1.3333099999999996,1.3327399999999996,1.3328499999999996,2326
2026-07-30T03:15:00+00:00,1.3328499999999996,1.3328999999999995,1.3324799999999997,1.3327699999999996,2736
2026-07-30T03:30:00+00:00,1.3327699999999996,1.3330999999999995,1.3326599999999995,1.3330199999999996,2517
2026-07-30T03:45:00+00:00,1.3330199999999996,1.3330999999999995,1.3328099999999996,1.3328499999999996,2078
2026-07-30T04:00:00+00:00,1.3328499999999996,1.3330899999999997,1.3326999999999996,1.3330399999999996,2059
2026-07-30T04:15:00+00:00,1.3330399999999996,1.3331499999999996,1.3329999999999995,1.3331299999999995,1904
2026-07-30T04:30:00+00:00,1.3331299999999995,1.3332299999999997,1.3328899999999997,1.3328899999999997,1281
2026-07-30T04:45:00+00:00,1.3328899999999997,1.3330299999999995,1.3326699999999996,1.3327399999999996,1796
2026-07-30T05:00:00+00:00,1.3327399999999996,1.3331499999999996,1.3326099999999996,1.3330199999999996,2563
2026-07-30T05:15:00+00:00,1.3330199999999996,1.3338999999999996,1.3329899999999997,1.3338299999999996,1950
2026-07-30T05:30:00+00:00,1.3338299999999996,1.3338699999999997,1.3334399999999995,1.3337599999999996,2212
2026-07-30T05:45:00+00:00,1.3337599999999996,1.3339999999999996,1.3329599999999995,1.3332199999999996,2892
2026-07-30T06:00:00+00:00,1.3332199999999996,1.3335199999999996,1.3317399999999995,1.3318999999999996,4317
2026-07-30T06:15:00+00:00,1.3318999999999996,1.3322599999999996,1.3317899999999996,1.3319199999999995,2716
2026-07-30T06:30:00+00:00,1.3319199999999995,1.3323299999999996,1.3315899999999996,1.3320699999999996,2525
2026-07-30T06:45:00+00:00,1.3320699999999996,1.3328399999999996,1.3320499999999995,1.3325199999999995,2793
2026-07-30T07:00:00+00:00,1.3325199999999995,1.3333899999999996,1.3324499999999997,1.3328299999999995,6360
2026-07-30T07:15:00+00:00,1.3328299999999995,1.3332699999999995,1.3322099999999997,1.3322399999999996,3479
2026-07-30T07:30:00+00:00,1.3322399999999996,1.3326899999999995,1.3319399999999997,1.3324499999999997,3425
2026-07-30T07:45:00+00:00,1.3324499999999997,1.3326799999999996,1.3320099999999997,1.3321099999999997,2495
2026-07-30T08:00:00+00:00,1.3321099999999997,1.3334099999999995,1.3320999999999996,1.3332099999999996,4019
2026-07-30T08:15:00+00:00,1.3332099999999996,1.3340299999999996,1.3331699999999995,1.3339699999999997,4579
2026-07-30T08:30:00+00:00,1.3339699999999997,1.3344399999999996,1.3334699999999995,1.3341999999999996,3457
2026-07-30T08:45:00+00:00,1.3341999999999996,1.3345199999999995,1.3337099999999995,1.3338799999999995,2863
2026-07-30T09:00:00+00:00,1.3338799999999995,1.3354499999999996,1.3338599999999996,1.3353899999999996,3429
2026-07-30T09:15:00+00:00,1.3353899999999996,1.3359399999999997,1.3353399999999995,1.3356399999999995,3450
2026-07-30T09:30:00+00:00,1.3356399999999995,1.3363399999999996,1.3354499999999996,1.3362399999999997,3178
2026-07-30T09:45:00+00:00,1.3362399999999997,1.3367199999999997,1.3359099999999995,1.3363799999999997,4273
2026-07-30T10:00:00+00:00,1.3363799999999997,1.3371599999999997,1.3359199999999996,1.3370299999999995,4680
2026-07-30T10:15:00+00:00,1.3370299999999995,1.3378899999999996,1.3359699999999997,1.3365299999999996,6443
2026-07-30T10:30:00+00:00,1.3365299999999996,1.3385199999999995,1.3364799999999997,1.3381599999999996,5178
2026-07-30T10:45:00+00:00,1.3381599999999996,1.3390099999999996,1.3371799999999996,1.3371799999999996,5341
2026-07-30T11:00:00+00:00,1.3371799999999996,1.3384699999999996,1.3364699999999996,1.3365399999999996,5094
2026-07-30T11:15:00+00:00,1.3365399999999996,1.3367399999999996,1.3356899999999996,1.3359599999999996,3260
2026-07-30T11:30:00+00:00,1.3359599999999996,1.3363399999999996,1.3355899999999996,1.3356699999999997,3042
2026-07-30T11:45:00+00:00,1.3356699999999997,1.3370699999999995,1.3356299999999997,1.3370699999999995,3379
2026-07-30T12:00:00+00:00,1.3370699999999995,1.3377799999999995,1.3370399999999996,1.3375299999999997,5534
2026-07-30T12:15:00+00:00,1.3375299999999997,1.3377299999999996,1.3365599999999995,1.3370499999999996,4005
2026-07-30T12:30:00+00:00,1.3370499999999996,1.3378199999999996,1.3357899999999996,1.3369899999999997,8763
2026-07-30T12:45:00+00:00,1.3369899999999997,1.3370199999999997,1.3349999999999995,1.3354299999999997,10569
2026-07-30T13:00:00+00:00,1.3354299999999997,1.3363099999999997,1.3350799999999996,1.3353599999999997,8214
2026-07-30T13:15:00+00:00,1.3353599999999997,1.3359399999999997,1.3350299999999995,1.3355099999999995,5608
2026-07-30T13:30:00+00:00,1.3355099999999995,1.3400099999999995,1.3351899999999997,1.3397699999999997,15047
2026-07-30T13:45:00+00:00,1.3397699999999997,1.3411199999999996,1.3383599999999996,1.3411099999999996,14355
2026-07-30T14:00:00+00:00,1.3411099999999996,1.3430899999999997,1.3409699999999996,1.3427499999999997,13709
2026-07-30T14:15:00+00:00,1.3427499999999997,1.3430099999999996,1.3411399999999996,1.3414199999999996,12070
2026-07-30T14:30:00+00:00,1.3414199999999996,1.3419899999999996,1.3406799999999996,1.3414699999999995,8030
2026-07-30T14:45:00+00:00,1.3414699999999995,1.3417399999999995,1.3406899999999995,1.3407899999999995,6165
2026-07-30T15:00:00+00:00,1.3407899999999995,1.3416899999999996,1.3404499999999997,1.3414099999999995,6138
2026-07-30T15:15:00+00:00,1.3414099999999995,1.3426299999999995,1.3413899999999996,1.3425999999999996,4079
2026-07-30T15:30:00+00:00,1.3425999999999996,1.3440899999999996,1.3422599999999996,1.3439999999999996,4873
2026-07-30T15:45:00+00:00,1.3439999999999996,1.3446199999999995,1.3437999999999997,1.3441999999999996,3807
2026-07-30T16:00:00+00:00,1.3441999999999996,1.3449699999999996,1.3441999999999996,1.3447699999999996,6849
2026-07-30T16:15:00+00:00,1.3447699999999996,1.3453099999999996,1.3446299999999995,1.3449799999999996,3428
2026-07-30T16:30:00+00:00,1.3449799999999996,1.3453399999999995,1.3443899999999995,1.3443899999999995,3282
2026-07-30T16:45:00+00:00,1.3443899999999995,1.3447699999999996,1.3440099999999995,1.3447699999999996,2913
2026-07-30T17:00:00+00:00,1.3447699999999996,1.3450099999999996,1.3443999999999996,1.3444199999999995,3164
2026-07-30T17:15:00+00:00,1.3444199999999995,1.3445099999999996,1.3440699999999997,1.3441199999999995,2731
2026-07-30T17:30:00+00:00,1.3441199999999995,1.3453399999999995,1.3437499999999996,1.3453399999999995,6605
2026-07-30T17:45:00+00:00,1.3453399999999995,1.3456299999999997,1.3449499999999996,1.3455099999999995,4104
2026-07-30T18:00:00+00:00,1.3455099999999995,1.3456899999999996,1.3450099999999996,1.3455899999999996,2700
2026-07-30T18:15:00+00:00,1.3455899999999996,1.3455899999999996,1.3449199999999997,1.3452699999999995,2301
2026-07-30T18:30:00+00:00,1.3452699999999995,1.3455699999999995,1.3450999999999995,1.3453199999999996,2025
2026-07-30T18:45:00+00:00,1.3453199999999996,1.3459099999999995,1.3453199999999996,1.3459099999999995,1792
2026-07-30T19:00:00+00:00,1.3459099999999995,1.3459699999999997,1.3452999999999995,1.3453199999999996,2162
2026-07-30T19:15:00+00:00,1.3453199999999996,1.3458499999999995,1.3451799999999996,1.3455099999999995,2013
2026-07-30T19:30:00+00:00,1.3455099999999995,1.3455599999999996,1.3452899999999997,1.3454699999999995,1848
2026-07-30T19:45:00+00:00,1.3454699999999995,1.3456399999999995,1.3449699999999996,1.3452799999999996,2488
2026-07-30T20:00:00+00:00,1.3452799999999996,1.3455899999999996,1.3451199999999996,1.3453799999999996,1507
2026-07-30T20:15:00+00:00,1.3453799999999996,1.3453899999999996,1.3448199999999997,1.3448499999999997,1017
2026-07-30T20:30:00+00:00,1.3448499999999997,1.3453099999999996,1.3447999999999996,1.3449799999999996,1250
2026-07-30T20:45:00+00:00,1.3449799999999996,1.3450799999999996,1.3446499999999997,1.3448399999999996,1508
2026-07-30T21:00:00+00:00,1.3448399999999996,1.3448399999999996,1.3439099999999995,1.3441699999999996,152.89924096685797
2026-07-30T21:15:00+00:00,1.3441699999999996,1.3442799999999997,1.3440999999999996,1.3442199999999995,187
2026-07-30T21:30:00+00:00,1.3442199999999995,1.3443099999999997,1.3439599999999996,1.3442599999999996,570
2026-07-30T21:45:00+00:00,1.3442599999999996,1.3443999999999996,1.3440599999999996,1.3442699999999996,299
2026-07-30T22:00:00+00:00,1.3442699999999996,1.3451999999999995,1.3442699999999996,1.3448899999999997,1183
2026-07-30T22:15:00+00:00,1.3448899999999997,1.3450699999999995,1.3447999999999996,1.3448899999999997,602
2026-07-30T22:30:00+00:00,1.3448899999999997,1.3453799999999996,1.3448299999999995,1.3451799999999996,842
2026-07-30T22:45:00+00:00,1.3451799999999996,1.3451999999999995,1.3448799999999996,1.3449999999999995,553
2026-07-30T23:00:00+00:00,1.3449999999999995,1.3452299999999995,1.3445299999999996,1.3446599999999995,1173
2026-07-30T23:15:00+00:00,1.3446599999999995,1.3448599999999995,1.3444499999999995,1.3444599999999995,1205
2026-07-30T23:30:00+00:00,1.3444599999999995,1.3445999999999996,1.3442399999999997,1.3444599999999995,1331
2026-07-30T23:45:00+00:00,1.3444599999999995,1.3446999999999996,1.3443499999999995,1.3443499999999995,1368
2026-07-31T00:00:00+00:00,1.3443499999999995,1.3446099999999996,1.3440299999999996,1.3443699999999996,4872
2026-07-31T00:15:00+00:00,1.3443699999999996,1.3447899999999995,1.3441099999999997,1.3444199999999995,3772
2026-07-31T00:30:00+00:00,1.3444199999999995,1.3445599999999995,1.3436899999999996,1.3438799999999995,3462
2026-07-31T00:45:00+00:00,1.3438799999999995,1.3443799999999997,1.3436499999999996,1.3441399999999997,4041
2026-07-31T01:00:00+00:00,1.3441399999999997,1.3445799999999997,1.3438899999999996,1.3440699999999997,3780
2026-07-31T01:15:00+00:00,1.3440699999999997,1.3441299999999996,1.3437299999999996,1.3439599999999996,3559
2026-07-31T01:30:00+00:00,1.3439599999999996,1.3443499999999995,1.3434599999999997,1.3434999999999997,3896
2026-07-31T01:45:00+00:00,1.3434999999999997,1.3435899999999996,1.3431299999999995,1.3433899999999996,3172
2026-07-31T02:00:00+00:00,1.3433899999999996,1.3442899999999995,1.3433099999999996,1.3440899999999996,3702
2026-07-31T02:15:00+00:00,1.3440899999999996,1.3441599999999996,1.3436999999999997,1.3438399999999995,3148
2026-07-31T02:30:00+00:00,1.3438399999999995,1.3440399999999997,1.3434899999999996,1.3436199999999996,2341
2026-07-31T02:45:00+00:00,1.3436199999999996,1.3436199999999996,1.3432599999999997,1.3433699999999995,2784
2026-07-31T03:00:00+00:00,1.3433699999999995,1.3435099999999995,1.3428699999999996,1.3429999999999995,3246
2026-07-31T03:15:00+00:00,1.3429999999999995,1.3432499999999996,1.3428099999999996,1.3429199999999997,2419
2026-07-31T03:30:00+00:00,1.3429199999999997,1.3432099999999996,1.3428699999999996,1.3430999999999995,2590
2026-07-31T03:45:00+00:00,1.3430999999999995,1.3434499999999996,1.3430999999999995,1.3434299999999997,2806
2026-07-31T04:00:00+00:00,1.3434299999999997,1.3435399999999995,1.3431999999999995,1.3432999999999995,2917
2026-07-31T04:15:00+00:00,1.3432999999999995,1.3433999999999995,1.3431099999999996,1.3431099999999996,2637
2026-07-31T04:30:00+00:00,1.3431099999999996,1.3431699999999995,1.3426999999999996,1.3426999999999996,3561
2026-07-31T04:45:00+00:00,1.3426999999999996,1.3429099999999996,1.3424999999999996,1.3428699999999996,2100
2026-07-31T05:00:00+00:00,1.3428699999999996,1.3432299999999995,1.3427899999999995,1.3429199999999997,3115
2026-07-31T05:15:00+00:00,1.3429199999999997,1.3430099999999996,1.3425999999999996,1.3426399999999996,2778
2026-07-31T05:30:00+00:00,1.3426399999999996,1.3429999999999995,1.3425199999999995,1.3425999999999996,3227
2026-07-31T05:45:00+00:00,1.3425999999999996,1.3427999999999995,1.3423399999999996,1.3425799999999997,2862
2026-07-31T06:00:00+00:00,1.3425799999999997,1.3437599999999996,1.3425799999999997,1.3437199999999996,3898
2026-07-31T06:15:00+00:00,1.3437199999999996,1.3443999999999996,1.3433999999999995,1.3442699999999996,3500
2026-07-31T06:30:00+00:00,1.3442699999999996,1.3442699999999996,1.3428799999999996,1.3432399999999995,4944
2026-07-31T06:45:00+00:00,1.3432399999999995,1.3444499999999995,1.3432399999999995,1.3434399999999995,7136
2026-07-31T07:00:00+00:00,1.3434399999999995,1.3438399999999995,1.3433199999999996,1.3437899999999996,4542
2026-07-31T07:15:00+00:00,1.3437899999999996,1.3438099999999995,1.3427999999999995,1.3433999999999995,4784
2026-07-31T07:30:00+00:00,1.3433999999999995,1.3435099999999995,1.3428899999999997,1.3434399999999995,3300
2026-07-31T07:45:00+00:00,1.3434399999999995,1.3445499999999997,1.3433199999999996,1.3435299999999997,4945
2026-07-31T08:00:00+00:00,1.3435299999999997,1.3435799999999996,1.3422999999999996,1.3425499999999997,3734
2026-07-31T08:15:00+00:00,1.3425499999999997,1.3429699999999996,1.3421299999999998,1.3421799999999997,3292
2026-07-31T08:30:00+00:00,1.3421799999999997,1.3429999999999997,1.3419999999999996,1.3429199999999997,3387
2026-07-31T08:45:00+00:00,1.3429199999999997,1.3448799999999999,1.3428599999999997,1.3443899999999998,5439
2026-07-31T09:00:00+00:00,1.3443899999999998,1.3452499999999998,1.3440699999999997,1.3442499999999997,8197
2026-07-31T09:15:00+00:00,1.3442499999999997,1.3446799999999997,1.3438299999999996,1.3438599999999998,5132
2026-07-31T09:30:00+00:00,1.3438599999999998,1.3441599999999998,1.3430699999999998,1.3430799999999998,5173
2026-07-31T09:45:00+00:00,1.3430799999999998,1.3438699999999997,1.3430399999999998,1.3434599999999997,3376
2026-07-31T10:00:00+00:00,1.3434599999999997,1.3436799999999998,1.3429099999999998,1.3432699999999997,3375
2026-07-31T10:15:00+00:00,1.3432699999999997,1.3434399999999997,1.3427899999999997,1.3430499999999999,2609
2026-07-31T10:30:00+00:00,1.3430499999999999,1.3433999999999997,1.3429599999999997,1.3432299999999997,3429
2026-07-31T10:45:00+00:00,1.3432299999999997,1.3433599999999997,1.3428299999999997,1.3428899999999997,2324
2026-07-31T11:00:00+00:00,1.3428899999999997,1.3429199999999997,1.3421299999999998,1.3425299999999998,3325
2026-07-31T11:15:00+00:00,1.3425299999999998,1.3425499999999997,1.3418199999999998,1.3418299999999999,4268
2026-07-31T11:30:00+00:00,1.3418299999999999,1.3419399999999997,1.3407299999999998,1.3408599999999997,3784
2026-07-31T11:45:00+00:00,1.3408599999999997,1.3410099999999998,1.3402299999999998,1.3402699999999999,4389
2026-07-31T12:00:00+00:00,1.3402699999999999,1.3407599999999997,1.3400099999999997,1.3405599999999998,3195
2026-07-31T12:15:00+00:00,1.3405599999999998,1.3406799999999996,1.3402499999999997,1.3402699999999999,2380
2026-07-31T12:30:00+00:00,1.3402699999999999,1.3406599999999997,1.3398399999999997,1.3404399999999999,2401
2026-07-31T12:45:00+00:00,1.3404399999999999,1.3412499999999998,1.3404399999999999,1.3405299999999998,3392
2026-07-31T13:00:00+00:00,1.3405299999999998,1.3408599999999997,1.3398899999999998,1.3399499999999998,3531
2026-07-31T13:15:00+00:00,1.3399499999999998,1.3417699999999997,1.3394299999999997,1.3415399999999997,8286
2026-07-31T13:30:00+00:00,1.3415399999999997,1.3416999999999997,1.3384799999999997,1.3396399999999997,10976
2026-07-31T13:45:00+00:00,1.3396399999999997,1.3405699999999998,1.3390299999999997,1.3392899999999996,7974
2026-07-31T14:00:00+00:00,1.3392899999999996,1.3401799999999997,1.3387199999999997,1.3401799999999997,7940
2026-07-31T14:15:00+00:00,1.3401799999999997,1.3408199999999997,1.3397399999999997,1.3407499999999997,6670
2026-07-31T14:30:00+00:00,1.3407499999999997,1.3430499999999999,1.3407299999999998,1.3429899999999997,5177
2026-07-31T14:45:00+00:00,1.3429899999999997,1.3445199999999997,1.3424299999999998,1.3441099999999997,9867
2026-07-31T15:00:00+00:00,1.3441099999999997,1.3450499999999999,1.3438399999999997,1.3447999999999998,8170
2026-07-31T15:15:00+00:00,1.3447999999999998,1.3452999999999997,1.3442499999999997,1.3445999999999998,5188
2026-07-31T15:30:00+00:00,1.3445999999999998,1.3453099999999998,1.3443299999999998,1.3449499999999996,5233
2026-07-31T15:45:00+00:00,1.3449499999999996,1.3457299999999996,1.3447199999999997,1.3452499999999998,4208
2026-07-31T16:00:00+00:00,1.3452499999999998,1.3455599999999996,1.3448199999999997,1.3452599999999997,4295
2026-07-31T16:15:00+00:00,1.3452599999999997,1.3454599999999997,1.3446199999999997,1.3447799999999996,4141
2026-07-31T16:30:00+00:00,1.3447799999999996,1.3452399999999998,1.3447299999999998,1.3448599999999997,2411
2026-07-31T16:45:00+00:00,1.3448599999999997,1.3453099999999998,1.3448499999999997,1.3449399999999998,2868
2026-07-31T17:00:00+00:00,1.3449399999999998,1.3458799999999997,1.3449299999999997,1.3456999999999997,3754
2026-07-31T17:15:00+00:00,1.3456999999999997,1.3462099999999997,1.3453599999999997,1.3461699999999996,4991
2026-07-31T17:30:00+00:00,1.3461699999999996,1.3469399999999998,1.3461599999999998,1.3468799999999999,5142
2026-07-31T17:45:00+00:00,1.3468799999999999,1.3472699999999997,1.3459399999999997,1.3468199999999997,6938
2026-07-31T18:00:00+00:00,1.3468199999999997,1.3472799999999998,1.3460199999999998,1.3460699999999997,5461
2026-07-31T18:15:00+00:00,1.3460699999999997,1.3464799999999997,1.3459399999999997,1.3463099999999997,2741
2026-07-31T18:30:00+00:00,1.3463099999999997,1.3464399999999996,1.3460399999999997,1.3461699999999996,2162
2026-07-31T18:45:00+00:00,1.3461699999999996,1.3467799999999996,1.3459499999999998,1.3467299999999998,3126
2026-07-31T19:00:00+00:00,1.3467299999999998,1.3471299999999997,1.3467299999999998,1.3468099999999998,1858
2026-07-31T19:15:00+00:00,1.3468099999999998,1.3468199999999997,1.3465599999999998,1.3467499999999997,857
2026-07-31T19:30:00+00:00,1.3467499999999997,1.3470899999999997,1.3462799999999997,1.3470799999999998,1604
2026-07-31T19:45:00+00:00,1.3470799999999998,1.3471699999999998,1.3461299999999998,1.3461299999999998,3113
2026-07-31T20:00:00+00:00,1.3461299999999998,1.3462899999999998,1.3457399999999997,1.3462899999999998,2363
2026-07-31T20:15:00+00:00,1.3462899999999998,1.3472799999999998,1.3462899999999998,1.3469199999999997,2750
2026-07-31T20:30:00+00:00,1.3469199999999997,1.3476499999999998,1.3467899999999997,1.3475799999999998,3122
2026-07-31T20:45:00+00:00,1.3475799999999998,1.3478799999999997,1.3457699999999997,1.3459699999999997,5984
2026-08-02T21:00:00+00:00,1.3459699999999997,1.3465599999999998,1.3457799999999995,1.3458699999999997,182.2755806188528
2026-08-02T21:15:00+00:00,1.3458699999999997,1.3459699999999997,1.3458099999999995,1.3458499999999995,196.46428837417145
2026-08-02T21:30:00+00:00,1.3458499999999995,1.3463499999999995,1.3451899999999997,1.3460499999999995,285
2026-08-02T21:45:00+00:00,1.3460499999999995,1.3463099999999997,1.3452599999999997,1.3454199999999996,569
2026-08-02T22:00:00+00:00,1.3454199999999996,1.3479899999999996,1.3454199999999996,1.3478699999999997,2397
2026-08-02T22:15:00+00:00,1.3478699999999997,1.3479299999999996,1.3470099999999996,1.3473199999999996,2867
2026-08-02T22:30:00+00:00,1.3473199999999996,1.3474199999999996,1.3468099999999996,1.3469199999999997,2013
2026-08-02T22:45:00+00:00,1.3469199999999997,1.3472699999999995,1.3467599999999995,1.3469099999999996,1178
2026-08-02T23:00:00+00:00,1.3469099999999996,1.3471099999999996,1.3463899999999995,1.3465699999999996,2556
2026-08-02T23:15:00+00:00,1.3465699999999996,1.3466199999999995,1.3462899999999995,1.3465399999999996,1680
2026-08-02T23:30:00+00:00,1.3465399999999996,1.3467099999999996,1.3461999999999996,1.3466199999999995,1601
2026-08-02T23:45:00+00:00,1.3466199999999995,1.3466899999999995,1.3463599999999996,1.3464699999999996,2665
2026-08-03T00:00:00+00:00,1.3464699999999996,1.3465099999999997,1.3456499999999996,1.3457699999999997,5296
2026-08-03T00:15:00+00:00,1.3457699999999997,1.3469899999999997,1.3457399999999995,1.3467999999999996,5803
2026-08-03T00:30:00+00:00,1.3467999999999996,1.3476299999999997,1.3466099999999996,1.3474699999999995,10817
2026-08-03T00:45:00+00:00,1.3474699999999995,1.3475799999999996,1.3458999999999997,1.3460899999999996,7432
2026-08-03T01:00:00+00:00,1.3460899999999996,1.3464899999999995,1.3449399999999996,1.3449399999999996,8085
2026-08-03T01:15:00+00:00,1.3449399999999996,1.3451199999999996,1.3444499999999995,1.3446299999999995,3993
2026-08-03T01:30:00+00:00,1.3446299999999995,1.3448499999999997,1.3444399999999996,1.3447499999999997,4049
2026-08-03T01:45:00+00:00,1.3447499999999997,1.3447699999999996,1.3443799999999997,1.3447299999999995,3011
2026-08-03T02:00:00+00:00,1.3447299999999995,1.3450199999999997,1.3444199999999995,1.3444399999999996,2941
2026-08-03T02:15:00+00:00,1.3444399999999996,1.3447399999999996,1.3442499999999995,1.3445199999999995,3673
2026-08-03T02:30:00+00:00,1.3445199999999995,1.3448999999999995,1.3444599999999995,1.3444599999999995,2852
2026-08-03T02:45:00+00:00,1.3444599999999995,1.3445899999999995,1.3442099999999997,1.3443699999999996,2556
2026-08-03T03:00:00+00:00,1.3443699999999996,1.3444699999999996,1.3439999999999996,1.3441699999999996,2580
2026-08-03T03:15:00+00:00,1.3441699999999996,1.3442399999999997,1.3439099999999995,1.3441599999999996,2559
2026-08-03T03:30:00+00:00,1.3441599999999996,1.3441699999999996,1.3437499999999996,1.3439199999999996,2785
2026-08-03T03:45:00+00:00,1.3439199999999996,1.3441699999999996,1.3438699999999997,1.3441099999999995,2382
2026-08-03T04:00:00+00:00,1.3441099999999995,1.3443499999999995,1.3440099999999995,1.3442499999999995,2383
2026-08-03T04:15:00+00:00,1.3442499999999995,1.3443599999999996,1.3440699999999997,1.3442199999999995,2552
2026-08-03T04:30:00+00:00,1.3442199999999995,1.3447399999999996,1.3441099999999995,1.3447399999999996,1890
2026-08-03T04:45:00+00:00,1.3447399999999996,1.3447399999999996,1.3443599999999996,1.3445599999999995,1543
2026-08-03T05:00:00+00:00,1.3445599999999995,1.3447599999999995,1.3443399999999996,1.3445599999999995,2090
2026-08-03T05:15:00+00:00,1.3445599999999995,1.3445899999999995,1.3444399999999996,1.3445899999999995,1737
2026-08-03T05:30:00+00:00,1.3445899999999995,1.3449599999999995,1.3445499999999997,1.3449099999999996,2880
2026-08-03T05:45:00+00:00,1.3449099999999996,1.3451599999999997,1.3446799999999997,1.3449799999999996,2228
2026-08-03T06:00:00+00:00,1.3449799999999996,1.3451299999999995,1.3446399999999996,1.3447199999999995,3123
2026-08-03T06:15:00+00:00,1.3447199999999995,1.3448799999999996,1.3442899999999995,1.3445699999999996,3980
2026-08-03T06:30:00+00:00,1.3445699999999996,1.3446399999999996,1.3432199999999996,1.3433299999999997,4067
2026-08-03T06:45:00+00:00,1.3433299999999997,1.3436799999999995,1.3431199999999996,1.3434199999999996,3532
2026-08-03T07:00:00+00:00,1.3434199999999996,1.3438499999999995,1.3431499999999996,1.3438199999999996,4776
2026-08-03T07:15:00+00:00,1.3438199999999996,1.3439699999999997,1.3426499999999997,1.3437499999999996,5713
2026-08-03T07:30:00+00:00,1.3437499999999996,1.3443899999999995,1.3436399999999995,1.3439099999999995,3852
2026-08-03T07:45:00+00:00,1.3439099999999995,1.3439699999999997,1.3432699999999995,1.3434899999999996,5269
2026-08-03T08:00:00+00:00,1.3434899999999996,1.3435799999999996,1.3429899999999997,1.3434499999999996,2727
2026-08-03T08:15:00+00:00,1.3434499999999996,1.3434599999999997,1.3429599999999995,1.3430399999999996,3639
2026-08-03T08:30:00+00:00,1.3430399999999996,1.3434899999999996,1.3429499999999996,1.3432399999999995,4099
2026-08-03T08:45:00+00:00,1.3432399999999995,1.3432499999999996,1.3427499999999997,1.3428299999999995,3045
2026-08-03T09:00:00+00:00,1.3428299999999995,1.3430899999999997,1.3423199999999995,1.3427699999999996,3644
2026-08-03T09:15:00+00:00,1.3427699999999996,1.3428699999999996,1.3422799999999995,1.3427499999999997,4018
2026-08-03T09:30:00+00:00,1.3427499999999997,1.3430599999999995,1.3424499999999995,1.3430299999999995,3745
2026-08-03T09:45:00+00:00,1.3430299999999995,1.3432299999999995,1.3423299999999996,1.3423299999999996,3094
2026-08-03T10:00:00+00:00,1.3423299999999996,1.3427599999999995,1.3421699999999996,1.3426799999999997,3669
2026-08-03T10:15:00+00:00,1.3426799999999997,1.3430999999999995,1.3422099999999997,1.3430099999999996,4040
2026-08-03T10:30:00+00:00,1.3430099999999996,1.3435499999999996,1.3428199999999997,1.3433499999999996,2196
2026-08-03T10:45:00+00:00,1.3433499999999996,1.3436399999999995,1.3429499999999996,1.3432899999999997,2439
2026-08-03T11:00:00+00:00,1.3432899999999997,1.3438799999999995,1.3432799999999996,1.3438399999999995,2637
2026-08-03T11:15:00+00:00,1.3438399999999995,1.3438499999999995,1.3429299999999995,1.3432199999999996,2832
2026-08-03T11:30:00+00:00,1.3432199999999996,1.3436799999999995,1.3431399999999996,1.3436399999999995,2257
2026-08-03T11:45:00+00:00,1.3436399999999995,1.3441499999999995,1.3435899999999996,1.3441199999999995,4182
2026-08-03T12:00:00+00:00,1.3441199999999995,1.3443899999999995,1.3438099999999995,1.3440199999999995,4567
2026-08-03T12:15:00+00:00,1.3440199999999995,1.3441299999999996,1.3435499999999996,1.3436099999999995,3014
2026-08-03T12:30:00+00:00,1.3436099999999995,1.3444699999999996,1.3433899999999996,1.3435199999999996,2667
2026-08-03T12:45:00+00:00,1.3435199999999996,1.3438999999999997,1.3431999999999995,1.3437599999999996,3198
2026-08-03T13:00:00+00:00,1.3437599999999996,1.3440599999999996,1.3433799999999996,1.3434199999999996,4248
2026-08-03T13:15:00+00:00,1.3434199999999996,1.3439199999999996,1.3431999999999995,1.3439099999999995,4297
2026-08-03T13:30:00+00:00,1.3439099999999995,1.3439099999999995,1.3427699999999996,1.3429499999999996,4848
2026-08-03T13:45:00+00:00,1.3429499999999996,1.3429499999999996,1.3420899999999996,1.3424899999999995,5406
2026-08-03T14:00:00+00:00,1.3424899999999995,1.3429799999999996,1.3418599999999996,1.3418799999999995,5101
2026-08-03T14:15:00+00:00,1.3418799999999995,1.3428499999999997,1.3418399999999995,1.3423399999999996,5023
2026-08-03T14:30:00+00:00,1.3423399999999996,1.3425899999999995,1.3416299999999997,1.3420299999999996,3688
2026-08-03T14:45:00+00:00,1.3420299999999996,1.3423199999999995,1.3410899999999997,1.3411099999999996,4564
2026-08-03T15:00:00+00:00,1.3411099999999996,1.3411499999999996,1.3398299999999996,1.3400499999999995,3798
2026-08-03T15:15:00+00:00,1.3400499999999995,1.3403299999999996,1.3397199999999996,1.3398299999999996,3425
2026-08-03T15:30:00+00:00,1.3398299999999996,1.3403099999999997,1.3395999999999997,1.3399499999999995,3717
2026-08-03T15:45:00+00:00,1.3399499999999995,1.3408099999999996,1.3398199999999996,1.3407399999999996,4413
2026-08-03T16:00:00+00:00,1.3407399999999996,1.3409899999999997,1.3404399999999996,1.3405499999999997,2419
2026-08-03T16:15:00+00:00,1.3405499999999997,1.3405499999999997,1.3400099999999995,1.3400599999999996,2917
2026-08-03T16:30:00+00:00,1.3400599999999996,1.3404099999999997,1.3398299999999996,1.3402299999999996,2018
2026-08-03T16:45:00+00:00,1.3402299999999996,1.3402899999999995,1.3398399999999995,1.3398899999999996,1905
2026-08-03T17:00:00+00:00,1.3398899999999996,1.3400899999999996,1.3397699999999997,1.3399699999999997,3271
2026-08-03T17:15:00+00:00,1.3399699999999997,1.3399699999999997,1.3395399999999995,1.3397999999999997,3076
2026-08-03T17:30:00+00:00,1.3397999999999997,1.3399099999999995,1.3395799999999995,1.3396499999999996,2870
2026-08-03T17:45:00+00:00,1.3396499999999996,1.3398799999999995,1.3392399999999995,1.3392699999999995,2321
2026-08-03T18:00:00+00:00,1.3392699999999995,1.3396499999999996,1.3391099999999996,1.3394499999999996,2666
2026-08-03T18:15:00+00:00,1.3394499999999996,1.3400599999999996,1.3394499999999996,1.3399599999999996,2366
2026-08-03T18:30:00+00:00,1.3399599999999996,1.3402799999999995,1.3398599999999996,1.3402799999999995,1606
2026-08-03T18:45:00+00:00,1.3402799999999995,1.3405999999999996,1.3401699999999996,1.3404599999999995,1814
2026-08-03T19:00:00+00:00,1.3404599999999995,1.3407899999999995,1.3403899999999995,1.3406599999999995,2182
2026-08-03T19:15:00+00:00,1.3406599999999995,1.3407799999999996,1.3405699999999996,1.3406699999999996,1594
2026-08-03T19:30:00+00:00,1.3406699999999996,1.3406899999999995,1.3404699999999996,1.3405999999999996,1445
2026-08-03T19:45:00+00:00,1.3405999999999996,1.3407099999999996,1.3404299999999996,1.3404599999999995,1051
2026-08-03T20:00:00+00:00,1.3404599999999995,1.3406599999999995,1.3402899999999995,1.3403199999999995,1824
2026-08-03T20:15:00+00:00,1.3403199999999995,1.3404599999999995,1.3401799999999995,1.3402699999999996,695
2026-08-03T20:30:00+00:00,1.3402699999999996,1.3405099999999996,1.3402399999999997,1.3404399999999996,595
2026-08-03T20:45:00+00:00,1.3404399999999996,1.3407299999999995,1.3400899999999996,1.3400899999999996,1149
2026-08-03T21:00:00+00:00,1.3400899999999996,1.3402599999999996,1.3392599999999997,1.3401499999999995,151.4850352183131
2026-08-03T21:15:00+00:00,1.3401499999999995,1.3401499999999995,1.3394399999999995,1.3397799999999995,331
2026-08-03T21:30:00+00:00,1.3397799999999995,1.3400099999999995,1.3396099999999995,1.3400099999999995,1128
2026-08-03T21:45:00+00:00,1.3400099999999995,1.3400499999999995,1.3395699999999995,1.3399399999999997,1652
2026-08-03T22:00:00+00:00,1.3399399999999997,1.3405299999999996,1.3399399999999997,1.3401199999999995,381
2026-08-03T22:15:00+00:00,1.3401199999999995,1.3403599999999996,1.3401099999999997,1.3401599999999996,438
2026-08-03T22:30:00+00:00,1.3401599999999996,1.3403299999999996,1.3401199999999995,1.3402899999999995,632
2026-08-03T22:45:00+00:00,1.3402899999999995,1.3404099999999997,1.3402499999999995,1.3403299999999996,386
2026-08-03T23:00:00+00:00,1.3403299999999996,1.3403799999999997,1.3402099999999997,1.3403499999999995,507
2026-08-03T23:15:00+00:00,1.3403499999999995,1.3404699999999996,1.3402399999999997,1.3402399999999997,537
2026-08-03T23:30:00+00:00,1.3402399999999997,1.3403099999999997,1.3399499999999995,1.3400299999999996,1040
2026-08-03T23:45:00+00:00,1.3400299999999996,1.3401899999999995,1.3397799999999995,1.3400499999999995,1817
2026-08-04T00:00:00+00:00,1.3400499999999995,1.3405799999999997,1.3399299999999996,1.3400599999999996,4175
2026-08-04T00:15:00+00:00,1.3400599999999996,1.3403999999999996,1.3399899999999996,1.3402099999999997,2930
2026-08-04T00:30:00+00:00,1.3402099999999997,1.3406299999999995,1.3401099999999997,1.3405099999999996,2788
2026-08-04T00:45:00+00:00,1.3405099999999996,1.3405099999999996,1.3397399999999995,1.3397899999999996,3873
2026-08-04T01:00:00+00:00,1.3397899999999996,1.3398599999999996,1.3393599999999997,1.3397299999999996,3167
2026-08-04T01:15:00+00:00,1.3397299999999996,1.3400599999999996,1.3396799999999995,1.3398599999999996,2738
2026-08-04T01:30:00+00:00,1.3398599999999996,1.3404599999999995,1.3398599999999996,1.3404499999999995,3127
2026-08-04T01:45:00+00:00,1.3404499999999995,1.3404499999999995,1.3400999999999996,1.3401099999999997,2921
2026-08-04T02:00:00+00:00,1.3401099999999997,1.3405399999999996,1.3398999999999996,1.3403799999999997,2994
2026-08-04T02:15:00+00:00,1.3403799999999997,1.3405299999999996,1.3399499999999995,1.3401299999999996,2288
2026-08-04T02:30:00+00:00,1.3401299999999996,1.3403699999999996,1.3400299999999996,1.3403499999999995,2848
2026-08-04T02:45:00+00:00,1.3403499999999995,1.3406299999999995,1.3400299999999996,1.3400699999999997,2505
2026-08-04T03:00:00+00:00,1.3400699999999997,1.3405099999999996,1.3400099999999995,1.3400999999999996,2656
2026-08-04T03:15:00+00:00,1.3400999999999996,1.3405099999999996,1.3400499999999995,1.3404399999999996,2694
2026-08-04T03:30:00+00:00,1.3404399999999996,1.3406499999999997,1.3398199999999996,1.3399399999999997,3240
2026-08-04T03:45:00+00:00,1.3399399999999997,1.3401499999999995,1.3398899999999996,1.3399699999999997,2560
2026-08-04T04:00:00+00:00,1.3399699999999997,1.3400699999999997,1.3396899999999996,1.3398599999999996,1926
2026-08-04T04:15:00+00:00,1.3398599999999996,1.3399999999999996,1.3398299999999996,1.3398299999999996,1743
2026-08-04T04:30:00+00:00,1.3398299999999996,1.3399499999999995,1.3397199999999996,1.3397799999999995,1584
2026-08-04T04:45:00+00:00,1.3397799999999995,1.3400499999999995,1.3397499999999996,1.3399299999999996,1606
2026-08-04T05:00:00+00:00,1.3399299999999996,1.3399399999999997,1.3395099999999995,1.3395499999999996,1653
2026-08-04T05:15:00+00:00,1.3395499999999996,1.3398699999999997,1.3394399999999995,1.3398499999999995,2192
2026-08-04T05:30:00+00:00,1.3398499999999995,1.3400299999999996,1.3393999999999995,1.3394699999999995,2280
2026-08-04T05:45:00+00:00,1.3394699999999995,1.3400099999999995,1.3392999999999995,1.3398399999999995,2629
2026-08-04T06:00:00+00:00,1.3398399999999995,1.3401299999999996,1.3396499999999996,1.3401299999999996,2809
2026-08-04T06:15:00+00:00,1.3401299999999996,1.3405899999999995,1.3399399999999997,1.3401299999999996,3635
2026-08-04T06:30:00+00:00,1.3401299999999996,1.3405699999999996,1.3400499999999995,1.3401699999999996,2836
2026-08-04T06:45:00+00:00,1.3401699999999996,1.3403599999999996,1.3400599999999996,1.3401799999999995,2973
2026-08-04T07:00:00+00:00,1.3401799999999995,1.3406899999999995,1.3400699999999997,1.3405399999999996,4144
2026-08-04T07:15:00+00:00,1.3405399999999996,1.3412399999999995,1.3404499999999995,1.3407699999999996,3977
2026-08-04T07:30:00+00:00,1.3407699999999996,1.3410999999999995,1.3406699999999996,1.3407699999999996,4635
2026-08-04T07:45:00+00:00,1.3407699999999996,1.3411899999999997,1.3405399999999996,1.3409699999999996,3319
2026-08-04T08:00:00+00:00,1.3409699999999996,1.3412599999999997,1.3406399999999996,1.3407699999999996,2919
2026-08-04T08:15:00+00:00,1.3407699999999996,1.3413499999999996,1.3406399999999996,1.3412499999999996,4253
2026-08-04T08:30:00+00:00,1.3412499999999996,1.3414599999999997,1.3407299999999995,1.3413899999999996,3936
2026-08-04T08:45:00+00:00,1.3413899999999996,1.3415899999999996,1.3409199999999997,1.3415699999999995,3040
2026-08-04T09:00:00+00:00,1.3415699999999995,1.3416199999999996,1.3409699999999996,1.3413299999999997,2668
2026-08-04T09:15:00+00:00,1.3413299999999997,1.3416299999999997,1.3411899999999997,1.3415699999999995,2207
2026-08-04T09:30:00+00:00,1.3415699999999995,1.3416099999999995,1.3412199999999996,1.3412899999999996,2245
2026-08-04T09:45:00+00:00,1.3412899999999996,1.3416199999999996,1.3411299999999995,1.3415099999999995,2715
2026-08-04T10:00:00+00:00,1.3415099999999995,1.3418199999999996,1.3413999999999995,1.3416999999999997,2544
2026-08-04T10:15:00+00:00,1.3416999999999997,1.3416999999999997,1.3412799999999996,1.3413399999999995,2134
2026-08-04T10:30:00+00:00,1.3413399999999995,1.3420499999999995,1.3411099999999996,1.3417499999999996,2777
2026-08-04T10:45:00+00:00,1.3417499999999996,1.3422099999999997,1.3415499999999996,1.3416099999999995,5556
2026-08-04T11:00:00+00:00,1.3416099999999995,1.3418199999999996,1.3413999999999995,1.3417299999999996,2259
2026-08-04T11:15:00+00:00,1.3417299999999996,1.3423299999999996,1.3417099999999995,1.3423199999999995,2195
2026-08-04T11:30:00+00:00,1.3423199999999995,1.3428299999999995,1.3421599999999996,1.3425599999999995,4048
2026-08-04T11:45:00+00:00,1.3425599999999995,1.3425899999999995,1.3418199999999996,1.3420299999999996,4730
2026-08-04T12:00:00+00:00,1.3420299999999996,1.3422899999999995,1.3418199999999996,1.3419799999999995,4323
2026-08-04T12:15:00+00:00,1.3419799999999995,1.3422399999999997,1.3417999999999997,1.3418799999999995,2096
2026-08-04T12:30:00+00:00,1.3418799999999995,1.3427799999999996,1.3418399999999995,1.3425699999999996,3113
2026-08-04T12:45:00+00:00,1.3425699999999996,1.3425999999999996,1.3415299999999997,1.3416399999999995,3110
2026-08-04T13:00:00+00:00,1.3416399999999995,1.3417599999999996,1.3412099999999996,1.3415399999999995,2292
2026-08-04T13:15:00+00:00,1.3415399999999995,1.3424299999999996,1.3411299999999995,1.3416399999999995,5309
2026-08-04T13:30:00+00:00,1.3416399999999995,1.3423599999999996,1.3416099999999995,1.3422899999999995,5198
2026-08-04T13:45:00+00:00,1.3422899999999995,1.3425899999999995,1.3418399999999995,1.3420199999999995,3767
2026-08-04T14:00:00+00:00,1.3420199999999995,1.3428799999999996,1.3419199999999996,1.3425199999999995,3620
2026-08-04T14:15:00+00:00,1.3425199999999995,1.3428899999999995,1.3423399999999996,1.3424799999999997,3182
2026-08-04T14:30:00+00:00,1.3424799999999997,1.3427399999999996,1.3420699999999997,1.3424699999999996,3352
2026-08-04T14:45:00+00:00,1.3424699999999996,1.3424799999999997,1.3416499999999996,1.3420899999999996,3822
2026-08-04T15:00:00+00:00,1.3420899999999996,1.3422399999999997,1.3417399999999995,1.3417699999999997,3395
2026-08-04T15:15:00+00:00,1.3417699999999997,1.3419799999999995,1.3415399999999995,1.3419399999999997,2851
2026-08-04T15:30:00+00:00,1.3419399999999997,1.3424599999999995,1.3415599999999996,1.3423299999999996,3746
2026-08-04T15:45:00+00:00,1.3423299999999996,1.3428799999999996,1.3422599999999996,1.3427599999999995,2763
2026-08-04T16:00:00+00:00,1.3427599999999995,1.3429699999999996,1.3421499999999995,1.3426599999999995,2628
2026-08-04T16:15:00+00:00,1.3426599999999995,1.3427499999999997,1.3423399999999996,1.3424699999999996,2620
2026-08-04T16:30:00+00:00,1.3424699999999996,1.3424699999999996,1.3420399999999997,1.3422799999999995,1625
2026-08-04T16:45:00+00:00,1.3422799999999995,1.3423799999999997,1.3419099999999995,1.3419799999999995,1850
2026-08-04T17:00:00+00:00,1.3419799999999995,1.3422099999999997,1.3417599999999996,1.3420099999999995,2024
2026-08-04T17:15:00+00:00,1.3420099999999995,1.3420399999999997,1.3415399999999995,1.3415699999999995,1965
2026-08-04T17:30:00+00:00,1.3415699999999995,1.3419299999999996,1.3414399999999995,1.3418599999999996,1647
2026-08-04T17:45:00+00:00,1.3418599999999996,1.3418999999999996,1.3416899999999996,1.3416899999999996,1593
2026-08-04T18:00:00+00:00,1.3416899999999996,1.3417899999999996,1.3414399999999995,1.3414999999999995,2823
2026-08-04T18:15:00+00:00,1.3414999999999995,1.3416899999999996,1.3414299999999997,1.3414799999999996,3157
2026-08-04T18:30:00+00:00,1.3414799999999996,1.3416499999999996,1.3413299999999997,1.3416499999999996,1379
2026-08-04T18:45:00+00:00,1.3416499999999996,1.3426499999999997,1.3416499999999996,1.3424899999999995,2251
2026-08-04T19:00:00+00:00,1.3424899999999995,1.3427699999999996,1.3423799999999997,1.3423999999999996,1771
2026-08-04T19:15:00+00:00,1.3423999999999996,1.3424899999999995,1.3422499999999995,1.3424699999999996,2889
2026-08-04T19:30:00+00:00,1.3424699999999996,1.3425099999999996,1.3422099999999997,1.3424099999999997,2733
2026-08-04T19:45:00+00:00,1.3424099999999997,1.3424999999999996,1.3422399999999997,1.3423899999999995,3312
2026-08-04T20:00:00+00:00,1.3423899999999995,1.3425799999999997,1.3423799999999997,1.3425199999999995,3921
2026-08-04T20:15:00+00:00,1.3425199999999995,1.3427699999999996,1.3424399999999996,1.3426099999999996,1458
2026-08-04T20:30:00+00:00,1.3426099999999996,1.3426199999999995,1.3424099999999997,1.3424399999999996,554
2026-08-04T20:45:00+00:00,1.3424399999999996,1.3427699999999996,1.3424099999999997,1.3424099999999997,915
2026-08-04T21:00:00+00:00,1.3424099999999997,1.3424099999999997,1.3412599999999997,1.3419499999999995,151.57451248174056
2026-08-04T21:15:00+00:00,1.3419499999999995,1.3427199999999995,1.3413899999999996,1.3417699999999997,441
2026-08-04T21:30:00+00:00,1.3417699999999997,1.3420999999999996,1.3415599999999996,1.3420599999999996,780
2026-08-04T21:45:00+00:00,1.3420599999999996,1.3424699999999996,1.3418399999999995,1.3418399999999995,2273
2026-08-04T22:00:00+00:00,1.3418399999999995,1.3425899999999995,1.3418399999999995,1.3424099999999997,1718
2026-08-04T22:15:00+00:00,1.3424099999999997,1.3424299999999996,1.3423099999999997,1.3423899999999995,306
2026-08-04T22:30:00+00:00,1.3423899999999995,1.3425899999999995,1.3423899999999995,1.3425099999999996,254
2026-08-04T22:45:00+00:00,1.3425099999999996,1.3425399999999996,1.3422999999999996,1.3424699999999996,562
2026-08-04T23:00:00+00:00,1.3424699999999996,1.3425399999999996,1.3421399999999997,1.3424399999999996,872
2026-08-04T23:15:00+00:00,1.3424399999999996,1.3424499999999995,1.3422199999999995,1.3422399999999997,652
2026-08-04T23:30:00+00:00,1.3422399999999997,1.3422799999999995,1.3421199999999995,1.3421499999999995,470
2026-08-04T23:45:00+00:00,1.3421499999999995,1.3424499999999995,1.3421499999999995,1.3423899999999995,818
2026-08-05T00:00:00+00:00,1.3423899999999995,1.3426499999999997,1.3423199999999995,1.3424799999999997,3587
2026-08-05T00:15:00+00:00,1.3424799999999997,1.3429299999999995,1.3424199999999995,1.3428499999999997,2547
2026-08-05T00:30:00+00:00,1.3428499999999997,1.3429699999999996,1.3425199999999995,1.3425199999999995,2039
2026-08-05T00:45:00+00:00,1.3425199999999995,1.3426599999999995,1.3422299999999996,1.3424299999999996,2692
2026-08-05T01:00:00+00:00,1.3424299999999996,1.3424699999999996,1.3420899999999996,1.3422899999999995,2574
2026-08-05T01:15:00+00:00,1.3422899999999995,1.3423699999999996,1.3418299999999996,1.3419999999999996,2799
2026-08-05T01:30:00+00:00,1.3419999999999996,1.3420499999999995,1.3417599999999996,1.3419099999999995,2157
2026-08-05T01:45:00+00:00,1.3419099999999995,1.3420499999999995,1.3418099999999995,1.3418899999999996,1829
2026-08-05T02:00:00+00:00,1.3418899999999996,1.3423999999999996,1.3418499999999995,1.3421599999999996,3571
2026-08-05T02:15:00+00:00,1.3421599999999996,1.3427199999999995,1.3420699999999997,1.3424699999999996,3047
2026-08-05T02:30:00+00:00,1.3424699999999996,1.3431599999999997,1.3424399999999996,1.3431299999999995,3183
2026-08-05T02:45:00+00:00,1.3431299999999995,1.3431699999999995,1.3426399999999996,1.3426399999999996,2502
2026-08-05T03:00:00+00:00,1.3426399999999996,1.3433199999999996,1.3426299999999995,1.3432499999999996,2103
2026-08-05T03:15:00+00:00,1.3432499999999996,1.3433199999999996,1.3429399999999996,1.3429899999999997,2041
2026-08-05T03:30:00+00:00,1.3429899999999997,1.3429999999999995,1.3428199999999997,1.3428799999999996,2008
2026-08-05T03:45:00+00:00,1.3428799999999996,1.3430499999999996,1.3428499999999997,1.3429299999999995,1586
2026-08-05T04:00:00+00:00,1.3429299999999995,1.3432199999999996,1.3429099999999996,1.3431499999999996,1886
2026-08-05T04:15:00+00:00,1.3431499999999996,1.3433399999999995,1.3431099999999996,1.3432599999999997,1405
2026-08-05T04:30:00+00:00,1.3432599999999997,1.3433199999999996,1.3429599999999995,1.3429999999999995,1696
2026-08-05T04:45:00+00:00,1.3429999999999995,1.3430999999999995,1.3427399999999996,1.3428599999999995,2325
2026-08-05T05:00:00+00:00,1.3428599999999995,1.3428699999999996,1.3424899999999995,1.3427899999999995,1900
2026-08-05T05:15:00+00:00,1.3427899999999995,1.3429999999999995,1.3427499999999997,1.3428099999999996,2659
2026-08-05T05:30:00+00:00,1.3428099999999996,1.3430499999999996,1.3427899999999995,1.3429499999999996,2656
2026-08-05T05:45:00+00:00,1.3429499999999996,1.3431799999999996,1.3427199999999995,1.3429299999999995,2491
2026-08-05T06:00:00+00:00,1.3429299999999995,1.3432499999999996,1.3428599999999995,1.3431199999999996,2041
2026-08-05T06:15:00+00:00,1.3431199999999996,1.3431199999999996,1.3425199999999995,1.3427399999999996,3187
2026-08-05T06:30:00+00:00,1.3427399999999996,1.3437799999999995,1.3424499999999995,1.3437199999999996,3883
2026-08-05T06:45:00+00:00,1.3437199999999996,1.3441499999999995,1.3436599999999996,1.3440599999999996,2687
2026-08-05T07:00:00+00:00,1.3440599999999996,1.3442699999999996,1.3430699999999995,1.3431499999999996,4144
2026-08-05T07:15:00+00:00,1.3431499999999996,1.3435699999999995,1.3431399999999996,1.3431699999999995,4175
2026-08-05T07:30:00+00:00,1.3431699999999995,1.3437499999999996,1.3431299999999995,1.3435599999999996,3895
2026-08-05T07:45:00+00:00,1.3435599999999996,1.3441499999999995,1.3433299999999997,1.3441099999999995,3204
2026-08-05T08:00:00+00:00,1.3441099999999995,1.3443899999999995,1.3434399999999995,1.3434899999999996,3081
2026-08-05T08:15:00+00:00,1.3434899999999996,1.3441599999999996,1.3434899999999996,1.3440799999999995,5090
2026-08-05T08:30:00+00:00,1.3440799999999995,1.3443199999999995,1.3429799999999996,1.3431599999999997,2441
2026-08-05T08:45:00+00:00,1.3431599999999997,1.3432499999999996,1.3427399999999996,1.3429999999999995,2744
2026-08-05T09:00:00+00:00,1.3429999999999995,1.3434899999999996,1.3428399999999996,1.3433199999999996,2667
2026-08-05T09:15:00+00:00,1.3433199999999996,1.3437399999999995,1.3432099999999996,1.3436599999999996,2338
2026-08-05T09:30:00+00:00,1.3436599999999996,1.3440899999999996,1.3434499999999996,1.3439499999999995,2059
2026-08-05T09:45:00+00:00,1.3439499999999995,1.3441099999999995,1.3438099999999995,1.3440099999999995,1961
2026-08-05T10:00:00+00:00,1.3440099999999995,1.3443299999999996,1.3437399999999995,1.3438799999999995,3177
2026-08-05T10:15:00+00:00,1.3438799999999995,1.3442699999999996,1.3437199999999996,1.3438299999999996,4890
2026-08-05T10:30:00+00:00,1.3438299999999996,1.3439899999999996,1.3436499999999996,1.3438299999999996,3076
2026-08-05T10:45:00+00:00,1.3438299999999996,1.3441399999999997,1.3436799999999995,1.3440399999999997,1811
2026-08-05T11:00:00+00:00,1.3440399999999997,1.3449199999999997,1.3440399999999997,1.3448999999999995,1744
2026-08-05T11:15:00+00:00,1.3448999999999995,1.3453199999999996,1.3446599999999995,1.3448899999999995,2446
2026-08-05T11:30:00+00:00,1.3448899999999995,1.3455999999999997,1.3448199999999997,1.3452999999999995,3637
2026-08-05T11:45:00+00:00,1.3452999999999995,1.3454599999999997,1.3450499999999996,1.3452399999999995,2215
2026-08-05T12:00:00+00:00,1.3452399999999995,1.3454599999999997,1.3447499999999997,1.3448699999999996,2704
2026-08-05T12:15:00+00:00,1.3448699999999996,1.3457299999999996,1.3448599999999995,1.3455399999999995,2650
2026-08-05T12:30:00+00:00,1.3455399999999995,1.3457399999999995,1.3448099999999996,1.3448499999999997,2902
2026-08-05T12:45:00+00:00,1.3448499999999997,1.3450099999999996,1.3440299999999996,1.3443499999999995,2946
2026-08-05T13:00:00+00:00,1.3443499999999995,1.3446399999999996,1.3441399999999997,1.3443799999999997,3425
2026-08-05T13:15:00+00:00,1.3443799999999997,1.3448199999999997,1.3439699999999997,1.3447599999999995,2515
2026-08-05T13:30:00+00:00,1.3447599999999995,1.3449499999999996,1.3439899999999996,1.3440399999999997,5455
2026-08-05T13:45:00+00:00,1.3440399999999997,1.3442699999999996,1.3433399999999995,1.3437399999999995,4543
2026-08-05T14:00:00+00:00,1.3437399999999995,1.3455499999999996,1.3437399999999995,1.3451999999999995,5708
2026-08-05T14:15:00+00:00,1.3451999999999995,1.3459699999999997,1.3451499999999996,1.3454099999999996,4686
2026-08-05T14:30:00+00:00,1.3454099999999996,1.3454399999999995,1.3448399999999996,1.3450499999999996,4005
2026-08-05T14:45:00+00:00,1.3450499999999996,1.3452699999999995,1.3443499999999995,1.3452199999999996,5351
2026-08-05T15:00:00+00:00,1.3452199999999996,1.3456899999999996,1.3442999999999996,1.3442999999999996,5416
2026-08-05T15:15:00+00:00,1.3442999999999996,1.3442999999999996,1.3439399999999997,1.3441299999999996,3704
2026-08-05T15:30:00+00:00,1.3441299999999996,1.3442699999999996,1.3437399999999995,1.3439699999999997,3345
2026-08-05T15:45:00+00:00,1.3439699999999997,1.3439699999999997,1.3430499999999996,1.3435399999999995,3860
2026-08-05T16:00:00+00:00,1.3435399999999995,1.3439399999999997,1.3432999999999995,1.3437599999999996,5735
2026-08-05T16:15:00+00:00,1.3437599999999996,1.3441099999999995,1.3436099999999995,1.3437899999999996,2649
2026-08-05T16:30:00+00:00,1.3437899999999996,1.3438299999999996,1.3435099999999995,1.3436799999999995,1713
2026-08-05T16:45:00+00:00,1.3436799999999995,1.3436899999999996,1.3432699999999995,1.3433499999999996,1828
2026-08-05T17:00:00+00:00,1.3433499999999996,1.3434599999999997,1.3428799999999996,1.3431899999999997,2368
2026-08-05T17:15:00+00:00,1.3431899999999997,1.3438599999999996,1.3431799999999996,1.3438299999999996,2027
2026-08-05T17:30:00+00:00,1.3438299999999996,1.3442999999999996,1.3436499999999996,1.3442599999999996,1762
2026-08-05T17:45:00+00:00,1.3442599999999996,1.3444799999999997,1.3441399999999997,1.3443599999999996,1929
2026-08-05T18:00:00+00:00,1.3443599999999996,1.3445399999999996,1.3441799999999995,1.3442499999999995,1678
2026-08-05T18:15:00+00:00,1.3442499999999995,1.3446399999999996,1.3441199999999995,1.3446299999999995,1867
2026-08-05T18:30:00+00:00,1.3446299999999995,1.3446499999999997,1.3440399999999997,1.3440499999999995,2507
2026-08-05T18:45:00+00:00,1.3440499999999995,1.3443999999999996,1.3440299999999996,1.3442299999999996,1987
2026-08-05T19:00:00+00:00,1.3442299999999996,1.3444199999999995,1.3439499999999995,1.3440299999999996,1164
2026-08-05T19:15:00+00:00,1.3440299999999996,1.3440399999999997,1.3436899999999996,1.3437499999999996,1502
2026-08-05T19:30:00+00:00,1.3437499999999996,1.3439599999999996,1.3437399999999995,1.3438499999999995,1444
2026-08-05T19:45:00+00:00,1.3438499999999995,1.3438999999999997,1.3436299999999997,1.3437299999999996,1487
2026-08-05T20:00:00+00:00,1.3437299999999996,1.3439799999999995,1.3437099999999995,1.3437199999999996,996
2026-08-05T20:15:00+00:00,1.3437199999999996,1.3438299999999996,1.3435199999999996,1.3438099999999995,538
2026-08-05T20:30:00+00:00,1.3438099999999995,1.3440299999999996,1.3437299999999996,1.3438599999999996,893
2026-08-05T20:45:00+00:00,1.3438599999999996,1.3442399999999997,1.3438599999999996,1.3441299999999996,1053
2026-08-05T21:00:00+00:00,1.3441299999999996,1.3441299999999996,1.3426899999999995,1.3429399999999994,254.87882957934104
2026-08-05T21:15:00+00:00,1.3429399999999994,1.3441899999999993,1.3428899999999995,1.3432999999999995,790
2026-08-05T21:30:00+00:00,1.3432999999999995,1.3437599999999994,1.3431499999999994,1.3435399999999995,1472
2026-08-05T21:45:00+00:00,1.3435399999999995,1.3437299999999994,1.3432099999999993,1.3433699999999995,1505
2026-08-05T22:00:00+00:00,1.3433699999999995,1.3441399999999994,1.3433699999999995,1.3440599999999994,2953
2026-08-05T22:15:00+00:00,1.3440599999999994,1.3441799999999995,1.3440099999999995,1.3441599999999994,757
2026-08-05T22:30:00+00:00,1.3441599999999994,1.3441799999999995,1.3440099999999995,1.3441699999999994,208
2026-08-05T22:45:00+00:00,1.3441699999999994,1.3442099999999995,1.3440299999999994,1.3441599999999994,525
2026-08-05T23:00:00+00:00,1.3441599999999994,1.3443599999999993,1.3441099999999995,1.3443399999999994,455
2026-08-05T23:15:00+00:00,1.3443399999999994,1.3443499999999995,1.3441799999999995,1.3441899999999993,348
2026-08-05T23:30:00+00:00,1.3441899999999993,1.3443499999999995,1.3441699999999994,1.3443199999999995,565
2026-08-05T23:45:00+00:00,1.3443199999999995,1.3445699999999994,1.3442299999999994,1.3443899999999993,1036
2026-08-06T00:00:00+00:00,1.3443899999999993,1.3444499999999995,1.3440399999999995,1.3441499999999995,3109
2026-08-06T00:15:00+00:00,1.3441499999999995,1.3444599999999993,1.3440999999999994,1.3441399999999994,2754
2026-08-06T00:30:00+00:00,1.3441399999999994,1.3444599999999993,1.3441299999999994,1.3442699999999994,2732
2026-08-06T00:45:00+00:00,1.3442699999999994,1.3445699999999994,1.3440399999999995,1.3441399999999994,3047
2026-08-06T01:00:00+00:00,1.3441399999999994,1.3442899999999993,1.3438299999999994,1.3441499999999995,3695
2026-08-06T01:15:00+00:00,1.3441499999999995,1.3445499999999995,1.3440299999999994,1.3442799999999995,3085
2026-08-06T01:30:00+00:00,1.3442799999999995,1.3445299999999993,1.3442199999999993,1.3444699999999994,2472
2026-08-06T01:45:00+00:00,1.3444699999999994,1.3444699999999994,1.3442299999999994,1.3443099999999994,2472
2026-08-06T02:00:00+00:00,1.3443099999999994,1.3447199999999995,1.3442899999999993,1.3443999999999994,2789
2026-08-06T02:15:00+00:00,1.3443999999999994,1.3446499999999995,1.3442999999999994,1.3443999999999994,2367
2026-08-06T02:30:00+00:00,1.3443999999999994,1.3445399999999994,1.3442599999999993,1.3445399999999994,2256
2026-08-06T02:45:00+00:00,1.3445399999999994,1.3445599999999993,1.3440999999999994,1.3441999999999994,2344
2026-08-06T03:00:00+00:00,1.3441999999999994,1.3442099999999995,1.3438799999999995,1.3438999999999994,1921
2026-08-06T03:15:00+00:00,1.3438999999999994,1.3439299999999994,1.3435199999999994,1.3436199999999994,2139
2026-08-06T03:30:00+00:00,1.3436199999999994,1.3437699999999995,1.3433499999999994,1.3433699999999995,1780
2026-08-06T03:45:00+00:00,1.3433699999999995,1.3434699999999995,1.3432699999999995,1.3434699999999995,1860
2026-08-06T04:00:00+00:00,1.3434699999999995,1.3436499999999993,1.3434599999999994,1.3435799999999993,1671
2026-08-06T04:15:00+00:00,1.3435799999999993,1.3436099999999993,1.3433799999999994,1.3434499999999994,942
2026-08-06T04:30:00+00:00,1.3434499999999994,1.3435699999999995,1.3433199999999994,1.3433999999999995,1294
2026-08-06T04:45:00+00:00,1.3433999999999995,1.3434899999999994,1.3432899999999994,1.3434699999999995,1415
2026-08-06T05:00:00+00:00,1.3434699999999995,1.3434699999999995,1.3430499999999994,1.3431299999999995,1340
2026-08-06T05:15:00+00:00,1.3431299999999995,1.3431599999999995,1.3430199999999994,1.3430499999999994,1318
2026-08-06T05:30:00+00:00,1.3430499999999994,1.3435899999999994,1.3429699999999993,1.3435699999999995,1815
2026-08-06T05:45:00+00:00,1.3435699999999995,1.3437599999999994,1.3435099999999993,1.3437399999999995,1684
2026-08-06T06:00:00+00:00,1.3437399999999995,1.3439699999999994,1.3435099999999993,1.3436199999999994,2071
2026-08-06T06:15:00+00:00,1.3436199999999994,1.3436999999999995,1.3433799999999994,1.3435499999999994,3806
2026-08-06T06:30:00+00:00,1.3435499999999994,1.3435599999999994,1.3429299999999995,1.3432999999999995,2709
2026-08-06T06:45:00+00:00,1.3432999999999995,1.3434899999999994,1.3430999999999995,1.3434299999999995,2137
2026-08-06T07:00:00+00:00,1.3434299999999995,1.3435799999999993,1.3430099999999994,1.3434899999999994,2495
2026-08-06T07:15:00+00:00,1.3434899999999994,1.3436999999999995,1.3434299999999995,1.3435399999999995,2689
2026-08-06T07:30:00+00:00,1.3435399999999995,1.3435699999999995,1.3430799999999994,1.3432799999999994,3471
2026-08-06T07:45:00+00:00,1.3432799999999994,1.3435999999999995,1.3429699999999993,1.3434299999999995,2732
2026-08-06T08:00:00+00:00,1.3434299999999995,1.3439499999999993,1.3431499999999994,1.3437199999999994,2968
2026-08-06T08:15:00+00:00,1.3437199999999994,1.3439699999999994,1.3436499999999993,1.3436699999999995,2951
2026-08-06T08:30:00+00:00,1.3436699999999995,1.3440299999999994,1.3434399999999995,1.3438899999999994,3735
2026-08-06T08:45:00+00:00,1.3438899999999994,1.3440299999999994,1.3436399999999995,1.3438899999999994,2852
2026-08-06T09:00:00+00:00,1.3438899999999994,1.3440899999999993,1.3435799999999993,1.3439599999999994,2462
2026-08-06T09:15:00+00:00,1.3439599999999994,1.3440399999999995,1.3436199999999994,1.3437499999999993,2104
2026-08-06T09:30:00+00:00,1.3437499999999993,1.3437799999999993,1.3427299999999993,1.3427299999999993,2306
2026-08-06T09:45:00+00:00,1.3427299999999993,1.3431899999999994,1.3426699999999994,1.3431099999999994,1881
2026-08-06T10:00:00+00:00,1.3431099999999994,1.3432099999999993,1.3428699999999993,1.3429499999999994,2061
2026-08-06T10:15:00+00:00,1.3429499999999994,1.3435899999999994,1.3428599999999995,1.3434799999999993,2796
2026-08-06T10:30:00+00:00,1.3434799999999993,1.3435599999999994,1.3432699999999995,1.3433999999999995,1446
2026-08-06T10:45:00+00:00,1.3433999999999995,1.3437399999999995,1.3433399999999993,1.3435799999999993,1685
2026-08-06T11:00:00+00:00,1.3435799999999993,1.3440699999999994,1.3435799999999993,1.3437999999999994,3730
2026-08-06T11:15:00+00:00,1.3437999999999994,1.3440799999999995,1.3437199999999994,1.3438699999999995,3436
2026-08-06T11:30:00+00:00,1.3438699999999995,1.3439399999999995,1.3433499999999994,1.3433599999999994,2335
2026-08-06T11:45:00+00:00,1.3433599999999994,1.3443299999999994,1.3432299999999995,1.3443199999999995,4373
2026-08-06T12:00:00+00:00,1.3443199999999995,1.3443799999999995,1.3436599999999994,1.3437499999999993,2978
2026-08-06T12:15:00+00:00,1.3437499999999993,1.3444799999999995,1.3437499999999993,1.3443499999999995,2599
2026-08-06T12:30:00+00:00,1.3443499999999995,1.3446499999999995,1.3442099999999995,1.3445599999999993,2284
2026-08-06T12:45:00+00:00,1.3445599999999993,1.3445899999999995,1.3439499999999993,1.3443999999999994,3605
2026-08-06T13:00:00+00:00,1.3443999999999994,1.3445899999999995,1.3439499999999993,1.3440499999999995,3297
2026-08-06T13:15:00+00:00,1.3440499999999995,1.3445499999999995,1.3439299999999994,1.3443599999999993,2497
2026-08-06T13:30:00+00:00,1.3443599999999993,1.3450399999999993,1.3443299999999994,1.3448799999999994,3590
2026-08-06T13:45:00+00:00,1.3448799999999994,1.3453899999999994,1.3445399999999994,1.3451899999999994,3845
2026-08-06T14:00:00+00:00,1.3451899999999994,1.3454099999999993,1.3440499999999995,1.3441599999999994,4451
2026-08-06T14:15:00+00:00,1.3441599999999994,1.3445999999999994,1.3439599999999994,1.3443499999999995,4762
2026-08-06T14:30:00+00:00,1.3443499999999995,1.3446699999999994,1.3439699999999994,1.3445299999999993,2789
2026-08-06T14:45:00+00:00,1.3445299999999993,1.3445299999999993,1.3438299999999994,1.3440499999999995,3552
2026-08-06T15:00:00+00:00,1.3440499999999995,1.3440999999999994,1.3431499999999994,1.3432499999999994,4381
2026-08-06T15:15:00+00:00,1.3432499999999994,1.3433799999999994,1.3426399999999994,1.3427599999999995,4207
2026-08-06T15:30:00+00:00,1.3427599999999995,1.3429299999999995,1.3424199999999995,1.3427899999999995,3263
2026-08-06T15:45:00+00:00,1.3427899999999995,1.3431699999999993,1.3425199999999995,1.3428299999999993,3768
2026-08-06T16:00:00+00:00,1.3428299999999993,1.3433699999999995,1.3426499999999995,1.3428699999999993,3008
2026-08-06T16:15:00+00:00,1.3428699999999993,1.3430599999999995,1.3424299999999993,1.3430299999999995,3146
2026-08-06T16:30:00+00:00,1.3430299999999995,1.3430799999999994,1.3425399999999994,1.3426199999999995,2085
2026-08-06T16:45:00+00:00,1.3426199999999995,1.3431999999999995,1.3426199999999995,1.3430699999999993,2205
2026-08-06T17:00:00+00:00,1.3430699999999993,1.3433599999999994,1.3429599999999995,1.3430799999999994,3202
2026-08-06T17:15:00+00:00,1.3430799999999994,1.3430799999999994,1.3426299999999993,1.3430399999999993,2009
2026-08-06T17:30:00+00:00,1.3430399999999993,1.3430699999999993,1.3426399999999994,1.3427899999999995,2062
2026-08-06T17:45:00+00:00,1.3427899999999995,1.3430999999999995,1.3427099999999994,1.3430799999999994,1835
2026-08-06T18:00:00+00:00,1.3430799999999994,1.3433799999999994,1.3430299999999995,1.3431899999999994,1404
2026-08-06T18:15:00+00:00,1.3431899999999994,1.3433199999999994,1.3428699999999993,1.3429999999999993,1228
2026-08-06T18:30:00+00:00,1.3429999999999993,1.3431199999999994,1.3427499999999994,1.3427999999999993,1257
2026-08-06T18:45:00+00:00,1.3427999999999993,1.3431599999999995,1.3426899999999995,1.3431199999999994,1566
2026-08-06T19:00:00+00:00,1.3431199999999994,1.3433699999999995,1.3429799999999994,1.3430699999999993,1414
2026-08-06T19:15:00+00:00,1.3430699999999993,1.3432099999999993,1.3424099999999994,1.3425999999999993,2440
2026-08-06T19:30:00+00:00,1.3425999999999993,1.3427399999999994,1.3423099999999994,1.3423499999999995,1890
2026-08-06T19:45:00+00:00,1.3423499999999995,1.3431199999999994,1.3423199999999995,1.3429399999999994,2731
2026-08-06T20:00:00+00:00,1.3429399999999994,1.3430599999999995,1.3427099999999994,1.3427299999999993,673
2026-08-06T20:15:00+00:00,1.3427299999999993,1.3427299999999993,1.3423099999999994,1.3423899999999993,632
2026-08-06T20:30:00+00:00,1.3423899999999993,1.3425399999999994,1.3423199999999995,1.3425399999999994,708
2026-08-06T20:45:00+00:00,1.3425399999999994,1.3428799999999994,1.3424899999999995,1.3427599999999995,1395
2026-08-06T21:00:00+00:00,1.3427599999999995,1.3427599999999995,1.3416099999999995,1.3421399999999994,303.7831883546899
2026-08-06T21:15:00+00:00,1.3421399999999994,1.3421899999999996,1.3416099999999995,1.3421699999999994,477
2026-08-06T21:30:00+00:00,1.3421699999999994,1.3426099999999994,1.3415499999999994,1.3416299999999994,613
2026-08-06T21:45:00+00:00,1.3416299999999994,1.3424999999999994,1.3413599999999994,1.3424899999999995,1271
2026-08-06T22:00:00+00:00,1.3424899999999995,1.3427599999999995,1.3423699999999994,1.3426199999999995,1764
2026-08-06T22:15:00+00:00,1.3426199999999995,1.3426199999999995,1.3424699999999994,1.3425999999999996,298
2026-08-06T22:30:00+00:00,1.3425999999999996,1.3426099999999994,1.3424699999999994,1.3425199999999995,352
2026-08-06T22:45:00+00:00,1.3425199999999995,1.3425799999999994,1.3424699999999994,1.3424999999999994,290
2026-08-06T23:00:00+00:00,1.3424999999999994,1.3427199999999995,1.3424999999999994,1.3427199999999995,251
2026-08-06T23:15:00+00:00,1.3427199999999995,1.3427699999999994,1.3426799999999994,1.3427099999999996,279.340959708443
2026-08-06T23:30:00+00:00,1.3427099999999996,1.3428099999999996,1.3426199999999995,1.3427999999999995,364
2026-08-06T23:45:00+00:00,1.3427999999999995,1.3428999999999995,1.3427399999999996,1.3428299999999995,665
2026-08-07T00:00:00+00:00,1.3428299999999995,1.3428899999999995,1.3424999999999996,1.3425299999999996,2906
2026-08-07T00:15:00+00:00,1.3425299999999996,1.3425899999999995,1.3423799999999995,1.3424799999999995,3355
2026-08-07T00:30:00+00:00,1.3424799999999995,1.3426299999999995,1.3423599999999996,1.3424199999999995,2577
2026-08-07T00:45:00+00:00,1.3424199999999995,1.3425399999999996,1.3421399999999994,1.3423799999999995,3486
2026-08-07T01:00:00+00:00,1.3423799999999995,1.3426999999999996,1.3422499999999995,1.3426399999999996,3091
2026-08-07T01:15:00+00:00,1.3426399999999996,1.3426899999999995,1.3425099999999996,1.3426299999999995,2090
2026-08-07T01:30:00+00:00,1.3426299999999995,1.3430299999999995,1.3423999999999996,1.3428899999999995,3147
2026-08-07T01:45:00+00:00,1.3428899999999995,1.3429699999999996,1.3426299999999995,1.3426799999999997,3201
2026-08-07T02:00:00+00:00,1.3426799999999997,1.3428099999999996,1.3426399999999996,1.3426599999999995,2145
2026-08-07T02:15:00+00:00,1.3426599999999995,1.3427699999999996,1.3425399999999996,1.3427299999999995,2316
2026-08-07T02:30:00+00:00,1.3427299999999995,1.3427799999999996,1.3424899999999995,1.3424899999999995,2363
2026-08-07T02:45:00+00:00,1.3424899999999995,1.3427599999999995,1.3424499999999995,1.3425599999999995,1855
2026-08-07T03:00:00+00:00,1.3425599999999995,1.3426799999999997,1.3424399999999996,1.3425299999999996,2170
2026-08-07T03:15:00+00:00,1.3425299999999996,1.3425499999999995,1.3424199999999995,1.3424699999999996,2032
2026-08-07T03:30:00+00:00,1.3424699999999996,1.3425899999999995,1.3424399999999996,1.3424599999999995,1228
2026-08-07T03:45:00+00:00,1.3424599999999995,1.3426799999999997,1.3424499999999995,1.3426799999999997,1328
2026-08-07T04:00:00+00:00,1.3426799999999997,1.3427599999999995,1.3425699999999996,1.3426199999999995,2491
2026-08-07T04:15:00+00:00,1.3426199999999995,1.3428299999999995,1.3425799999999997,1.3427299999999995,2107
2026-08-07T04:30:00+00:00,1.3427299999999995,1.3428899999999995,1.3426499999999995,1.3427699999999996,2265
2026-08-07T04:45:00+00:00,1.3427699999999996,1.3428799999999996,1.3426699999999996,1.3427499999999994,1130
2026-08-07T05:00:00+00:00,1.3427499999999994,1.3429799999999996,1.3426999999999996,1.3429299999999995,1608
2026-08-07T05:15:00+00:00,1.3429299999999995,1.3429599999999995,1.3425399999999996,1.3425499999999995,1623
2026-08-07T05:30:00+00:00,1.3425499999999995,1.3427899999999995,1.3424999999999996,1.3426299999999995,2640
2026-08-07T05:45:00+00:00,1.3426299999999995,1.3428499999999997,1.3425399999999996,1.3426499999999995,3310
2026-08-07T06:00:00+00:00,1.3426499999999995,1.3429599999999995,1.3425499999999995,1.3429599999999995,2380
2026-08-07T06:15:00+00:00,1.3429599999999995,1.3431999999999995,1.3426699999999996,1.3429799999999996,3200
2026-08-07T06:30:00+00:00,1.3429799999999996,1.3429799999999996,1.3426299999999995,1.3427699999999996,3166
2026-08-07T06:45:00+00:00,1.3427699999999996,1.3430099999999996,1.3426399999999996,1.3427399999999996,2681
2026-08-07T07:00:00+00:00,1.3427399999999996,1.3427499999999994,1.3422399999999997,1.3424799999999995,2683
2026-08-07T07:15:00+00:00,1.3424799999999995,1.3426899999999995,1.3421799999999995,1.3422199999999995,2202
2026-08-07T07:30:00+00:00,1.3422199999999995,1.3424599999999995,1.3419199999999996,1.3420599999999996,2522
2026-08-07T07:45:00+00:00,1.3420599999999996,1.3424399999999996,1.3420499999999995,1.3421699999999996,2190
2026-08-07T08:00:00+00:00,1.3421699999999996,1.3423899999999995,1.3418499999999995,1.3419099999999995,3270
2026-08-07T08:15:00+00:00,1.3419099999999995,1.3421199999999995,1.3417899999999996,1.3418499999999995,1924
2026-08-07T08:30:00+00:00,1.3418499999999995,1.3422699999999996,1.3416899999999996,1.3421799999999995,2493
2026-08-07T08:45:00+00:00,1.3421799999999995,1.3422999999999996,1.3416699999999995,1.3416799999999995,2480
2026-08-07T09:00:00+00:00,1.3416799999999995,1.3419999999999996,1.3414499999999996,1.3419599999999996,3014
2026-08-07T09:15:00+00:00,1.3419599999999996,1.3420699999999997,1.3417899999999996,1.3418099999999995,2498
2026-08-07T09:30:00+00:00,1.3418099999999995,1.3418199999999996,1.3413399999999995,1.3413799999999996,2051
2026-08-07T09:45:00+00:00,1.3413799999999996,1.3417799999999995,1.3413499999999996,1.3415699999999995,1874
2026-08-07T10:00:00+00:00,1.3415699999999995,1.3416699999999995,1.3410599999999995,1.3410999999999995,1760
2026-08-07T10:15:00+00:00,1.3410999999999995,1.3413899999999996,1.3410599999999995,1.3411499999999996,1774
2026-08-07T10:30:00+00:00,1.3411499999999996,1.3412599999999995,1.3407999999999995,1.3408499999999997,1642
2026-08-07T10:45:00+00:00,1.3408499999999997,1.3412699999999995,1.3408199999999995,1.3411299999999995,1821
2026-08-07T11:00:00+00:00,1.3411299999999995,1.3416999999999994,1.3411299999999995,1.3415699999999995,2877
2026-08-07T11:15:00+00:00,1.3415699999999995,1.3417899999999996,1.3413199999999996,1.3413499999999996,2352
2026-08-07T11:30:00+00:00,1.3413499999999996,1.3421299999999996,1.3413199999999996,1.3420899999999996,1910
2026-08-07T11:45:00+00:00,1.3420899999999996,1.3423499999999995,1.3419599999999996,1.3423199999999995,2165
2026-08-07T12:00:00+00:00,1.3423199999999995,1.3425699999999996,1.3421099999999995,1.3421199999999995,3164
2026-08-07T12:15:00+00:00,1.3421199999999995,1.3423999999999996,1.3413299999999995,1.3413299999999995,3982
2026-08-07T12:30:00+00:00,1.3413299999999995,1.3477199999999996,1.3409999999999995,1.3472099999999996,15933
2026-08-07T12:45:00+00:00,1.3472099999999996,1.3481899999999996,1.3469499999999996,1.3473599999999994,9722
2026-08-07T13:00:00+00:00,1.3473599999999994,1.3477499999999996,1.3466799999999997,1.3476999999999995,7254
2026-08-07T13:15:00+00:00,1.3476999999999995,1.3482599999999996,1.3468599999999995,1.3477599999999996,5666
2026-08-07T13:30:00+00:00,1.3477599999999996,1.3481899999999996,1.3467199999999995,1.3477899999999996,5993
2026-08-07T13:45:00+00:00,1.3477899999999996,1.3478399999999995,1.3461199999999995,1.3463599999999996,5112
2026-08-07T14:00:00+00:00,1.3463599999999996,1.3467899999999995,1.3456899999999996,1.3467799999999996,4946
2026-08-07T14:15:00+00:00,1.3467799999999996,1.3475499999999996,1.3465899999999995,1.3468099999999996,4337
2026-08-07T14:30:00+00:00,1.3468099999999996,1.3470299999999995,1.3462499999999995,1.3464299999999996,4370
2026-08-07T14:45:00+00:00,1.3464299999999996,1.3465799999999994,1.3457299999999996,1.3462699999999996,5636
2026-08-07T15:00:00+00:00,1.3462699999999996,1.3469499999999996,1.3456599999999996,1.3469399999999996,5735
2026-08-07T15:15:00+00:00,1.3469399999999996,1.3473999999999995,1.3467699999999996,1.3468799999999996,4090
2026-08-07T15:30:00+00:00,1.3468799999999996,1.3474299999999995,1.3465599999999995,1.3472199999999996,4894
2026-08-07T15:45:00+00:00,1.3472199999999996,1.3473399999999995,1.3465699999999996,1.3469899999999995,4731
2026-08-07T16:00:00+00:00,1.3469899999999995,1.3475399999999995,1.3468499999999997,1.3475299999999995,3901
2026-08-07T16:15:00+00:00,1.3475299999999995,1.3477599999999996,1.3470699999999995,1.3472999999999995,4166
2026-08-07T16:30:00+00:00,1.3472999999999995,1.3474499999999996,1.3470499999999996,1.3472799999999996,2471
2026-08-07T16:45:00+00:00,1.3472799999999996,1.3477699999999995,1.3468999999999995,1.3469999999999995,3084
2026-08-07T17:00:00+00:00,1.3469999999999995,1.3471299999999995,1.3468299999999995,1.3470599999999995,2907
2026-08-07T17:15:00+00:00,1.3470599999999995,1.3472299999999995,1.3467699999999996,1.3469999999999995,2755
2026-08-07T17:30:00+00:00,1.3469999999999995,1.3472399999999995,1.3467999999999996,1.3471399999999996,2100
2026-08-07T17:45:00+00:00,1.3471399999999996,1.3472199999999996,1.3468899999999995,1.3468999999999995,1465
2026-08-07T18:00:00+00:00,1.3468999999999995,1.3470399999999996,1.3465699999999996,1.3467599999999995,1978
2026-08-07T18:15:00+00:00,1.3467599999999995,1.3469499999999996,1.3465599999999995,1.3469299999999995,1650
2026-08-07T18:30:00+00:00,1.3469299999999995,1.3472099999999994,1.3468899999999995,1.3472099999999994,1338
2026-08-07T18:45:00+00:00,1.3472099999999994,1.3473799999999994,1.3471399999999996,1.3472799999999994,1232
2026-08-07T19:00:00+00:00,1.3472799999999994,1.3475999999999995,1.3471199999999994,1.3472399999999995,3429
2026-08-07T19:15:00+00:00,1.3472399999999995,1.3476799999999995,1.3471799999999994,1.3475799999999996,2849
2026-08-07T19:30:00+00:00,1.3475799999999996,1.3476799999999995,1.3472199999999994,1.3472399999999995,1954
2026-08-07T19:45:00+00:00,1.3472399999999995,1.3474299999999995,1.3469799999999994,1.3470999999999995,2016
2026-08-07T20:00:00+00:00,1.3470999999999995,1.3471799999999994,1.3466699999999994,1.3466799999999994,1069
2026-08-07T20:15:00+00:00,1.3466799999999994,1.3467499999999994,1.3463799999999995,1.3464199999999995,699
2026-08-07T20:30:00+00:00,1.3464199999999995,1.3464799999999995,1.3462699999999994,1.3463799999999995,528
2026-08-07T20:45:00+00:00,1.3463799999999995,1.34895,1.3454699999999995,1.34839,2049
2026-08-09T21:00:00+00:00,1.34839,1.3485999999999998,1.3483,1.3485099999999999,54.61498507988732
2026-08-09T21:15:00+00:00,1.3485099999999999,1.34893,1.3482599999999998,1.3488999999999998,910
2026-08-09T21:30:00+00:00,1.3488999999999998,1.3493199999999999,1.34778,1.3483699999999998,1551
2026-08-09T21:45:00+00:00,1.3483699999999998,1.3485399999999998,1.3475599999999999,1.3482699999999999,4777
2026-08-09T22:00:00+00:00,1.3482699999999999,1.3490199999999999,1.34822,1.34872,579
2026-08-09T22:15:00+00:00,1.34872,1.34873,1.34842,1.3484299999999998,705
2026-08-09T22:30:00+00:00,1.3484299999999998,1.34858,1.3484299999999998,1.34855,224
2026-08-09T22:45:00+00:00,1.34855,1.34869,1.3484299999999998,1.3484699999999998,247
2026-08-09T23:00:00+00:00,1.3484699999999998,1.3488799999999999,1.3484699999999998,1.34882,803
2026-08-09T23:15:00+00:00,1.34882,1.3488799999999999,1.34875,1.3487699999999998,483
2026-08-09T23:30:00+00:00,1.3487699999999998,1.3487799999999999,1.3484099999999999,1.3487399999999998,818
2026-08-09T23:45:00+00:00,1.3487399999999998,1.3488399999999998,1.34842,1.3484399999999999,1109
2026-08-10T00:00:00+00:00,1.3484399999999999,1.34899,1.3484399999999999,1.3489399999999998,3151
2026-08-10T00:15:00+00:00,1.3489399999999998,1.3489499999999999,1.34849,1.3486099999999999,2495
2026-08-10T00:30:00+00:00,1.3486099999999999,1.34869,1.3484099999999999,1.34845,2104
2026-08-10T00:45:00+00:00,1.34845,1.3488699999999998,1.34838,1.34865,2896
2026-08-10T01:00:00+00:00,1.34865,1.34879,1.3479999999999999,1.3482999999999998,3958
2026-08-10T01:15:00+00:00,1.3482999999999998,1.34855,1.3482699999999999,1.34839,2428
2026-08-10T01:30:00+00:00,1.34839,1.34839,1.34805,1.34831,2263
2026-08-10T01:45:00+00:00,1.34831,1.34856,1.3482699999999999,1.34849,2617
2026-08-10T02:00:00+00:00,1.34849,1.34859,1.34831,1.34838,2184
2026-08-10T02:15:00+00:00,1.34838,1.34849,1.3482699999999999,1.3483699999999998,1516
2026-08-10T02:30:00+00:00,1.3483699999999998,1.34856,1.34822,1.3482299999999998,1502
2026-08-10T02:45:00+00:00,1.3482299999999998,1.3483399999999999,1.34812,1.34821,1446
2026-08-10T03:00:00+00:00,1.34821,1.34828,1.3479199999999998,1.3480899999999998,1725
2026-08-10T03:15:00+00:00,1.3480899999999998,1.3482599999999998,1.3479599999999998,1.3480999999999999,1672
2026-08-10T03:30:00+00:00,1.3480999999999999,1.34814,1.3479199999999998,1.34801,1333
2026-08-10T03:45:00+00:00,1.34801,1.34822,1.34801,1.3480899999999998,1337
2026-08-10T04:00:00+00:00,1.3480899999999998,1.34821,1.3479599999999998,1.34812,1445
2026-08-10T04:15:00+00:00,1.34812,1.34825,1.3480199999999998,1.3481999999999998,1382
2026-08-10T04:30:00+00:00,1.3481999999999998,1.3482599999999998,1.3480599999999998,1.34825,1181
2026-08-10T04:45:00+00:00,1.34825,1.3486099999999999,1.3482399999999999,1.34842,1492
2026-08-10T05:00:00+00:00,1.34842,1.34872,1.3483399999999999,1.3484999999999998,1774
2026-08-10T05:15:00+00:00,1.3484999999999998,1.34856,1.34835,1.3484599999999998,1462
2026-08-10T05:30:00+00:00,1.3484599999999998,1.3487699999999998,1.34831,1.34855,2506
2026-08-10T05:45:00+00:00,1.34855,1.34906,1.34848,1.3490199999999999,2518
2026-08-10T06:00:00+00:00,1.3490199999999999,1.3492899999999999,1.34886,1.349,2092
2026-08-10T06:15:00+00:00,1.349,1.3493899999999999,1.34896,1.34917,3330
2026-08-10T06:30:00+00:00,1.34917,1.3492799999999998,1.3487999999999998,1.34889,3002
2026-08-10T06:45:00+00:00,1.34889,1.3491099999999998,1.3487699999999998,1.3491099999999998,2037
2026-08-10T07:00:00+00:00,1.3491099999999998,1.34937,1.3487699999999998,1.3490199999999999,2886
2026-08-10T07:15:00+00:00,1.3490199999999999,1.3492099999999998,1.34875,1.3487699999999998,4385
2026-08-10T07:30:00+00:00,1.3487699999999998,1.3494599999999999,1.34876,1.3494599999999999,3608
2026-08-10T07:45:00+00:00,1.3494599999999999,1.3497499999999998,1.34899,1.34919,3391
2026-08-10T08:00:00+00:00,1.34919,1.3500899999999998,1.3490499999999999,1.35008,3232
2026-08-10T08:15:00+00:00,1.35008,1.3501599999999998,1.34974,1.3498999999999999,2056
2026-08-10T08:30:00+00:00,1.3498999999999999,1.35001,1.3497299999999999,1.34977,2204
2026-08-10T08:45:00+00:00,1.34977,1.34995,1.3495799999999998,1.3499299999999999,1980
2026-08-10T09:00:00+00:00,1.3499299999999999,1.3502899999999998,1.3497899999999998,1.3502299999999998,2566
2026-08-10T09:15:00+00:00,1.3502299999999998,1.35028,1.3498899999999998,1.35014,2452
2026-08-10T09:30:00+00:00,1.35014,1.3501699999999999,1.3491399999999998,1.3492899999999999,2672
2026-08-10T09:45:00+00:00,1.3492899999999999,1.3495599999999999,1.3491199999999999,1.3491399999999998,2353
2026-08-10T10:00:00+00:00,1.3491399999999998,1.34934,1.3488499999999999,1.3492,2997
2026-08-10T10:15:00+00:00,1.3492,1.3495599999999999,1.3491,1.3492799999999998,1970
2026-08-10T10:30:00+00:00,1.3492799999999998,1.3496299999999999,1.34909,1.3495799999999998,2235
2026-08-10T10:45:00+00:00,1.3495799999999998,1.34974,1.3494799999999998,1.3496799999999998,2415
2026-08-10T11:00:00+00:00,1.3496799999999998,1.34984,1.3492199999999999,1.3494099999999998,2408
2026-08-10T11:15:00+00:00,1.3494099999999998,1.3497,1.3492799999999998,1.3494899999999999,2493
2026-08-10T11:30:00+00:00,1.3494899999999999,1.3498899999999998,1.34937,1.3496799999999998,2615
2026-08-10T11:45:00+00:00,1.3496799999999998,1.3497299999999999,1.3493799999999998,1.34971,2067
2026-08-10T12:00:00+00:00,1.34971,1.3500299999999998,1.34936,1.34943,3728
2026-08-10T12:15:00+00:00,1.34943,1.34951,1.3488799999999999,1.34906,3108
2026-08-10T12:30:00+00:00,1.34906,1.34927,1.34862,1.34883,2554
2026-08-10T12:45:00+00:00,1.34883,1.34933,1.34876,1.3491,2655
2026-08-10T13:00:00+00:00,1.3491,1.3499899999999998,1.3490799999999998,1.34998,3141
2026-08-10T13:15:00+00:00,1.34998,1.35038,1.3497599999999998,1.3499599999999998,2693
2026-08-10T13:30:00+00:00,1.3499599999999998,1.3503999999999998,1.3497599999999998,1.34991,4240
2026-08-10T13:45:00+00:00,1.34991,1.3502599999999998,1.3494499999999998,1.35005,4781
2026-08-10T14:00:00+00:00,1.35005,1.35147,1.3499999999999999,1.35127,3807
2026-08-10T14:15:00+00:00,1.35127,1.3514599999999999,1.3508499999999999,1.3514,2630
2026-08-10T14:30:00+00:00,1.3514,1.3521899999999998,1.35116,1.35208,2788
2026-08-10T14:45:00+00:00,1.35208,1.3526799999999999,1.35137,1.3516799999999998,5049
2026-08-10T15:00:00+00:00,1.3516799999999998,1.35188,1.35119,1.35188,4124
2026-08-10T15:15:00+00:00,1.35188,1.3523399999999999,1.3513799999999998,1.3517899999999998,4170
2026-08-10T15:30:00+00:00,1.3517899999999998,1.3522599999999998,1.3516899999999998,1.3521999999999998,3830
2026-08-10T15:45:00+00:00,1.3521999999999998,1.35235,1.3517,1.3521699999999999,2793
2026-08-10T16:00:00+00:00,1.3521699999999999,1.3522899999999998,1.3518599999999998,1.3519999999999999,1968
2026-08-10T16:15:00+00:00,1.3519999999999999,1.35201,1.3515,1.3519299999999999,1999
2026-08-10T16:30:00+00:00,1.3519299999999999,1.3520199999999998,1.3510199999999999,1.35126,3168
2026-08-10T16:45:00+00:00,1.35126,1.3513099999999998,1.35096,1.3509799999999998,1810
2026-08-10T17:00:00+00:00,1.3509799999999998,1.3510799999999998,1.35056,1.35073,1944
2026-08-10T17:15:00+00:00,1.35073,1.35075,1.3502899999999998,1.35055,2651
2026-08-10T17:30:00+00:00,1.35055,1.35072,1.3504399999999999,1.3504599999999998,2056
2026-08-10T17:45:00+00:00,1.3504599999999998,1.35048,1.35011,1.35025,2008
2026-08-10T18:00:00+00:00,1.35025,1.3504299999999998,1.35018,1.3503999999999998,1269
2026-08-10T18:15:00+00:00,1.3503999999999998,1.3504999999999998,1.3502899999999998,1.35038,1212
2026-08-10T18:30:00+00:00,1.35038,1.3507799999999999,1.3502699999999999,1.3507799999999999,1866
2026-08-10T18:45:00+00:00,1.3507799999999999,1.35079,1.3502999999999998,1.3505099999999999,2244
2026-08-10T19:00:00+00:00,1.3505099999999999,1.35059,1.3501899999999998,1.3503699999999998,1325
2026-08-10T19:15:00+00:00,1.3503699999999998,1.3505099999999999,1.35022,1.3503699999999998,854
2026-08-10T19:30:00+00:00,1.3503699999999998,1.35048,1.3501699999999999,1.35035,1462
2026-08-10T19:45:00+00:00,1.35035,1.35052,1.3502699999999999,1.3504099999999999,1460
2026-08-10T20:00:00+00:00,1.3504099999999999,1.35062,1.3504099999999999,1.3504699999999998,981
2026-08-10T20:15:00+00:00,1.3504699999999998,1.35049,1.3502299999999998,1.3502399999999999,485
2026-08-10T20:30:00+00:00,1.3502399999999999,1.35042,1.35022,1.3503699999999998,394
2026-08-10T20:45:00+00:00,1.3503699999999998,1.3503699999999998,1.3501899999999998,1.3503599999999998,697
2026-08-10T21:00:00+00:00,1.3503599999999998,1.3503599999999998,1.34934,1.34967,127
2026-08-10T21:15:00+00:00,1.34967,1.35048,1.3496499999999998,1.3499599999999998,247
2026-08-10T21:30:00+00:00,1.3499599999999998,1.35011,1.3496199999999998,1.3500199999999998,444
2026-08-10T21:45:00+00:00,1.3500199999999998,1.3502399999999999,1.3498899999999998,1.35008,367
2026-08-10T22:00:00+00:00,1.35008,1.3504999999999998,1.35008,1.35035,1518
2026-08-10T22:15:00+00:00,1.35035,1.35042,1.35025,1.35031,410
2026-08-10T22:30:00+00:00,1.35031,1.35042,1.3502699999999999,1.35039,192
2026-08-10T22:45:00+00:00,1.35039,1.3505099999999999,1.3503699999999998,1.35049,236
2026-08-10T23:00:00+00:00,1.35049,1.35056,1.3503699999999998,1.35042,501
2026-08-10T23:15:00+00:00,1.35042,1.3504599999999998,1.3502999999999998,1.35035,337
2026-08-10T23:30:00+00:00,1.35035,1.35045,1.35025,1.35032,662
2026-08-10T23:45:00+00:00,1.35032,1.35073,1.3502899999999998,1.3506999999999998,1495
2026-08-11T00:00:00+00:00,1.3506999999999998,1.3508999999999998,1.35062,1.3507699999999998,1957
2026-08-11T00:15:00+00:00,1.3507699999999998,1.3509399999999998,1.3506699999999998,1.3508999999999998,1224
2026-08-11T00:30:00+00:00,1.3508999999999998,1.3511499999999999,1.3507799999999999,1.35103,1744
2026-08-11T00:45:00+00:00,1.35103,1.35106,1.35065,1.35069,1667
2026-08-11T01:00:00+00:00,1.35069,1.3507999999999998,1.35022,1.3507999999999998,2511
2026-08-11T01:15:00+00:00,1.3507999999999998,1.3510199999999999,1.3506799999999999,1.35093,2625
2026-08-11T01:30:00+00:00,1.35093,1.3511199999999999,1.3506299999999998,1.35065,1810
2026-08-11T01:45:00+00:00,1.35065,1.351,1.35062,1.35065,1687
2026-08-11T02:00:00+00:00,1.35065,1.3507799999999999,1.35042,1.35062,1835
2026-08-11T02:15:00+00:00,1.35062,1.35065,1.35018,1.3502899999999998,2056
2026-08-11T02:30:00+00:00,1.3502899999999998,1.3504099999999999,1.3501899999999998,1.35031,2299
2026-08-11T02:45:00+00:00,1.35031,1.3503399999999999,1.34988,1.3500699999999999,2148
2026-08-11T03:00:00+00:00,1.3500699999999999,1.35048,1.3500699999999999,1.3504299999999998,2147
2026-08-11T03:15:00+00:00,1.3504299999999998,1.35086,1.3503999999999998,1.35083,2114
2026-08-11T03:30:00+00:00,1.35083,1.3509099999999998,1.3506799999999999,1.35069,2156
2026-08-11T03:45:00+00:00,1.35069,1.35072,1.3505299999999998,1.3506299999999998,1288
2026-08-11T04:00:00+00:00,1.3506299999999998,1.35079,1.3506099999999999,1.3506999999999998,1504
2026-08-11T04:15:00+00:00,1.3506999999999998,1.3508799999999999,1.3506799999999999,1.3508399999999998,1520
2026-08-11T04:30:00+00:00,1.3508399999999998,1.3509799999999998,1.3504299999999998,1.3504999999999998,3032
2026-08-11T04:45:00+00:00,1.3504999999999998,1.35079,1.3502899999999998,1.3507799999999999,2217
2026-08-11T05:00:00+00:00,1.3507799999999999,1.3507999999999998,1.35038,1.35049,1922
2026-08-11T05:15:00+00:00,1.35049,1.3505099999999999,1.35035,1.3504299999999998,1486
2026-08-11T05:30:00+00:00,1.3504299999999998,1.3510099999999998,1.3503299999999998,1.3509799999999998,2251
2026-08-11T05:45:00+00:00,1.3509799999999998,1.3509799999999998,1.35059,1.35083,2552
2026-08-11T06:00:00+00:00,1.35083,1.35119,1.35083,1.3509799999999998,2821
2026-08-11T06:15:00+00:00,1.3509799999999998,1.3511099999999998,1.3499999999999999,1.35028,3607
2026-08-11T06:30:00+00:00,1.35028,1.35048,1.3497599999999998,1.3502399999999999,3219
2026-08-11T06:45:00+00:00,1.3502399999999999,1.35025,1.34981,1.3501599999999998,2429
2026-08-11T07:00:00+00:00,1.3501599999999998,1.3504299999999998,1.3499999999999999,1.35021,2858
2026-08-11T07:15:00+00:00,1.35021,1.35021,1.34947,1.3496899999999998,2873
2026-08-11T07:30:00+00:00,1.3496899999999998,1.3498499999999998,1.3490399999999998,1.3492799999999998,2929
2026-08-11T07:45:00+00:00,1.3492799999999998,1.3495799999999998,1.3491799999999998,1.3492799999999998,2956
2026-08-11T08:00:00+00:00,1.3492799999999998,1.34961,1.3491499999999998,1.3495,2727
2026-08-11T08:15:00+00:00,1.3495,1.3497899999999998,1.3495,1.3497599999999998,2416
2026-08-11T08:30:00+00:00,1.3497599999999998,1.3504699999999998,1.3497299999999999,1.35022,2088
2026-08-11T08:45:00+00:00,1.35022,1.35035,1.3498199999999998,1.3500199999999998,2524
2026-08-11T09:00:00+00:00,1.3500199999999998,1.35004,1.3494899999999999,1.34953,2761
2026-08-11T09:15:00+00:00,1.34953,1.3497899999999998,1.3494799999999998,1.3496199999999998,1974
2026-08-11T09:30:00+00:00,1.3496199999999998,1.3498299999999999,1.34954,1.3497999999999999,1986
2026-08-11T09:45:00+00:00,1.3497999999999999,1.3501299999999998,1.34978,1.3500299999999998,1417
2026-08-11T10:00:00+00:00,1.3500299999999998,1.35012,1.34967,1.3497199999999998,1809
2026-08-11T10:15:00+00:00,1.3497199999999998,1.3498999999999999,1.34937,1.3496199999999998,2468
2026-08-11T10:30:00+00:00,1.3496199999999998,1.3498899999999998,1.34961,1.3496799999999998,1818
2026-08-11T10:45:00+00:00,1.3496799999999998,1.3497899999999998,1.34927,1.3494199999999998,1927
2026-08-11T11:00:00+00:00,1.3494199999999998,1.3502699999999999,1.34927,1.3495599999999999,6210
2026-08-11T11:15:00+00:00,1.3495599999999999,1.3497999999999999,1.3493199999999999,1.34964,2521
2026-08-11T11:30:00+00:00,1.34964,1.34971,1.3493099999999998,1.34933,2431
2026-08-11T11:45:00+00:00,1.34933,1.3493799999999998,1.34893,1.3489499999999999,1872
2026-08-11T12:00:00+00:00,1.3489499999999999,1.3496499999999998,1.34883,1.3492,2507
2026-08-11T12:15:00+00:00,1.3492,1.34951,1.3488699999999998,1.3492399999999998,3783
2026-08-11T12:30:00+00:00,1.3492399999999998,1.34988,1.3492099999999998,1.3494,2571
2026-08-11T12:45:00+00:00,1.3494,1.3497,1.3493,1.34951,2299
2026-08-11T13:00:00+00:00,1.34951,1.3499999999999999,1.34947,1.34953,2985
2026-08-11T13:15:00+00:00,1.34953,1.3497999999999999,1.3493799999999998,1.3496599999999999,2590
2026-08-11T13:30:00+00:00,1.3496599999999999,1.35008,1.34927,1.3499999999999999,3672
2026-08-11T13:45:00+00:00,1.3499999999999999,1.3502899999999998,1.3496799999999998,1.3497,3186
2026-08-11T14:00:00+00:00,1.3497,1.34991,1.3494,1.3497899999999998,3215
2026-08-11T14:15:00+00:00,1.3497899999999998,1.35021,1.34978,1.3499299999999999,2696
2026-08-11T14:30:00+00:00,1.3499299999999999,1.3504999999999998,1.34984,1.3504999999999998,2217
2026-08-11T14:45:00+00:00,1.3504999999999998,1.35059,1.3500999999999999,1.3504599999999998,2982
2026-08-11T15:00:00+00:00,1.3504599999999998,1.35058,1.34991,1.34991,2672
2026-08-11T15:15:00+00:00,1.34991,1.35062,1.3497999999999999,1.3505099999999999,2360
2026-08-11T15:30:00+00:00,1.3505099999999999,1.35075,1.34998,1.35012,3488
2026-08-11T15:45:00+00:00,1.35012,1.35109,1.35008,1.35109,2775
2026-08-11T16:00:00+00:00,1.35109,1.3511499999999999,1.3503699999999998,1.35038,2017
2026-08-11T16:15:00+00:00,1.35038,1.3504099999999999,1.3501599999999998,1.35032,2244
2026-08-11T16:30:00+00:00,1.35032,1.35032,1.34995,1.35008,1747
2026-08-11T16:45:00+00:00,1.35008,1.3502999999999998,1.3499999999999999,1.35018,1658
2026-08-11T17:00:00+00:00,1.35018,1.35025,1.34936,1.34937,2282
2026-08-11T17:15:00+00:00,1.34937,1.3497199999999998,1.3492899999999999,1.34947,1445
2026-08-11T17:30:00+00:00,1.34947,1.34984,1.3493499999999998,1.3497999999999999,1244
2026-08-11T17:45:00+00:00,1.3497999999999999,1.3500199999999998,1.3496799999999998,1.3498199999999998,1023
2026-08-11T18:00:00+00:00,1.3498199999999998,1.3498199999999998,1.34947,1.3495499999999998,1819
2026-08-11T18:15:00+00:00,1.3495499999999998,1.3495599999999999,1.3492499999999998,1.3493199999999999,1736
2026-08-11T18:30:00+00:00,1.3493199999999999,1.34991,1.3492799999999998,1.3498599999999998,1902
2026-08-11T18:45:00+00:00,1.3498599999999998,1.3499999999999999,1.34967,1.3499199999999998,1813
2026-08-11T19:00:00+00:00,1.3499199999999998,1.35015,1.3498599999999998,1.3500899999999998,1410
2026-08-11T19:15:00+00:00,1.3500899999999998,1.35021,1.34987,1.35015,989
2026-08-11T19:30:00+00:00,1.35015,1.3502899999999998,1.3500699999999999,1.35018,1174
2026-08-11T19:45:00+00:00,1.35018,1.3504599999999998,1.3501299999999998,1.3504399999999999,1432
2026-08-11T20:00:00+00:00,1.3504399999999999,1.3505299999999998,1.35028,1.3502999999999998,1859
2026-08-11T20:15:00+00:00,1.3502999999999998,1.3502999999999998,1.3500699999999999,1.3500699999999999,334
2026-08-11T20:30:00+00:00,1.3500699999999999,1.3501899999999998,1.3499599999999998,1.3499999999999999,630
2026-08-11T20:45:00+00:00,1.3499999999999999,1.3504699999999998,1.3499599999999998,1.3502599999999998,1580
2026-08-11T21:00:00+00:00,1.3502599999999998,1.3502599999999998,1.3497499999999998,1.3500599999999998,187.29079198473283
2026-08-11T21:15:00+00:00,1.3500599999999998,1.3501799999999997,1.3499899999999998,1.3501799999999997,148
2026-08-11T21:30:00+00:00,1.3501799999999997,1.35028,1.3500799999999997,1.35028,168.44627720504008
2026-08-11T21:45:00+00:00,1.35028,1.3505399999999999,1.35025,1.3505399999999999,152
2026-08-11T22:00:00+00:00,1.3505399999999999,1.35086,1.3504299999999998,1.3507799999999999,1572
2026-08-11T22:15:00+00:00,1.3507799999999999,1.35092,1.3507699999999998,1.3509099999999998,242
2026-08-11T22:30:00+00:00,1.3509099999999998,1.35093,1.3506999999999998,1.35072,292
2026-08-11T22:45:00+00:00,1.35072,1.35086,1.35072,1.3508399999999998,279
2026-08-11T23:00:00+00:00,1.3508399999999998,1.35093,1.35076,1.3507699999999998,633
2026-08-11T23:15:00+00:00,1.3507699999999998,1.35086,1.35073,1.3507399999999998,511
2026-08-11T23:30:00+00:00,1.3507399999999998,1.35082,1.3505999999999998,1.3506399999999998,369
2026-08-11T23:45:00+00:00,1.3506399999999998,1.35076,1.35059,1.3507399999999998,733
2026-08-12T00:00:00+00:00,1.3507399999999998,1.35096,1.3505999999999998,1.3508699999999998,2830
2026-08-12T00:15:00+00:00,1.3508699999999998,1.35099,1.3508,1.35089,2075
2026-08-12T00:30:00+00:00,1.35089,1.3509399999999998,1.3507399999999998,1.35083,1619
2026-08-12T00:45:00+00:00,1.35083,1.35083,1.35048,1.35062,2202
2026-08-12T01:00:00+00:00,1.35062,1.35063,1.35011,1.3502399999999999,2913
2026-08-12T01:15:00+00:00,1.3502399999999999,1.3503699999999998,1.35011,1.3503299999999998,2115
2026-08-12T01:30:00+00:00,1.3503299999999998,1.3505099999999999,1.35022,1.35049,1931
2026-08-12T01:45:00+00:00,1.35049,1.35076,1.35035,1.3504699999999998,2221
2026-08-12T02:00:00+00:00,1.3504699999999998,1.3505099999999999,1.3501699999999999,1.35019,2308
2026-08-12T02:15:00+00:00,1.35019,1.3503299999999998,1.3499899999999998,1.3502999999999998,2141
2026-08-12T02:30:00+00:00,1.3502999999999998,1.35063,1.3502699999999999,1.35052,2024
2026-08-12T02:45:00+00:00,1.35052,1.35056,1.3503999999999998,1.35052,1485
2026-08-12T03:00:00+00:00,1.35052,1.3506699999999998,1.3503999999999998,1.3505699999999998,1526
2026-08-12T03:15:00+00:00,1.3505699999999998,1.35063,1.35049,1.35055,1165
2026-08-12T03:30:00+00:00,1.35055,1.35063,1.3503699999999998,1.3503999999999998,1257
2026-08-12T03:45:00+00:00,1.3503999999999998,1.35049,1.35028,1.3503999999999998,1062
2026-08-12T04:00:00+00:00,1.3503999999999998,1.3505299999999998,1.35028,1.35035,1270
2026-08-12T04:15:00+00:00,1.35035,1.3503999999999998,1.3501699999999999,1.35035,1531
2026-08-12T04:30:00+00:00,1.35035,1.35058,1.35031,1.3505399999999999,1210
2026-08-12T04:45:00+00:00,1.3505399999999999,1.3506099999999999,1.3504299999999998,1.35055,1322
2026-08-12T05:00:00+00:00,1.35055,1.35055,1.3503399999999999,1.35036,1543
2026-08-12T05:15:00+00:00,1.35036,1.3504299999999998,1.3500899999999998,1.35019,1679
2026-08-12T05:30:00+00:00,1.35019,1.3504399999999999,1.3501699999999999,1.35025,1341
2026-08-12T05:45:00+00:00,1.35025,1.35045,1.3501599999999998,1.3504099999999999,1313
2026-08-12T06:00:00+00:00,1.3504099999999999,1.35055,1.35029,1.35042,1500
2026-08-12T06:15:00+00:00,1.35042,1.3505099999999999,1.35028,1.3502999999999998,1479
2026-08-12T06:30:00+00:00,1.3502999999999998,1.35058,1.3500999999999999,1.3505099999999999,1920
2026-08-12T06:45:00+00:00,1.3505099999999999,1.3507399999999998,1.35029,1.3507399999999998,2092
2026-08-12T07:00:00+00:00,1.3507399999999998,1.3509799999999998,1.3505999999999998,1.3509099999999998,2432
2026-08-12T07:15:00+00:00,1.3509099999999998,1.3510099999999998,1.3507399999999998,1.3508399999999998,1386
2026-08-12T07:30:00+00:00,1.3508399999999998,1.35092,1.35063,1.35065,2417
2026-08-12T07:45:00+00:00,1.35065,1.3508699999999998,1.35042,1.35069,2032
2026-08-12T08:00:00+00:00,1.35069,1.3508099999999998,1.3505299999999998,1.3507399999999998,2272
2026-08-12T08:15:00+00:00,1.3507399999999998,1.3510199999999999,1.35063,1.35086,2361
2026-08-12T08:30:00+00:00,1.35086,1.3510199999999999,1.35065,1.351,2723
2026-08-12T08:45:00+00:00,1.351,1.3511099999999998,1.3508,1.3509399999999998,2225
2026-08-12T09:00:00+00:00,1.3509399999999998,1.3518,1.35089,1.3517199999999998,2922
2026-08-12T09:15:00+00:00,1.3517199999999998,1.3528,1.35151,1.3516599999999999,5467
2026-08-12T09:30:00+00:00,1.3516599999999999,1.3518199999999998,1.3513,1.3513899999999999,2682
2026-08-12T09:45:00+00:00,1.3513899999999999,1.35167,1.3509399999999998,1.35113,3084
2026-08-12T10:00:00+00:00,1.35113,1.3519299999999999,1.3510799999999998,1.35178,2627
2026-08-12T10:15:00+00:00,1.35178,1.35208,1.3517299999999999,1.3519599999999998,1896
2026-08-12T10:30:00+00:00,1.3519599999999998,1.35205,1.35177,1.3520299999999998,1455
2026-08-12T10:45:00+00:00,1.3520299999999998,1.35212,1.35124,1.35136,3411
2026-08-12T11:00:00+00:00,1.35136,1.3517199999999998,1.35123,1.3514899999999999,2249
2026-08-12T11:15:00+00:00,1.3514899999999999,1.3518599999999998,1.3514199999999998,1.3518199999999998,2034
2026-08-12T11:30:00+00:00,1.3518199999999998,1.3520699999999999,1.3516499999999998,1.35201,2426
2026-08-12T11:45:00+00:00,1.35201,1.3527699999999998,1.35201,1.3525099999999999,3029
2026-08-12T12:00:00+00:00,1.3525099999999999,1.3526799999999999,1.35215,1.3525699999999998,2726
2026-08-12T12:15:00+00:00,1.3525699999999998,1.35265,1.3517199999999998,1.35258,4064
2026-08-12T12:30:00+00:00,1.35258,1.35438,1.35049,1.35361,18437
2026-08-12T12:45:00+00:00,1.35361,1.35368,1.3526999999999998,1.3536199999999998,8389
2026-08-12T13:00:00+00:00,1.3536199999999998,1.3539299999999999,1.35238,1.35248,8471
2026-08-12T13:15:00+00:00,1.35248,1.35319,1.35214,1.35292,7545
2026-08-12T13:30:00+00:00,1.35292,1.35323,1.35153,1.35168,7326
2026-08-12T13:45:00+00:00,1.35168,1.3526399999999998,1.35154,1.3523599999999998,5218
2026-08-12T14:00:00+00:00,1.3523599999999998,1.35283,1.35184,1.35205,4602
2026-08-12T14:15:00+00:00,1.35205,1.35248,1.3514499999999998,1.35157,4415
2026-08-12T14:30:00+00:00,1.35157,1.35181,1.3504299999999998,1.3510799999999998,4082
2026-08-12T14:45:00+00:00,1.3510799999999998,1.3513099999999998,1.35025,1.35076,4471
2026-08-12T15:00:00+00:00,1.35076,1.3508699999999998,1.3500299999999998,1.3506799999999999,3768
2026-08-12T15:15:00+00:00,1.3506799999999999,1.3507799999999999,1.35042,1.3504699999999998,2832
2026-08-12T15:30:00+00:00,1.3504699999999998,1.35069,1.35021,1.35032,2610
2026-08-12T15:45:00+00:00,1.35032,1.3510199999999999,1.35012,1.35082,3054
2026-08-12T16:00:00+00:00,1.35082,1.35099,1.3501599999999998,1.3507399999999998,2923
2026-08-12T16:15:00+00:00,1.3507399999999998,1.35075,1.35011,1.35014,2961
2026-08-12T16:30:00+00:00,1.35014,1.3501699999999999,1.34977,1.34995,2863
2026-08-12T16:45:00+00:00,1.34995,1.34998,1.3493,1.3495499999999998,3230
2026-08-12T17:00:00+00:00,1.3495499999999998,1.3499999999999999,1.3494899999999999,1.3494899999999999,2570
2026-08-12T17:15:00+00:00,1.3494899999999999,1.34958,1.34933,1.34943,1923
2026-08-12T17:30:00+00:00,1.34943,1.3495899999999998,1.3490499999999999,1.3491099999999998,1724
2026-08-12T17:45:00+00:00,1.3491099999999998,1.3493199999999999,1.349,1.3490799999999998,1837
2026-08-12T18:00:00+00:00,1.3490799999999998,1.34947,1.34876,1.3492899999999999,2079
2026-08-12T18:15:00+00:00,1.3492899999999999,1.34958,1.3491499999999998,1.34936,2131
2026-08-12T18:30:00+00:00,1.34936,1.3493799999999998,1.3489399999999998,1.3489799999999998,1468
2026-08-12T18:45:00+00:00,1.3489799999999998,1.3490399999999998,1.34863,1.34866,1565.8429150188097
2026-08-12T19:00:00+00:00,1.34866,1.34889,1.34862,1.34887,1484
2026-08-12T19:15:00+00:00,1.34887,1.34925,1.34881,1.34896,1279
2026-08-12T19:30:00+00:00,1.34896,1.3490199999999999,1.34876,1.34896,1284
2026-08-12T19:45:00+00:00,1.34896,1.34906,1.3486799999999999,1.34906,1212
2026-08-12T20:00:00+00:00,1.34906,1.3491499999999998,1.34887,1.3488799999999999,991
2026-08-12T20:15:00+00:00,1.3488799999999999,1.34899,1.34884,1.34896,521
2026-08-12T20:30:00+00:00,1.34896,1.34921,1.3489499999999999,1.34921,490
2026-08-12T20:45:00+00:00,1.34921,1.3494599999999999,1.34921,1.34934,1483
2026-08-12T21:00:00+00:00,1.34934,1.34934,1.34856,1.3488,84.28704258733126
2026-08-12T21:15:00+00:00,1.3488,1.34936,1.34839,1.34873,676
2026-08-12T21:30:00+00:00,1.34873,1.34915,1.34859,1.34892,447
2026-08-12T21:45:00+00:00,1.34892,1.34932,1.34875,1.34887,588
2026-08-12T22:00:00+00:00,1.34887,1.34936,1.34887,1.34923,340
2026-08-12T22:15:00+00:00,1.34923,1.34932,1.34918,1.34928,274
2026-08-12T22:30:00+00:00,1.34928,1.34938,1.34926,1.3493,293
2026-08-12T22:45:00+00:00,1.3493,1.34949,1.3493,1.34949,290
2026-08-12T23:00:00+00:00,1.34949,1.34957,1.34946,1.34949,294
2026-08-12T23:15:00+00:00,1.34949,1.34962,1.34949,1.34958,177
2026-08-12T23:30:00+00:00,1.34958,1.3496,1.34942,1.34944,498.67120954003406
2026-08-12T23:45:00+00:00,1.34944,1.34966,1.34938,1.34958,619
2026-08-13T00:00:00+00:00,1.34958,1.34985,1.34957,1.3496,1809
2026-08-13T00:15:00+00:00,1.3496,1.34987,1.34959,1.34973,1566
2026-08-13T00:30:00+00:00,1.34973,1.34995,1.3497,1.34981,1948
2026-08-13T00:45:00+00:00,1.34981,1.34982,1.34933,1.34966,1911
2026-08-13T01:00:00+00:00,1.34966,1.34974,1.34946,1.34959,2504
2026-08-13T01:15:00+00:00,1.34959,1.3498,1.34957,1.34969,2045
2026-08-13T01:30:00+00:00,1.34969,1.34984,1.34938,1.34939,1627
2026-08-13T01:45:00+00:00,1.34939,1.34945,1.34897,1.34912,2161
2026-08-13T02:00:00+00:00,1.34912,1.34919,1.34893,1.34899,1533
2026-08-13T02:15:00+00:00,1.34899,1.34899,1.34872,1.34874,1485
2026-08-13T02:30:00+00:00,1.34874,1.34884,1.34856,1.34874,1883
2026-08-13T02:45:00+00:00,1.34874,1.3488,1.34861,1.34872,1175
2026-08-13T03:00:00+00:00,1.34872,1.349,1.34858,1.3488,2163
2026-08-13T03:15:00+00:00,1.3488,1.34881,1.34856,1.34878,1561
2026-08-13T03:30:00+00:00,1.34878,1.349,1.34873,1.34899,1471
2026-08-13T03:45:00+00:00,1.34899,1.34902,1.34888,1.34893,1328
2026-08-13T04:00:00+00:00,1.34893,1.34893,1.34865,1.3487,1360
2026-08-13T04:15:00+00:00,1.3487,1.34872,1.34857,1.3487,952
2026-08-13T04:30:00+00:00,1.3487,1.34886,1.34868,1.34879,1274
2026-08-13T04:45:00+00:00,1.34879,1.34957,1.34878,1.34943,3350
2026-08-13T05:00:00+00:00,1.34943,1.34951,1.34929,1.34942,2052
2026-08-13T05:15:00+00:00,1.34942,1.34965,1.34933,1.34952,1868
2026-08-13T05:30:00+00:00,1.34952,1.34952,1.34913,1.34916,1664
2026-08-13T05:45:00+00:00,1.34916,1.34952,1.34907,1.34926,1488
2026-08-13T06:00:00+00:00,1.34926,1.34992,1.34888,1.3489,2359
2026-08-13T06:15:00+00:00,1.3489,1.34929,1.34841,1.34852,3256
2026-08-13T06:30:00+00:00,1.34852,1.34854,1.34732,1.34785,2900
2026-08-13T06:45:00+00:00,1.34785,1.34822,1.34779,1.34815,2195
2026-08-13T07:00:00+00:00,1.34815,1.34834,1.34743,1.34768,3199
2026-08-13T07:15:00+00:00,1.34768,1.34838,1.34768,1.34831,1802
2026-08-13T07:30:00+00:00,1.34831,1.34852,1.34791,1.34842,2247
2026-08-13T07:45:00+00:00,1.34842,1.3487,1.3481,1.34818,2848
2026-08-13T08:00:00+00:00,1.34818,1.34825,1.34772,1.34793,3846
2026-08-13T08:15:00+00:00,1.34793,1.34801,1.34766,1.34781,2151
2026-08-13T08:30:00+00:00,1.34781,1.34826,1.34778,1.34806,2643
2026-08-13T08:45:00+00:00,1.34806,1.3482,1.34767,1.34778,2318
2026-08-13T09:00:00+00:00,1.34778,1.34804,1.34742,1.34798,2384
2026-08-13T09:15:00+00:00,1.34798,1.34871,1.34789,1.34865,2029
2026-08-13T09:30:00+00:00,1.34865,1.3489,1.34856,1.34866,1433
2026-08-13T09:45:00+00:00,1.34866,1.34905,1.34851,1.34903,1833
2026-08-13T10:00:00+00:00,1.34903,1.34952,1.34896,1.3495,1910
2026-08-13T10:15:00+00:00,1.3495,1.34976,1.34944,1.34975,2558
2026-08-13T10:30:00+00:00,1.34975,1.35,1.34957,1.3496,2411
2026-08-13T10:45:00+00:00,1.3496,1.34962,1.34875,1.34884,1900
2026-08-13T11:00:00+00:00,1.34884,1.34931,1.34863,1.34925,1807
2026-08-13T11:15:00+00:00,1.34925,1.34938,1.34906,1.34937,1755
2026-08-13T11:30:00+00:00,1.34937,1.34951,1.34918,1.34926,2054
2026-08-13T11:45:00+00:00,1.34926,1.34953,1.34897,1.34911,2637
2026-08-13T12:00:00+00:00,1.34911,1.34916,1.34885,1.34895,1928
2026-08-13T12:15:00+00:00,1.34895,1.34911,1.3486,1.34884,1725
2026-08-13T12:30:00+00:00,1.34884,1.34982,1.34826,1.34952,4692
2026-08-13T12:45:00+00:00,1.34952,1.35087,1.34949,1.35077,4032
2026-08-13T13:00:00+00:00,1.35077,1.3509,1.35012,1.3505,5181
2026-08-13T13:15:00+00:00,1.3505,1.35075,1.35005,1.35013,3039
2026-08-13T13:30:00+00:00,1.35013,1.35022,1.34961,1.35,3844
2026-08-13T13:45:00+00:00,1.35,1.35012,1.34938,1.34974,4333
2026-08-13T14:00:00+00:00,1.34974,1.35062,1.34974,1.35048,4861
2026-08-13T14:15:00+00:00,1.35048,1.3512,1.35028,1.35029,4225
2026-08-13T14:30:00+00:00,1.35029,1.35046,1.34995,1.35011,3392
2026-08-13T14:45:00+00:00,1.35011,1.35087,1.34977,1.35064,4065
2026-08-13T15:00:00+00:00,1.35064,1.35083,1.35007,1.35017,4253
2026-08-13T15:15:00+00:00,1.35017,1.35022,1.3494,1.34953,3768
2026-08-13T15:30:00+00:00,1.34953,1.3498,1.34937,1.34941,2991
2026-08-13T15:45:00+00:00,1.34941,1.34965,1.34929,1.34947,1952
2026-08-13T16:00:00+00:00,1.34947,1.34951,1.34866,1.34876,2747
2026-08-13T16:15:00+00:00,1.34876,1.34886,1.34818,1.34842,2390
2026-08-13T16:30:00+00:00,1.34842,1.34852,1.34819,1.34831,2644
2026-08-13T16:45:00+00:00,1.34831,1.34863,1.34828,1.34849,1644
2026-08-13T17:00:00+00:00,1.34849,1.34882,1.34802,1.34804,2190
2026-08-13T17:15:00+00:00,1.34804,1.34832,1.34798,1.34808,2168
2026-08-13T17:30:00+00:00,1.34808,1.34831,1.34786,1.34829,2627
2026-08-13T17:45:00+00:00,1.34829,1.34841,1.34808,1.3481,2146
2026-08-13T18:00:00+00:00,1.3481,1.34862,1.34787,1.34847,2118
2026-08-13T18:15:00+00:00,1.34847,1.34851,1.3482,1.34844,1703
2026-08-13T18:30:00+00:00,1.34844,1.34863,1.34824,1.3485,1843
2026-08-13T18:45:00+00:00,1.3485,1.34853,1.34826,1.34827,1291
2026-08-13T19:00:00+00:00,1.34827,1.34849,1.34825,1.34835,975
2026-08-13T19:15:00+00:00,1.34835,1.34866,1.34827,1.34859,806
2026-08-13T19:30:00+00:00,1.34859,1.34872,1.34827,1.34838,896
2026-08-13T19:45:00+00:00,1.34838,1.34868,1.34827,1.34861,1595
2026-08-13T20:00:00+00:00,1.34861,1.34867,1.34834,1.34848,970
2026-08-13T20:15:00+00:00,1.34848,1.34858,1.34835,1.34852,583
2026-08-13T20:30:00+00:00,1.34852,1.34852,1.34836,1.34843,756
2026-08-13T20:45:00+00:00,1.34843,1.34871,1.34842,1.34843,939
2026-08-13T21:00:00+00:00,1.34843,1.34843,1.34749,1.34791,858
2026-08-13T21:15:00+00:00,1.34791,1.3482200000000002,1.34789,1.3481400000000001,171.19544605660107
2026-08-13T21:30:00+00:00,1.3481400000000001,1.34897,1.3480800000000002,1.34843,1707
2026-08-13T21:45:00+00:00,1.34843,1.3485500000000001,1.3479400000000001,1.34829,455
2026-08-13T22:00:00+00:00,1.34829,1.3486500000000001,1.3482200000000002,1.3484500000000001,408
2026-08-13T22:15:00+00:00,1.3484500000000001,1.3486900000000002,1.3484200000000002,1.34857,283
2026-08-13T22:30:00+00:00,1.34857,1.3486200000000002,1.34851,1.3486200000000002,207
2026-08-13T22:45:00+00:00,1.3486200000000002,1.3487,1.34856,1.3487,261
2026-08-13T23:00:00+00:00,1.3487,1.34885,1.3486900000000002,1.3488,564
2026-08-13T23:15:00+00:00,1.3488,1.34881,1.34863,1.34867,373
2026-08-13T23:30:00+00:00,1.34867,1.34885,1.3486500000000001,1.3487600000000002,423
2026-08-13T23:45:00+00:00,1.3487600000000002,1.3489300000000002,1.3487600000000002,1.3488600000000002,685
2026-08-14T00:00:00+00:00,1.3488600000000002,1.34918,1.3488300000000002,1.34898,3144
2026-08-14T00:15:00+00:00,1.34898,1.34938,1.3489600000000002,1.34931,2840
2026-08-14T00:30:00+00:00,1.34931,1.34949,1.3492600000000001,1.34934,2753
2026-08-14T00:45:00+00:00,1.34934,1.3497000000000001,1.3492600000000001,1.34963,2432
2026-08-14T01:00:00+00:00,1.34963,1.34966,1.3489600000000002,1.34898,3039
2026-08-14T01:15:00+00:00,1.34898,1.34918,1.3488300000000002,1.34901,2380
2026-08-14T01:30:00+00:00,1.34901,1.3494400000000002,1.3488600000000002,1.34924,2217
2026-08-14T01:45:00+00:00,1.34924,1.34934,1.34878,1.34881,2008
2026-08-14T02:00:00+00:00,1.34881,1.34904,1.3487500000000001,1.3489600000000002,1916
2026-08-14T02:15:00+00:00,1.3489600000000002,1.3492300000000002,1.3489300000000002,1.34902,1630
2026-08-14T02:30:00+00:00,1.34902,1.34925,1.34895,1.3492300000000002,1760
2026-08-14T02:45:00+00:00,1.3492300000000002,1.34924,1.3487200000000001,1.34884,1911
2026-08-14T03:00:00+00:00,1.34884,1.3491300000000002,1.3487600000000002,1.34912,1739
2026-08-14T03:15:00+00:00,1.34912,1.34956,1.3490600000000001,1.34952,2158
2026-08-14T03:30:00+00:00,1.34952,1.34962,1.34935,1.34941,1802
2026-08-14T03:45:00+00:00,1.34941,1.34946,1.34922,1.3493700000000002,1830
2026-08-14T04:00:00+00:00,1.3493700000000002,1.34969,1.3493300000000001,1.3495300000000001,1961
2026-08-14T04:15:00+00:00,1.3495300000000001,1.3496000000000001,1.34938,1.3494000000000002,2424
2026-08-14T04:30:00+00:00,1.3494000000000002,1.34986,1.34935,1.34949,1775
2026-08-14T04:45:00+00:00,1.34949,1.34968,1.34945,1.34958,993
2026-08-14T05:00:00+00:00,1.34958,1.3497700000000001,1.3495700000000002,1.34966,1188
2026-08-14T05:15:00+00:00,1.34966,1.3499,1.34962,1.34986,1569
2026-08-14T05:30:00+00:00,1.34986,1.3501,1.34973,1.34976,3375
2026-08-14T05:45:00+00:00,1.34976,1.3499700000000001,1.3497000000000001,1.3499700000000001,1736
2026-08-14T06:00:00+00:00,1.3499700000000001,1.3501500000000002,1.34993,1.35003,2370
2026-08-14T06:15:00+00:00,1.35003,1.3501100000000001,1.34968,1.34982,2086
2026-08-14T06:30:00+00:00,1.34982,1.35023,1.3498100000000002,1.35017,1866
2026-08-14T06:45:00+00:00,1.35017,1.35036,1.3499800000000002,1.3503500000000002,1711
2026-08-14T07:00:00+00:00,1.3503500000000002,1.35073,1.3502200000000002,1.35043,2810
2026-08-14T07:15:00+00:00,1.35043,1.3505800000000001,1.3502100000000001,1.3502800000000001,1885
2026-08-14T07:30:00+00:00,1.3502800000000001,1.35087,1.3501800000000002,1.35061,2341
2026-08-14T07:45:00+00:00,1.35061,1.3512300000000002,1.3505800000000001,1.3511000000000002,3797
2026-08-14T08:00:00+00:00,1.3511000000000002,1.3518800000000002,1.3510900000000001,1.35155,3354
2026-08-14T08:15:00+00:00,1.35155,1.35216,1.3514300000000001,1.35209,1965
2026-08-14T08:30:00+00:00,1.35209,1.3526,1.3518400000000002,1.35209,2937
2026-08-14T08:45:00+00:00,1.35209,1.3522800000000001,1.3517400000000002,1.35213,3153
2026-08-14T09:00:00+00:00,1.35213,1.35246,1.3518400000000002,1.35206,2600
2026-08-14T09:15:00+00:00,1.35206,1.35219,1.35195,1.35213,2075
2026-08-14T09:30:00+00:00,1.35213,1.35226,1.3518800000000002,1.3520800000000002,1913
2026-08-14T09:45:00+00:00,1.3520800000000002,1.3524100000000001,1.3520400000000001,1.35237,1993
2026-08-14T10:00:00+00:00,1.35237,1.35268,1.3521800000000002,1.3525200000000002,1890
2026-08-14T10:15:00+00:00,1.3525200000000002,1.35267,1.35247,1.35257,1319
2026-08-14T10:30:00+00:00,1.35257,1.3527900000000002,1.35253,1.3527600000000002,1722
2026-08-14T10:45:00+00:00,1.3527600000000002,1.35285,1.35254,1.35264,1879
2026-08-14T11:00:00+00:00,1.35264,1.3529600000000002,1.35253,1.35294,2786
2026-08-14T11:15:00+00:00,1.35294,1.35356,1.35288,1.35332,2543
2026-08-14T11:30:00+00:00,1.35332,1.3541500000000002,1.35332,1.35392,2893
2026-08-14T11:45:00+00:00,1.35392,1.35402,1.3533300000000001,1.35338,2925
2026-08-14T12:00:00+00:00,1.35338,1.35402,1.3531600000000001,1.3534400000000002,3322
2026-08-14T12:15:00+00:00,1.3534400000000002,1.35434,1.35339,1.35417,3257
2026-08-14T12:30:00+00:00,1.35417,1.35498,1.3534300000000001,1.3534400000000002,5365
2026-08-14T12:45:00+00:00,1.3534400000000002,1.3540100000000002,1.3533600000000001,1.3537000000000001,3903
2026-08-14T13:00:00+00:00,1.3537000000000001,1.35385,1.3533000000000002,1.3535300000000001,4720
2026-08-14T13:15:00+00:00,1.3535300000000001,1.35439,1.3533700000000002,1.3541800000000002,4508
2026-08-14T13:30:00+00:00,1.3541800000000002,1.35551,1.35399,1.35539,5817
2026-08-14T13:45:00+00:00,1.35539,1.3560800000000002,1.3549300000000002,1.3550600000000002,5153
2026-08-14T14:00:00+00:00,1.3550600000000002,1.3556400000000002,1.3549300000000002,1.35494,4345
2026-08-14T14:15:00+00:00,1.35494,1.3560100000000002,1.35488,1.35573,5005
2026-08-14T14:30:00+00:00,1.35573,1.35575,1.3547900000000002,1.3550300000000002,4151
2026-08-14T14:45:00+00:00,1.3550300000000002,1.3550300000000002,1.35443,1.35471,4812
2026-08-14T15:00:00+00:00,1.35471,1.35522,1.3545800000000001,1.35473,4138
2026-08-14T15:15:00+00:00,1.35473,1.3547900000000002,1.3538400000000002,1.3547,4216
2026-08-14T15:30:00+00:00,1.3547,1.35535,1.3547,1.35498,3946
2026-08-14T15:45:00+00:00,1.35498,1.35559,1.3549300000000002,1.35528,3402
2026-08-14T16:00:00+00:00,1.35528,1.3555300000000001,1.35484,1.3548600000000002,2710
2026-08-14T16:15:00+00:00,1.3548600000000002,1.35528,1.35474,1.3547600000000002,2962
2026-08-14T16:30:00+00:00,1.3547600000000002,1.35518,1.3544800000000001,1.3545500000000001,2713
2026-08-14T16:45:00+00:00,1.3545500000000001,1.3545800000000001,1.3537100000000002,1.35379,2245
2026-08-14T17:00:00+00:00,1.35379,1.35382,1.35297,1.35308,2326
2026-08-14T17:15:00+00:00,1.35308,1.3532300000000002,1.3525800000000001,1.35288,1929
2026-08-14T17:30:00+00:00,1.35288,1.35311,1.35277,1.35278,2547
2026-08-14T17:45:00+00:00,1.35278,1.3531900000000001,1.3527200000000001,1.3531000000000002,1997
2026-08-14T18:00:00+00:00,1.3531000000000002,1.35321,1.3528300000000002,1.3528900000000001,2268
2026-08-14T18:15:00+00:00,1.3528900000000001,1.35338,1.35287,1.35335,1495
2026-08-14T18:30:00+00:00,1.35335,1.3534000000000002,1.35314,1.3533000000000002,1032
2026-08-14T18:45:00+00:00,1.3533000000000002,1.35345,1.35315,1.3532000000000002,1557
2026-08-14T19:00:00+00:00,1.3532000000000002,1.35345,1.3530900000000001,1.35335,1354
2026-08-14T19:15:00+00:00,1.35335,1.3536100000000002,1.3533000000000002,1.3535000000000001,1310
2026-08-14T19:30:00+00:00,1.3535000000000001,1.35359,1.3532300000000002,1.35335,1387
2026-08-14T19:45:00+00:00,1.35335,1.35348,1.35317,1.3533600000000001,1331
2026-08-14T20:00:00+00:00,1.3533600000000001,1.35349,1.3532300000000002,1.35331,615
2026-08-14T20:15:00+00:00,1.35331,1.35351,1.3532700000000002,1.35348,556
2026-08-14T20:30:00+00:00,1.35348,1.35349,1.35321,1.35329,397
2026-08-14T20:45:00+00:00,1.35329,1.35335,1.3520400000000001,1.35264,3094
2026-08-16T21:00:00+00:00,1.35264,1.3529600000000004,1.35199,1.3525000000000005,223.2614847304638
2026-08-16T21:15:00+00:00,1.3525000000000005,1.3525800000000003,1.3523300000000005,1.3524200000000004,251
2026-08-16T21:30:00+00:00,1.3524200000000004,1.3527600000000004,1.3522200000000004,1.3527100000000003,494
2026-08-16T21:45:00+00:00,1.3527100000000003,1.3527600000000004,1.3519700000000003,1.3521300000000005,418
2026-08-16T22:00:00+00:00,1.3521300000000005,1.3527700000000005,1.3521300000000005,1.3525800000000003,476
2026-08-16T22:15:00+00:00,1.3525800000000003,1.3531300000000004,1.3525800000000003,1.3531300000000004,433
2026-08-16T22:30:00+00:00,1.3531300000000004,1.3533700000000004,1.3530800000000005,1.3532700000000004,595
2026-08-16T22:45:00+00:00,1.3532700000000004,1.3536700000000004,1.3532100000000005,1.3536600000000003,636
2026-08-16T23:00:00+00:00,1.3536600000000003,1.3538500000000004,1.3536200000000005,1.3537400000000004,797
2026-08-16T23:15:00+00:00,1.3537400000000004,1.3537600000000003,1.3536300000000003,1.3537200000000005,481
2026-08-16T23:30:00+00:00,1.3537200000000005,1.3538600000000003,1.3536300000000003,1.3538300000000003,560
2026-08-16T23:45:00+00:00,1.3538300000000003,1.3540500000000004,1.3537900000000005,1.3539600000000005,567
2026-08-17T00:00:00+00:00,1.3539600000000005,1.3545600000000004,1.3539500000000004,1.3545300000000005,2611
2026-08-17T00:15:00+00:00,1.3545300000000005,1.3547200000000004,1.3544000000000005,1.3546400000000005,2158
2026-08-17T00:30:00+00:00,1.3546400000000005,1.3549300000000004,1.3545800000000003,1.3546400000000005,1633
2026-08-17T00:45:00+00:00,1.3546400000000005,1.3549400000000005,1.3545400000000003,1.3548500000000003,2261
2026-08-17T01:00:00+00:00,1.3548500000000003,1.3549400000000005,1.3545200000000004,1.3546300000000004,2715
2026-08-17T01:15:00+00:00,1.3546300000000004,1.3550200000000003,1.3545400000000003,1.3547300000000004,2584
2026-08-17T01:30:00+00:00,1.3547300000000004,1.3547700000000005,1.3543600000000005,1.3547100000000003,2069
2026-08-17T01:45:00+00:00,1.3547100000000003,1.3549300000000004,1.3546700000000005,1.3548600000000004,1648
2026-08-17T02:00:00+00:00,1.3548600000000004,1.3549400000000005,1.3545100000000003,1.3547200000000004,1593
2026-08-17T02:15:00+00:00,1.3547200000000004,1.3548700000000005,1.3546200000000004,1.3548500000000003,1336
2026-08-17T02:30:00+00:00,1.3548500000000003,1.3549200000000003,1.3543000000000005,1.3544200000000004,1703
2026-08-17T02:45:00+00:00,1.3544200000000004,1.3545400000000003,1.3542800000000004,1.3543100000000003,1018
2026-08-17T03:00:00+00:00,1.3543100000000003,1.3543800000000004,1.3541400000000003,1.3543000000000005,1807
2026-08-17T03:15:00+00:00,1.3543000000000005,1.3544400000000003,1.3542100000000004,1.3542700000000003,1226
2026-08-17T03:30:00+00:00,1.3542700000000003,1.3543600000000005,1.3540100000000004,1.3541500000000004,1472
2026-08-17T03:45:00+00:00,1.3541500000000004,1.3545500000000004,1.3541100000000004,1.3545000000000005,1792
2026-08-17T04:00:00+00:00,1.3545000000000005,1.3549700000000005,1.3544000000000005,1.3548800000000003,1762
2026-08-17T04:15:00+00:00,1.3548800000000003,1.3549200000000003,1.3547000000000005,1.3548100000000005,1412
2026-08-17T04:30:00+00:00,1.3548100000000005,1.3548900000000004,1.3546900000000004,1.3548300000000004,1006
2026-08-17T04:45:00+00:00,1.3548300000000004,1.3548500000000003,1.3544100000000003,1.3544600000000004,1096
2026-08-17T05:00:00+00:00,1.3544600000000004,1.3546000000000005,1.3543100000000003,1.3543700000000003,1546
2026-08-17T05:15:00+00:00,1.3543700000000003,1.3548500000000003,1.3543300000000005,1.3547700000000005,1603
2026-08-17T05:30:00+00:00,1.3547700000000005,1.3548800000000003,1.3546200000000004,1.3546700000000005,1876
2026-08-17T05:45:00+00:00,1.3546700000000005,1.3551900000000003,1.3546100000000003,1.3547000000000005,2588
2026-08-17T06:00:00+00:00,1.3547000000000005,1.3550000000000004,1.3544000000000005,1.3545400000000003,2687
2026-08-17T06:15:00+00:00,1.3545400000000003,1.3549100000000005,1.3544200000000004,1.3549000000000004,2866
2026-08-17T06:30:00+00:00,1.3549000000000004,1.3549200000000003,1.3544100000000003,1.3547100000000003,1712
2026-08-17T06:45:00+00:00,1.3547100000000003,1.3554000000000004,1.3546100000000003,1.3552000000000004,3551
2026-08-17T07:00:00+00:00,1.3552000000000004,1.3553300000000004,1.3547900000000004,1.3551400000000005,2792
2026-08-17T07:15:00+00:00,1.3551400000000005,1.3559100000000004,1.3551300000000004,1.3558600000000005,3448
2026-08-17T07:30:00+00:00,1.3558600000000005,1.3564600000000004,1.3558000000000003,1.3561100000000004,3559
2026-08-17T07:45:00+00:00,1.3561100000000004,1.3561200000000004,1.3554300000000004,1.3556400000000004,3026
2026-08-17T08:00:00+00:00,1.3556400000000004,1.3558900000000005,1.3553600000000003,1.3558100000000004,2621
2026-08-17T08:15:00+00:00,1.3558100000000004,1.3564100000000003,1.3557900000000005,1.3564000000000005,2193
2026-08-17T08:30:00+00:00,1.3564000000000005,1.3564400000000003,1.3553300000000004,1.3554100000000004,2288
2026-08-17T08:45:00+00:00,1.3554100000000004,1.3555000000000004,1.3542500000000004,1.3547200000000004,3376
2026-08-17T09:00:00+00:00,1.3547200000000004,1.3550400000000005,1.3545000000000005,1.3549600000000004,2337
2026-08-17T09:15:00+00:00,1.3549600000000004,1.3551800000000005,1.3547600000000004,1.3551400000000005,2005
2026-08-17T09:30:00+00:00,1.3551400000000005,1.3555600000000003,1.3551000000000004,1.3554800000000005,2029
2026-08-17T09:45:00+00:00,1.3554800000000005,1.3555300000000003,1.3551500000000003,1.3552100000000005,2042
2026-08-17T10:00:00+00:00,1.3552100000000005,1.3554600000000003,1.3548700000000005,1.3552500000000005,2631
2026-08-17T10:15:00+00:00,1.3552500000000005,1.3557900000000005,1.3550600000000004,1.3557100000000004,2598
2026-08-17T10:30:00+00:00,1.3557100000000004,1.3558500000000004,1.3551100000000005,1.3553000000000004,2734
2026-08-17T10:45:00+00:00,1.3553000000000004,1.3553300000000004,1.3547100000000003,1.3549900000000004,2069
2026-08-17T11:00:00+00:00,1.3549900000000004,1.3554500000000005,1.3549200000000003,1.3549300000000004,1931
2026-08-17T11:15:00+00:00,1.3549300000000004,1.3552700000000004,1.3545300000000005,1.3552100000000005,2179
2026-08-17T11:30:00+00:00,1.3552100000000005,1.3552400000000004,1.3547400000000005,1.3547700000000005,2043
2026-08-17T11:45:00+00:00,1.3547700000000005,1.3550400000000005,1.3545700000000005,1.3549800000000003,2281
2026-08-17T12:00:00+00:00,1.3549800000000003,1.3555900000000003,1.3549300000000004,1.3552900000000003,2813
2026-08-17T12:15:00+00:00,1.3552900000000003,1.3555200000000005,1.3546300000000004,1.3548800000000003,3050
2026-08-17T12:30:00+00:00,1.3548800000000003,1.3552200000000003,1.3547300000000004,1.3551600000000004,2348
2026-08-17T12:45:00+00:00,1.3551600000000004,1.3554200000000005,1.3547100000000003,1.3554100000000004,2596
2026-08-17T13:00:00+00:00,1.3554100000000004,1.3559600000000005,1.3552000000000004,1.3555000000000004,3527
2026-08-17T13:15:00+00:00,1.3555000000000004,1.3559400000000004,1.3553900000000003,1.3555000000000004,2532
2026-08-17T13:30:00+00:00,1.3555000000000004,1.3558600000000005,1.3548800000000003,1.3548800000000003,3349
2026-08-17T13:45:00+00:00,1.3548800000000003,1.3553600000000003,1.3544700000000005,1.3553500000000005,3271
2026-08-17T14:00:00+00:00,1.3553500000000005,1.3559600000000005,1.3552400000000004,1.3558500000000004,3145
2026-08-17T14:15:00+00:00,1.3558500000000004,1.3562200000000004,1.3552300000000004,1.3554400000000004,3421
2026-08-17T14:30:00+00:00,1.3554400000000004,1.3555400000000004,1.3548400000000005,1.3548800000000003,2623
2026-08-17T14:45:00+00:00,1.3548800000000003,1.3550300000000004,1.3543800000000004,1.3546300000000004,3994
2026-08-17T15:00:00+00:00,1.3546300000000004,1.3548100000000005,1.3544000000000005,1.3546300000000004,3586
2026-08-17T15:15:00+00:00,1.3546300000000004,1.3550100000000005,1.3545200000000004,1.3549800000000003,2524
2026-08-17T15:30:00+00:00,1.3549800000000003,1.3551600000000004,1.3545100000000003,1.3545500000000004,2982
2026-08-17T15:45:00+00:00,1.3545500000000004,1.3555300000000003,1.3545100000000003,1.3555300000000003,1986
2026-08-17T16:00:00+00:00,1.3555300000000003,1.3555900000000003,1.3550400000000005,1.3552300000000004,2206
2026-08-17T16:15:00+00:00,1.3552300000000004,1.3556500000000005,1.3552000000000004,1.3554500000000005,1936
2026-08-17T16:30:00+00:00,1.3554500000000005,1.3558300000000003,1.3554300000000004,1.3555600000000003,1507
2026-08-17T16:45:00+00:00,1.3555600000000003,1.3555700000000004,1.3551100000000005,1.3552100000000005,1526
2026-08-17T17:00:00+00:00,1.3552100000000005,1.3553300000000004,1.3550300000000004,1.3550900000000003,2144
2026-08-17T17:15:00+00:00,1.3550900000000003,1.3551100000000005,1.3545200000000004,1.3548100000000005,2005
2026-08-17T17:30:00+00:00,1.3548100000000005,1.3549200000000003,1.3537500000000005,1.3540900000000005,2658
2026-08-17T17:45:00+00:00,1.3540900000000005,1.3542600000000005,1.3537500000000005,1.3537700000000004,1684
2026-08-17T18:00:00+00:00,1.3537700000000004,1.3538800000000004,1.3535300000000003,1.3537600000000003,2055
2026-08-17T18:15:00+00:00,1.3537600000000003,1.3538800000000004,1.3531400000000005,1.3533500000000005,1669
2026-08-17T18:30:00+00:00,1.3533500000000005,1.3533600000000003,1.3530500000000003,1.3531100000000005,2243
2026-08-17T18:45:00+00:00,1.3531100000000005,1.3532700000000004,1.3529100000000005,1.3531100000000005,1758
2026-08-17T19:00:00+00:00,1.3531100000000005,1.3534400000000004,1.3529600000000004,1.3534300000000004,1677
2026-08-17T19:15:00+00:00,1.3534300000000004,1.3536500000000005,1.3534100000000004,1.3536300000000003,1472
2026-08-17T19:30:00+00:00,1.3536300000000003,1.3538100000000004,1.3534700000000004,1.3537800000000004,1347
2026-08-17T19:45:00+00:00,1.3537800000000004,1.3537900000000005,1.3535000000000004,1.3536600000000003,1019
2026-08-17T20:00:00+00:00,1.3536600000000003,1.3538400000000004,1.3534600000000003,1.3534600000000003,578
2026-08-17T20:15:00+00:00,1.3534600000000003,1.3538400000000004,1.3534600000000003,1.3537000000000003,387
2026-08-17T20:30:00+00:00,1.3537000000000003,1.3537500000000005,1.3536200000000005,1.3536500000000005,579
2026-08-17T20:45:00+00:00,1.3536500000000005,1.3537300000000003,1.3533800000000005,1.3537300000000003,1153
2026-08-17T21:00:00+00:00,1.3537300000000003,1.3537300000000003,1.3523100000000003,1.3527000000000002,251.54242556542502
2026-08-17T21:15:00+00:00,1.3527000000000002,1.3532200000000003,1.3523700000000003,1.3525100000000003,1026
2026-08-17T21:30:00+00:00,1.3525100000000003,1.3528700000000002,1.3523600000000002,1.3527400000000003,509
2026-08-17T21:45:00+00:00,1.3527400000000003,1.3530800000000003,1.3524900000000002,1.3526600000000002,492
2026-08-17T22:00:00+00:00,1.3526600000000002,1.3533100000000002,1.3526600000000002,1.3532900000000003,483
2026-08-17T22:15:00+00:00,1.3532900000000003,1.3534300000000004,1.3532100000000002,1.3534100000000002,365
2026-08-17T22:30:00+00:00,1.3534100000000002,1.3534100000000002,1.3531200000000003,1.3532300000000004,336
2026-08-17T22:45:00+00:00,1.3532300000000004,1.3532900000000003,1.3531700000000002,1.3532900000000003,279
2026-08-17T23:00:00+00:00,1.3532900000000003,1.3535000000000004,1.3532400000000002,1.3534800000000002,373
2026-08-17T23:15:00+00:00,1.3534800000000002,1.3536600000000003,1.3534500000000003,1.3536600000000003,271
2026-08-17T23:30:00+00:00,1.3536600000000003,1.3540200000000002,1.3536200000000003,1.3540000000000003,487
2026-08-17T23:45:00+00:00,1.3540000000000003,1.3540900000000002,1.3537700000000004,1.3539000000000003,984
2026-08-18T00:00:00+00:00,1.3539000000000003,1.3542900000000002,1.3538800000000002,1.3540200000000002,3164
2026-08-18T00:15:00+00:00,1.3540200000000002,1.3541400000000003,1.3536400000000002,1.3536700000000004,2853
2026-08-18T00:30:00+00:00,1.3536700000000004,1.3538600000000003,1.3533800000000002,1.3537800000000002,2665
2026-08-18T00:45:00+00:00,1.3537800000000002,1.3539300000000003,1.3535200000000003,1.3539200000000002,2514
2026-08-18T01:00:00+00:00,1.3539200000000002,1.3542500000000002,1.3537200000000003,1.3541700000000003,3281
2026-08-18T01:15:00+00:00,1.3541700000000003,1.3541700000000003,1.3534600000000003,1.3537100000000002,2697
2026-08-18T01:30:00+00:00,1.3537100000000002,1.3540900000000002,1.3536900000000003,1.3537200000000003,2656
2026-08-18T01:45:00+00:00,1.3537200000000003,1.3537700000000004,1.3534000000000004,1.3534800000000002,2674
2026-08-18T02:00:00+00:00,1.3534800000000002,1.3535900000000003,1.3532300000000004,1.3532600000000004,2773
2026-08-18T02:15:00+00:00,1.3532600000000004,1.3533800000000002,1.3530300000000002,1.3531300000000004,2785
2026-08-18T02:30:00+00:00,1.3531300000000004,1.3531600000000004,1.3528500000000003,1.3531200000000003,2486
2026-08-18T02:45:00+00:00,1.3531200000000003,1.3535000000000004,1.3530500000000003,1.3534800000000002,2408
2026-08-18T03:00:00+00:00,1.3534800000000002,1.3534900000000003,1.3530400000000002,1.3530900000000003,2172
2026-08-18T03:15:00+00:00,1.3530900000000003,1.3530900000000003,1.3525900000000002,1.3526900000000002,1992
2026-08-18T03:30:00+00:00,1.3526900000000002,1.3527000000000002,1.3524300000000002,1.3525000000000003,2107
2026-08-18T03:45:00+00:00,1.3525000000000003,1.3525000000000003,1.3522600000000002,1.3524100000000003,2110
2026-08-18T04:00:00+00:00,1.3524100000000003,1.3525000000000003,1.3519700000000003,1.3520600000000003,2225
2026-08-18T04:15:00+00:00,1.3520600000000003,1.3526900000000002,1.3519900000000002,1.3525400000000003,2442
2026-08-18T04:30:00+00:00,1.3525400000000003,1.3525800000000003,1.3522500000000002,1.3525100000000003,1393
2026-08-18T04:45:00+00:00,1.3525100000000003,1.3526900000000002,1.3523900000000002,1.3524200000000002,1560
2026-08-18T05:00:00+00:00,1.3524200000000002,1.3524700000000003,1.3522400000000003,1.3522600000000002,1696
2026-08-18T05:15:00+00:00,1.3522600000000002,1.3527700000000003,1.3521700000000003,1.3526700000000003,1516
2026-08-18T05:30:00+00:00,1.3526700000000003,1.3527400000000003,1.3524000000000003,1.3525700000000003,1642
2026-08-18T05:45:00+00:00,1.3525700000000003,1.3527900000000004,1.3524500000000004,1.3524600000000002,1479
2026-08-18T06:00:00+00:00,1.3524600000000002,1.3531600000000004,1.3510500000000003,1.3516800000000002,3911
2026-08-18T06:15:00+00:00,1.3516800000000002,1.3521900000000002,1.3514500000000003,1.3521400000000003,3207
2026-08-18T06:30:00+00:00,1.3521400000000003,1.3521900000000002,1.3514300000000004,1.3517000000000003,3308
2026-08-18T06:45:00+00:00,1.3517000000000003,1.3517100000000002,1.3510000000000002,1.3515900000000003,3152
2026-08-18T07:00:00+00:00,1.3515900000000003,1.3517600000000003,1.3509400000000003,1.3510500000000003,3274
2026-08-18T07:15:00+00:00,1.3510500000000003,1.3516100000000002,1.3508500000000003,1.3513800000000002,2520
2026-08-18T07:30:00+00:00,1.3513800000000002,1.3519200000000002,1.3512700000000002,1.3517800000000002,2213
2026-08-18T07:45:00+00:00,1.3517800000000002,1.3520300000000003,1.3515000000000004,1.3517500000000002,2323
2026-08-18T08:00:00+00:00,1.3517500000000002,1.3517600000000003,1.3512700000000002,1.3514300000000004,2557
2026-08-18T08:15:00+00:00,1.3514300000000004,1.3517000000000003,1.3512400000000002,1.3516900000000003,3206
2026-08-18T08:30:00+00:00,1.3516900000000003,1.3519400000000004,1.3515400000000002,1.3518300000000003,2207
2026-08-18T08:45:00+00:00,1.3518300000000003,1.3522300000000003,1.3517000000000003,1.3521000000000003,1844
2026-08-18T09:00:00+00:00,1.3521000000000003,1.3521000000000003,1.3517200000000003,1.3517500000000002,1714
2026-08-18T09:15:00+00:00,1.3517500000000002,1.3521600000000003,1.3515200000000003,1.3520700000000003,2667
2026-08-18T09:30:00+00:00,1.3520700000000003,1.3522300000000003,1.3516200000000003,1.3519000000000003,2723
2026-08-18T09:45:00+00:00,1.3519000000000003,1.3522400000000003,1.3518400000000004,1.3520900000000002,2149
2026-08-18T10:00:00+00:00,1.3520900000000002,1.3520900000000002,1.3514700000000002,1.3514700000000002,2507
2026-08-18T10:15:00+00:00,1.3514700000000002,1.3517900000000003,1.3513400000000002,1.3517600000000003,2928
2026-08-18T10:30:00+00:00,1.3517600000000003,1.3519000000000003,1.3515700000000004,1.3515900000000003,1470
2026-08-18T10:45:00+00:00,1.3515900000000003,1.3519100000000002,1.3513100000000002,1.3514700000000002,2716
2026-08-18T11:00:00+00:00,1.3514700000000002,1.3516200000000003,1.3511200000000003,1.3512800000000003,1522
2026-08-18T11:15:00+00:00,1.3512800000000003,1.3512800000000003,1.3508600000000002,1.3509200000000003,1385
2026-08-18T11:30:00+00:00,1.3509200000000003,1.3512700000000002,1.3508800000000003,1.3510300000000002,2069
2026-08-18T11:45:00+00:00,1.3510300000000002,1.3516500000000002,1.3510300000000002,1.3515700000000004,1774
2026-08-18T12:00:00+00:00,1.3515700000000004,1.3517600000000003,1.3513600000000003,1.3516800000000002,3144
2026-08-18T12:15:00+00:00,1.3516800000000002,1.3521000000000003,1.3514900000000003,1.3515800000000002,2955
2026-08-18T12:30:00+00:00,1.3515800000000002,1.3518600000000003,1.3512400000000002,1.3517800000000002,2033
2026-08-18T12:45:00+00:00,1.3517800000000002,1.3523100000000003,1.3516800000000002,1.3520400000000004,2086
2026-08-18T13:00:00+00:00,1.3520400000000004,1.3526700000000003,1.3520000000000003,1.3525600000000002,3347
2026-08-18T13:15:00+00:00,1.3525600000000002,1.3526300000000002,1.3521100000000004,1.3522500000000002,2687
2026-08-18T13:30:00+00:00,1.3522500000000002,1.3532600000000004,1.3517100000000002,1.3527700000000003,5025
2026-08-18T13:45:00+00:00,1.3527700000000003,1.3529900000000004,1.3521600000000003,1.3529900000000004,3270
2026-08-18T14:00:00+00:00,1.3529900000000004,1.3534600000000003,1.3528300000000002,1.3530800000000003,4410
2026-08-18T14:15:00+00:00,1.3530800000000003,1.3537500000000002,1.3529400000000003,1.3532700000000002,3226
2026-08-18T14:30:00+00:00,1.3532700000000002,1.3535100000000002,1.3527900000000004,1.3534700000000002,3300
2026-08-18T14:45:00+00:00,1.3534700000000002,1.3539800000000002,1.3531200000000003,1.3531600000000004,5263
2026-08-18T15:00:00+00:00,1.3531600000000004,1.3537000000000003,1.3525600000000002,1.3525600000000002,4852
2026-08-18T15:15:00+00:00,1.3525600000000002,1.3531000000000002,1.3525300000000002,1.3528300000000002,3905
2026-08-18T15:30:00+00:00,1.3528300000000002,1.3529800000000003,1.3525300000000002,1.3527000000000002,3421
2026-08-18T15:45:00+00:00,1.3527000000000002,1.3533100000000002,1.3526900000000002,1.3531600000000004,3002
2026-08-18T16:00:00+00:00,1.3531600000000004,1.3534900000000003,1.3529400000000003,1.3532500000000003,2278
2026-08-18T16:15:00+00:00,1.3532500000000003,1.3535900000000003,1.3530400000000002,1.3531200000000003,2419
2026-08-18T16:30:00+00:00,1.3531200000000003,1.3533700000000002,1.3529900000000004,1.3532900000000003,2003
2026-08-18T16:45:00+00:00,1.3532900000000003,1.3533400000000002,1.3529300000000002,1.3529500000000003,1753
2026-08-18T17:00:00+00:00,1.3529500000000003,1.3530300000000002,1.3522600000000002,1.3523400000000003,2225
2026-08-18T17:15:00+00:00,1.3523400000000003,1.3526300000000002,1.3523100000000003,1.3524700000000003,1694
2026-08-18T17:30:00+00:00,1.3524700000000003,1.3524700000000003,1.3521000000000003,1.3523400000000003,1923
2026-08-18T17:45:00+00:00,1.3523400000000003,1.3524400000000003,1.3522600000000002,1.3523700000000003,1476
2026-08-18T18:00:00+00:00,1.3523700000000003,1.3524200000000002,1.3521300000000003,1.3523700000000003,1350
2026-08-18T18:15:00+00:00,1.3523700000000003,1.3527000000000002,1.3523700000000003,1.3526100000000003,2233
2026-08-18T18:30:00+00:00,1.3526100000000003,1.3526100000000003,1.3522200000000002,1.3522300000000003,1514
2026-08-18T18:45:00+00:00,1.3522300000000003,1.3523100000000003,1.3521200000000002,1.3522700000000003,1431
2026-08-18T19:00:00+00:00,1.3522700000000003,1.3525700000000003,1.3521200000000002,1.3524600000000002,1953
2026-08-18T19:15:00+00:00,1.3524600000000002,1.3525200000000004,1.3523500000000004,1.3523900000000002,1785
2026-08-18T19:30:00+00:00,1.3523900000000002,1.3528400000000003,1.3523500000000004,1.3525800000000003,1795
2026-08-18T19:45:00+00:00,1.3525800000000003,1.3526400000000003,1.3520200000000002,1.3521500000000002,2081
2026-08-18T20:00:00+00:00,1.3521500000000002,1.3521800000000004,1.3517700000000004,1.3519500000000002,1900
2026-08-18T20:15:00+00:00,1.3519500000000002,1.3519600000000003,1.3517300000000003,1.3518400000000004,693
2026-08-18T20:30:00+00:00,1.3518400000000004,1.3521000000000003,1.3518400000000004,1.3520300000000003,1478
2026-08-18T20:45:00+00:00,1.3520300000000003,1.3520900000000002,1.3519300000000003,1.3520200000000002,1149
2026-08-18T21:00:00+00:00,1.3520200000000002,1.3520200000000002,1.3512100000000002,1.3519600000000003,265.76217078664575
2026-08-18T21:15:00+00:00,1.3519600000000003,1.3522900000000004,1.3517200000000003,1.3521000000000003,308
2026-08-18T21:30:00+00:00,1.3521000000000003,1.3521700000000003,1.3516200000000003,1.3516400000000004,552
2026-08-18T21:45:00+00:00,1.3516400000000004,1.3520800000000004,1.3515700000000004,1.3519300000000003,598
2026-08-18T22:00:00+00:00,1.3519300000000003,1.3525500000000004,1.3519300000000003,1.3520700000000003,1016
2026-08-18T22:15:00+00:00,1.3520700000000003,1.3521700000000003,1.3520100000000004,1.3520800000000004,481
2026-08-18T22:30:00+00:00,1.3520800000000004,1.3521600000000003,1.3520100000000004,1.3520200000000004,302
2026-08-18T22:45:00+00:00,1.3520200000000004,1.3522900000000004,1.3520200000000004,1.3522300000000003,297
2026-08-18T23:00:00+00:00,1.3522300000000003,1.3525000000000003,1.3522300000000003,1.3523600000000005,441
2026-08-18T23:15:00+00:00,1.3523600000000005,1.3524000000000003,1.3520900000000002,1.3521800000000004,442
2026-08-18T23:30:00+00:00,1.3521800000000004,1.3523100000000003,1.3520700000000003,1.3521300000000003,897
2026-08-18T23:45:00+00:00,1.3521300000000003,1.3524900000000004,1.3520600000000003,1.3524900000000004,999
2026-08-19T00:00:00+00:00,1.3524900000000004,1.3530400000000002,1.3524100000000003,1.3529000000000004,3339
2026-08-19T00:15:00+00:00,1.3529000000000004,1.3529800000000003,1.3526600000000004,1.3527100000000003,2646
2026-08-19T00:30:00+00:00,1.3527100000000003,1.3527400000000003,1.3522500000000004,1.3523500000000004,2503
2026-08-19T00:45:00+00:00,1.3523500000000004,1.3523900000000004,1.3518000000000003,1.3518000000000003,3311
2026-08-19T01:00:00+00:00,1.3518000000000003,1.3518800000000004,1.3514900000000003,1.3515400000000004,3221
2026-08-19T01:15:00+00:00,1.3515400000000004,1.3516900000000003,1.3512400000000004,1.3516800000000004,2883
2026-08-19T01:30:00+00:00,1.3516800000000004,1.3518700000000003,1.3516400000000004,1.3517600000000003,2027
2026-08-19T01:45:00+00:00,1.3517600000000003,1.3520300000000003,1.3516300000000003,1.3519500000000004,1856
2026-08-19T02:00:00+00:00,1.3519500000000004,1.3523800000000004,1.3518900000000003,1.3523300000000003,1981
2026-08-19T02:15:00+00:00,1.3523300000000003,1.3530300000000004,1.3520500000000004,1.3525200000000004,4043
2026-08-19T02:30:00+00:00,1.3525200000000004,1.3530600000000004,1.3524000000000003,1.3530100000000003,2490
2026-08-19T02:45:00+00:00,1.3530100000000003,1.3532800000000003,1.3525900000000004,1.3528600000000004,2992
2026-08-19T03:00:00+00:00,1.3528600000000004,1.3530500000000003,1.3526100000000003,1.3527900000000004,2391
2026-08-19T03:15:00+00:00,1.3527900000000004,1.3530000000000004,1.3527800000000003,1.3529100000000003,2224
2026-08-19T03:30:00+00:00,1.3529100000000003,1.3529800000000003,1.3526300000000004,1.3527800000000003,1551
2026-08-19T03:45:00+00:00,1.3527800000000003,1.3528600000000004,1.3525800000000003,1.3526100000000003,1941
2026-08-19T04:00:00+00:00,1.3526100000000003,1.3528900000000004,1.3525200000000004,1.3528800000000003,1705
2026-08-19T04:15:00+00:00,1.3528800000000003,1.3528900000000004,1.3526900000000004,1.3527700000000003,3000
2026-08-19T04:30:00+00:00,1.3527700000000003,1.3530300000000004,1.3525400000000003,1.3527400000000003,2089
2026-08-19T04:45:00+00:00,1.3527400000000003,1.3531500000000003,1.3527000000000002,1.3530700000000004,1804
2026-08-19T05:00:00+00:00,1.3530700000000004,1.3532100000000002,1.3528500000000003,1.3530500000000003,2101
2026-08-19T05:15:00+00:00,1.3530500000000003,1.3532000000000004,1.3529500000000003,1.3530400000000002,1864
2026-08-19T05:30:00+00:00,1.3530400000000002,1.3532900000000003,1.3530000000000004,1.3532700000000004,2774
2026-08-19T05:45:00+00:00,1.3532700000000004,1.3533800000000002,1.3530800000000003,1.3532400000000004,2393
2026-08-19T06:00:00+00:00,1.3532400000000004,1.3536900000000003,1.3529200000000003,1.3532600000000004,2553
2026-08-19T06:15:00+00:00,1.3532600000000004,1.3546900000000004,1.3532200000000003,1.3542800000000004,4374
2026-08-19T06:30:00+00:00,1.3542800000000004,1.3543800000000004,1.3537800000000004,1.3540600000000003,2739
2026-08-19T06:45:00+00:00,1.3540600000000003,1.3542400000000003,1.3538400000000004,1.3540100000000004,2955
2026-08-19T07:00:00+00:00,1.3540100000000004,1.3544900000000004,1.3537000000000003,1.3537000000000003,3167
2026-08-19T07:15:00+00:00,1.3537000000000003,1.3541100000000004,1.3533400000000004,1.3538700000000004,2762
2026-08-19T07:30:00+00:00,1.3538700000000004,1.3543100000000003,1.3537800000000004,1.3540500000000004,3778
2026-08-19T07:45:00+00:00,1.3540500000000004,1.3544900000000004,1.3540400000000004,1.3544700000000003,3474
2026-08-19T08:00:00+00:00,1.3544700000000003,1.3553700000000004,1.3543000000000003,1.3551400000000002,3213
2026-08-19T08:15:00+00:00,1.3551400000000002,1.3554800000000002,1.3544000000000003,1.3545300000000002,3304
2026-08-19T08:30:00+00:00,1.3545300000000002,1.3550100000000003,1.3542300000000003,1.3549500000000003,2637
2026-08-19T08:45:00+00:00,1.3549500000000003,1.3551600000000004,1.3541700000000003,1.3542100000000004,2938
2026-08-19T09:00:00+00:00,1.3542100000000004,1.3545800000000003,1.3538600000000003,1.3542300000000003,2381
2026-08-19T09:15:00+00:00,1.3542300000000003,1.3546700000000003,1.3540000000000003,1.3544000000000003,2248
2026-08-19T09:30:00+00:00,1.3544000000000003,1.3545500000000004,1.3540900000000002,1.3542900000000004,2382
2026-08-19T09:45:00+00:00,1.3542900000000004,1.3548200000000004,1.3542500000000004,1.3547200000000004,2650
2026-08-19T10:00:00+00:00,1.3547200000000004,1.3550700000000004,1.3544600000000004,1.3550700000000004,2209
2026-08-19T10:15:00+00:00,1.3550700000000004,1.3552000000000004,1.3548300000000004,1.3551400000000002,2256
2026-08-19T10:30:00+00:00,1.3551400000000002,1.3553100000000002,1.3550500000000003,1.3551800000000003,1659
2026-08-19T10:45:00+00:00,1.3551800000000003,1.3553500000000003,1.3543500000000004,1.3545200000000004,2118
2026-08-19T11:00:00+00:00,1.3545200000000004,1.3549500000000003,1.3540700000000003,1.3544500000000004,2251
2026-08-19T11:15:00+00:00,1.3544500000000004,1.3545500000000004,1.3542500000000004,1.3543000000000003,2205
2026-08-19T11:30:00+00:00,1.3543000000000003,1.3544700000000003,1.3536500000000002,1.3538600000000003,1965
2026-08-19T11:45:00+00:00,1.3538600000000003,1.3544300000000002,1.3538500000000004,1.3541800000000004,2097
2026-08-19T12:00:00+00:00,1.3541800000000004,1.3546800000000003,1.3541500000000004,1.3546800000000003,2237
2026-08-19T12:15:00+00:00,1.3546800000000003,1.3553700000000004,1.3546500000000004,1.3549600000000004,2745
2026-08-19T12:30:00+00:00,1.3549600000000004,1.3578000000000003,1.3549400000000003,1.3578000000000003,10590
2026-08-19T12:45:00+00:00,1.3578000000000003,1.3592000000000004,1.3574500000000003,1.3583900000000004,7531
2026-08-19T13:00:00+00:00,1.3583900000000004,1.3605900000000004,1.3583900000000004,1.3603900000000004,8030
2026-08-19T13:15:00+00:00,1.3603900000000004,1.3610900000000004,1.3600300000000003,1.3610900000000004,6463
2026-08-19T13:30:00+00:00,1.3610900000000004,1.3613200000000003,1.3601600000000003,1.3607700000000003,9040
2026-08-19T13:45:00+00:00,1.3607700000000003,1.3612600000000004,1.3598800000000004,1.3606400000000003,8294
2026-08-19T14:00:00+00:00,1.3606400000000003,1.3613700000000004,1.3602500000000004,1.3608700000000002,7045
2026-08-19T14:15:00+00:00,1.3608700000000002,1.3613200000000003,1.3603700000000003,1.3612800000000003,5572
2026-08-19T14:30:00+00:00,1.3612800000000003,1.3619300000000003,1.3609000000000004,1.3613900000000003,5876
2026-08-19T14:45:00+00:00,1.3613900000000003,1.3614300000000004,1.3595500000000003,1.3597700000000004,7460
2026-08-19T15:00:00+00:00,1.3597700000000004,1.3602800000000004,1.3593700000000004,1.3602800000000004,5701
2026-08-19T15:15:00+00:00,1.3602800000000004,1.3604600000000004,1.3590400000000002,1.3596500000000002,5023
2026-08-19T15:30:00+00:00,1.3596500000000002,1.3600100000000004,1.3595200000000003,1.3598800000000004,3544
2026-08-19T15:45:00+00:00,1.3598800000000004,1.3599500000000004,1.3590700000000004,1.3595500000000003,3386
2026-08-19T16:00:00+00:00,1.3595500000000003,1.3601100000000004,1.3593100000000002,1.3599100000000004,3768
2026-08-19T16:15:00+00:00,1.3599100000000004,1.3601400000000003,1.3595600000000003,1.3596900000000003,3751
2026-08-19T16:30:00+00:00,1.3596900000000003,1.3601300000000003,1.3596100000000004,1.3598300000000003,2507
2026-08-19T16:45:00+00:00,1.3598300000000003,1.3604600000000004,1.3597600000000003,1.3599100000000004,2492
2026-08-19T17:00:00+00:00,1.3599100000000004,1.3604800000000004,1.3591000000000004,1.3592600000000004,4637
2026-08-19T17:15:00+00:00,1.3592600000000004,1.3592600000000004,1.3584800000000004,1.3587000000000002,2768
2026-08-19T17:30:00+00:00,1.3587000000000002,1.3588000000000005,1.3582400000000003,1.3584000000000003,2747
2026-08-19T17:45:00+00:00,1.3584000000000003,1.3586300000000004,1.3579300000000003,1.3579600000000003,2495
2026-08-19T18:00:00+00:00,1.3579600000000003,1.3592100000000003,1.3578700000000004,1.3588700000000002,4430
2026-08-19T18:15:00+00:00,1.3588700000000002,1.3590100000000003,1.3578500000000004,1.3579900000000003,3041
2026-08-19T18:30:00+00:00,1.3579900000000003,1.3596600000000003,1.3579900000000003,1.3594700000000004,3506
2026-08-19T18:45:00+00:00,1.3594700000000004,1.3599000000000003,1.3593800000000003,1.3596100000000004,2460
2026-08-19T19:00:00+00:00,1.3596100000000004,1.3599700000000003,1.3591800000000003,1.3595500000000003,3180
2026-08-19T19:15:00+00:00,1.3595500000000003,1.3600900000000002,1.3595500000000003,1.3600000000000003,2884
2026-08-19T19:30:00+00:00,1.3600000000000003,1.3600900000000002,1.3592800000000003,1.3595700000000004,3756
2026-08-19T19:45:00+00:00,1.3595700000000004,1.3599900000000003,1.3593900000000003,1.3596800000000004,3063
2026-08-19T20:00:00+00:00,1.3596800000000004,1.3599000000000003,1.3592800000000003,1.3593100000000002,1212
2026-08-19T20:15:00+00:00,1.3593100000000002,1.3593100000000002,1.3591300000000004,1.3591500000000003,704
2026-08-19T20:30:00+00:00,1.3591500000000003,1.3596000000000004,1.3591200000000003,1.3594900000000003,938
2026-08-19T20:45:00+00:00,1.3594900000000003,1.3596500000000002,1.3594100000000005,1.3594200000000003,876
2026-08-19T21:00:00+00:00,1.3594200000000003,1.3599500000000002,1.3586300000000002,1.3595400000000004,57.25025333095227
2026-08-19T21:15:00+00:00,1.3595400000000004,1.3607100000000003,1.3595200000000005,1.3597700000000004,642
2026-08-19T21:30:00+00:00,1.3597700000000004,1.3601700000000003,1.3597500000000005,1.3599900000000005,639
2026-08-19T21:45:00+00:00,1.3599900000000005,1.3603500000000004,1.3593900000000003,1.3603000000000005,758
2026-08-19T22:00:00+00:00,1.3603000000000005,1.3607900000000004,1.3602900000000004,1.3605100000000003,1539
2026-08-19T22:15:00+00:00,1.3605100000000003,1.3605500000000004,1.3604600000000004,1.3605400000000003,379
2026-08-19T22:30:00+00:00,1.3605400000000003,1.3606000000000005,1.3603700000000003,1.3604000000000005,399
2026-08-19T22:45:00+00:00,1.3604000000000005,1.3604300000000005,1.3600900000000005,1.3600900000000005,638
2026-08-19T23:00:00+00:00,1.3600900000000005,1.3604700000000003,1.3599400000000004,1.3601300000000005,1175
2026-08-19T23:15:00+00:00,1.3601300000000005,1.3601800000000004,1.3599300000000003,1.3599900000000005,634
2026-08-19T23:30:00+00:00,1.3599900000000005,1.3600700000000003,1.3597300000000003,1.3597300000000003,596
2026-08-19T23:45:00+00:00,1.3597300000000003,1.3598800000000004,1.3596300000000003,1.3597600000000003,787
2026-08-20T00:00:00+00:00,1.3597600000000003,1.3604900000000004,1.3597300000000003,1.3600400000000004,3970
2026-08-20T00:15:00+00:00,1.3600400000000004,1.3603600000000005,1.3597700000000004,1.3598600000000003,3288
2026-08-20T00:30:00+00:00,1.3598600000000003,1.3602600000000005,1.3598300000000003,1.3598400000000004,2871
2026-08-20T00:45:00+00:00,1.3598400000000004,1.3598500000000004,1.3595300000000003,1.3597200000000005,2991
2026-08-20T01:00:00+00:00,1.3597200000000005,1.3598000000000003,1.3592400000000004,1.3595700000000004,3432
2026-08-20T01:15:00+00:00,1.3595700000000004,1.3604600000000004,1.3595400000000004,1.3603500000000004,3969
2026-08-20T01:30:00+00:00,1.3603500000000004,1.3606200000000004,1.3597700000000004,1.3603500000000004,5463
2026-08-20T01:45:00+00:00,1.3603500000000004,1.3605600000000004,1.3600400000000004,1.3605500000000004,3533
2026-08-20T02:00:00+00:00,1.3605500000000004,1.3612600000000004,1.3604800000000004,1.3606000000000005,4420
2026-08-20T02:15:00+00:00,1.3606000000000005,1.3606000000000005,1.3599700000000003,1.3602500000000004,2812
2026-08-20T02:30:00+00:00,1.3602500000000004,1.3605100000000003,1.3600900000000005,1.3602200000000004,3001
2026-08-20T02:45:00+00:00,1.3602200000000004,1.3603700000000003,1.3601300000000005,1.3602800000000004,2213
2026-08-20T03:00:00+00:00,1.3602800000000004,1.3608600000000004,1.3602300000000005,1.3607800000000003,2408
2026-08-20T03:15:00+00:00,1.3607800000000003,1.3611800000000005,1.3605300000000005,1.3608500000000003,2493
2026-08-20T03:30:00+00:00,1.3608500000000003,1.3610800000000003,1.3607400000000005,1.3610300000000004,2557
2026-08-20T03:45:00+00:00,1.3610300000000004,1.3612800000000005,1.3609900000000004,1.3612000000000004,1809
2026-08-20T04:00:00+00:00,1.3612000000000004,1.3614300000000004,1.3609900000000004,1.3613300000000004,1796
2026-08-20T04:15:00+00:00,1.3613300000000004,1.3613800000000005,1.3609700000000005,1.3610300000000004,2099
2026-08-20T04:30:00+00:00,1.3610300000000004,1.3611000000000004,1.3608300000000004,1.3608500000000003,2216
2026-08-20T04:45:00+00:00,1.3608500000000003,1.3609500000000003,1.3603800000000004,1.3605300000000005,2628
2026-08-20T05:00:00+00:00,1.3605300000000005,1.3608200000000004,1.3604800000000004,1.3605800000000003,2828
2026-08-20T05:15:00+00:00,1.3605800000000003,1.3606500000000004,1.3602000000000003,1.3602200000000004,2403
2026-08-20T05:30:00+00:00,1.3602200000000004,1.3604700000000003,1.3599000000000003,1.3599700000000003,3084
2026-08-20T05:45:00+00:00,1.3599700000000003,1.3604200000000004,1.3597800000000004,1.3602500000000004,3198
2026-08-20T06:00:00+00:00,1.3602500000000004,1.3610300000000004,1.3600600000000005,1.3608700000000005,3811
2026-08-20T06:15:00+00:00,1.3608700000000005,1.3608900000000004,1.3603900000000004,1.3605100000000003,3689
2026-08-20T06:30:00+00:00,1.3605100000000003,1.3607500000000003,1.3602800000000004,1.3606900000000004,3218
2026-08-20T06:45:00+00:00,1.3606900000000004,1.3614900000000003,1.3606800000000003,1.3614500000000005,4913
2026-08-20T07:00:00+00:00,1.3614500000000005,1.3615900000000003,1.3606500000000004,1.3610600000000004,4192
2026-08-20T07:15:00+00:00,1.3610600000000004,1.3612500000000003,1.3608800000000003,1.3611100000000005,2642
2026-08-20T07:30:00+00:00,1.3611100000000005,1.3629100000000005,1.3610700000000004,1.3625600000000004,4353
2026-08-20T07:45:00+00:00,1.3625600000000004,1.3626500000000004,1.3618200000000005,1.3622700000000003,4473
2026-08-20T08:00:00+00:00,1.3622700000000003,1.3628300000000004,1.3621100000000004,1.3628000000000005,3653
2026-08-20T08:15:00+00:00,1.3628000000000005,1.3633900000000003,1.3627500000000003,1.3631200000000003,3199
2026-08-20T08:30:00+00:00,1.3631200000000003,1.3633900000000003,1.3627400000000005,1.3630500000000003,3838
2026-08-20T08:45:00+00:00,1.3630500000000003,1.3635300000000004,1.3629900000000004,1.3633200000000003,3089
2026-08-20T09:00:00+00:00,1.3633200000000003,1.3639800000000004,1.3629300000000004,1.3637900000000005,2787
2026-08-20T09:15:00+00:00,1.3637900000000005,1.3643300000000005,1.3637000000000004,1.3641700000000003,3665
2026-08-20T09:30:00+00:00,1.3641700000000003,1.3643600000000005,1.3637300000000003,1.3643000000000003,2875
2026-08-20T09:45:00+00:00,1.3643000000000003,1.3645700000000005,1.3639700000000003,1.3645600000000004,2420
2026-08-20T10:00:00+00:00,1.3645600000000004,1.3657400000000004,1.3639800000000004,1.3651700000000004,3157
2026-08-20T10:15:00+00:00,1.3651700000000004,1.3654600000000003,1.3647800000000003,1.3653800000000005,2334
2026-08-20T10:30:00+00:00,1.3653800000000005,1.3654800000000005,1.3645400000000003,1.3645700000000005,3520
2026-08-20T10:45:00+00:00,1.3645700000000005,1.3646300000000005,1.3638600000000003,1.3642300000000005,3144
2026-08-20T11:00:00+00:00,1.3642300000000005,1.3643700000000003,1.3629400000000005,1.3631700000000004,3171
2026-08-20T11:15:00+00:00,1.3631700000000004,1.3638200000000005,1.3630600000000004,1.3633300000000004,2508
2026-08-20T11:30:00+00:00,1.3633300000000004,1.3640700000000003,1.3630100000000005,1.3630300000000004,3491
2026-08-20T11:45:00+00:00,1.3630300000000004,1.3632700000000004,1.3626900000000004,1.3629800000000003,3989
2026-08-20T12:00:00+00:00,1.3629800000000003,1.3632100000000005,1.3618300000000003,1.3630900000000004,5316
2026-08-20T12:15:00+00:00,1.3630900000000004,1.3638100000000004,1.3630900000000004,1.3633200000000003,4061
2026-08-20T12:30:00+00:00,1.3633200000000003,1.3636600000000003,1.3623300000000005,1.3636100000000004,4644
2026-08-20T12:45:00+00:00,1.3636100000000004,1.3643400000000003,1.3633300000000004,1.3640100000000004,6403
2026-08-20T13:00:00+00:00,1.3640100000000004,1.3650600000000004,1.3640100000000004,1.3641500000000004,5691
2026-08-20T13:15:00+00:00,1.3641500000000004,1.3647400000000005,1.3636300000000003,1.3640000000000003,4667
2026-08-20T13:30:00+00:00,1.3640000000000003,1.3642100000000004,1.3632800000000005,1.3636800000000004,7184
2026-08-20T13:45:00+00:00,1.3636800000000004,1.3638300000000003,1.3630500000000003,1.3631800000000005,5171
2026-08-20T14:00:00+00:00,1.3631800000000005,1.3637600000000003,1.3625500000000004,1.3626500000000004,4117
2026-08-20T14:15:00+00:00,1.3626500000000004,1.3634600000000003,1.3624500000000004,1.3632900000000003,4709
2026-08-20T14:30:00+00:00,1.3632900000000003,1.3634700000000004,1.3628800000000003,1.3630400000000005,2905
2026-08-20T14:45:00+00:00,1.3630400000000005,1.3634100000000005,1.3627400000000005,1.3629500000000003,4408
2026-08-20T15:00:00+00:00,1.3629500000000003,1.3645600000000004,1.3628300000000004,1.3635700000000004,9158
2026-08-20T15:15:00+00:00,1.3635700000000004,1.3640400000000004,1.3627500000000003,1.3640400000000004,6070
2026-08-20T15:30:00+00:00,1.3640400000000004,1.3642200000000004,1.3625400000000003,1.3627500000000003,6233
2026-08-20T15:45:00+00:00,1.3627500000000003,1.3635800000000005,1.3626100000000003,1.3634600000000003,6213
2026-08-20T16:00:00+00:00,1.3634600000000003,1.3635400000000004,1.3628500000000003,1.3628900000000004,4685
2026-08-20T16:15:00+00:00,1.3628900000000004,1.3630600000000004,1.3625100000000003,1.3625200000000004,3656
2026-08-20T16:30:00+00:00,1.3625200000000004,1.3626700000000005,1.3621700000000003,1.3625400000000003,3402
2026-08-20T16:45:00+00:00,1.3625400000000003,1.3631300000000004,1.3625000000000005,1.3628500000000003,2714
2026-08-20T17:00:00+00:00,1.3628500000000003,1.3629600000000004,1.3622300000000005,1.3622500000000004,3441
2026-08-20T17:15:00+00:00,1.3622500000000004,1.3624800000000004,1.3621500000000004,1.3624700000000003,2209
2026-08-20T17:30:00+00:00,1.3624700000000003,1.3625000000000005,1.3620600000000005,1.3622700000000003,1720
2026-08-20T17:45:00+00:00,1.3622700000000003,1.3625500000000004,1.3622300000000005,1.3625400000000003,1738
2026-08-20T18:00:00+00:00,1.3625400000000003,1.3626200000000004,1.3619500000000004,1.3620700000000003,2217
2026-08-20T18:15:00+00:00,1.3620700000000003,1.3621900000000005,1.3618400000000004,1.3620800000000004,2012
2026-08-20T18:30:00+00:00,1.3620800000000004,1.3623300000000005,1.3620700000000003,1.3621600000000005,2103
2026-08-20T18:45:00+00:00,1.3621600000000005,1.3626000000000005,1.3621500000000004,1.3625400000000003,2339
2026-08-20T19:00:00+00:00,1.3625400000000003,1.3627600000000004,1.3623000000000005,1.3627400000000005,2344
2026-08-20T19:15:00+00:00,1.3627400000000005,1.3628200000000004,1.3626300000000005,1.3626900000000004,2002
2026-08-20T19:30:00+00:00,1.3626900000000004,1.3628300000000004,1.3625000000000005,1.3625700000000005,2146
2026-08-20T19:45:00+00:00,1.3625700000000005,1.3628700000000005,1.3625100000000003,1.3626500000000004,1991
2026-08-20T20:00:00+00:00,1.3626500000000004,1.3628000000000005,1.3626300000000005,1.3626700000000005,922
2026-08-20T20:15:00+00:00,1.3626700000000005,1.3626900000000004,1.3625400000000003,1.3626300000000005,410
2026-08-20T20:30:00+00:00,1.3626300000000005,1.3630400000000005,1.3626300000000005,1.3629900000000004,673
2026-08-20T20:45:00+00:00,1.3629900000000004,1.3630700000000004,1.3627600000000004,1.3627800000000003,1217
2026-08-20T21:00:00+00:00,1.3627800000000003,1.3627800000000003,1.3617900000000005,1.3623000000000005,108.06095196028144
2026-08-20T21:15:00+00:00,1.3623000000000005,1.3624000000000005,1.3621900000000005,1.3623000000000005,217
2026-08-20T21:30:00+00:00,1.3623000000000005,1.3627300000000004,1.3622200000000004,1.3626200000000004,681
2026-08-20T21:45:00+00:00,1.3626200000000004,1.3628600000000004,1.3620300000000003,1.3625800000000003,1232
2026-08-20T22:00:00+00:00,1.3625800000000003,1.3633000000000004,1.3625400000000003,1.3631900000000003,736
2026-08-20T22:15:00+00:00,1.3631900000000003,1.3634300000000004,1.3630200000000003,1.3633200000000003,395
2026-08-20T22:30:00+00:00,1.3633200000000003,1.3633200000000003,1.3631100000000005,1.3631900000000003,289
2026-08-20T22:45:00+00:00,1.3631900000000003,1.3634300000000004,1.3631900000000003,1.3633500000000005,289
2026-08-20T23:00:00+00:00,1.3633500000000005,1.3637600000000003,1.3633500000000005,1.3636400000000004,930
2026-08-20T23:15:00+00:00,1.3636400000000004,1.3638700000000004,1.3635900000000003,1.3637100000000004,558
2026-08-20T23:30:00+00:00,1.3637100000000004,1.3638800000000004,1.3635900000000003,1.3638500000000005,999
2026-08-20T23:45:00+00:00,1.3638500000000005,1.3641600000000005,1.3637500000000005,1.3640800000000004,1490
2026-08-21T00:00:00+00:00,1.3640800000000004,1.3643100000000004,1.3636800000000004,1.3642700000000003,3201
2026-08-21T00:15:00+00:00,1.3642700000000003,1.3644400000000003,1.3638700000000004,1.3639800000000004,2644
2026-08-21T00:30:00+00:00,1.3639800000000004,1.3641300000000005,1.3636200000000005,1.3637400000000004,2627
2026-08-21T00:45:00+00:00,1.3637400000000004,1.3638800000000004,1.3635400000000004,1.3635700000000004,3154
2026-08-21T01:00:00+00:00,1.3635700000000004,1.3638800000000004,1.3634600000000003,1.3638100000000004,3634
2026-08-21T01:15:00+00:00,1.3638100000000004,1.3643800000000004,1.3636900000000003,1.3643600000000005,3479
2026-08-21T01:30:00+00:00,1.3643600000000005,1.3646900000000004,1.3641500000000004,1.3642200000000004,3684
2026-08-21T01:45:00+00:00,1.3642200000000004,1.3644100000000003,1.3640100000000004,1.3642300000000005,2421
2026-08-21T02:00:00+00:00,1.3642300000000005,1.3643700000000003,1.3638400000000004,1.3643100000000004,2570
2026-08-21T02:15:00+00:00,1.3643100000000004,1.3648100000000003,1.3641600000000005,1.3645900000000004,2939
2026-08-21T02:30:00+00:00,1.3645900000000004,1.3649200000000004,1.3645900000000004,1.3648000000000005,1948
2026-08-21T02:45:00+00:00,1.3648000000000005,1.3653300000000004,1.3646300000000005,1.3646500000000004,2481
2026-08-21T03:00:00+00:00,1.3646500000000004,1.3648800000000003,1.3645200000000004,1.3648000000000005,1796
2026-08-21T03:15:00+00:00,1.3648000000000005,1.3648600000000004,1.3644000000000005,1.3644000000000005,1861
2026-08-21T03:30:00+00:00,1.3644000000000005,1.3644500000000004,1.3640900000000005,1.3642600000000005,2199
2026-08-21T03:45:00+00:00,1.3642600000000005,1.3643900000000004,1.3641300000000005,1.3643500000000004,1919
2026-08-21T04:00:00+00:00,1.3643500000000004,1.3643900000000004,1.3641400000000004,1.3642000000000003,1653
2026-08-21T04:15:00+00:00,1.3642000000000003,1.3642600000000005,1.3638300000000003,1.3639300000000003,1157
2026-08-21T04:30:00+00:00,1.3639300000000003,1.3640100000000004,1.3637300000000003,1.3639700000000003,1218
2026-08-21T04:45:00+00:00,1.3639700000000003,1.3641300000000005,1.3638400000000004,1.3641200000000004,1486
2026-08-21T05:00:00+00:00,1.3641200000000004,1.3641400000000004,1.3638500000000005,1.3640300000000003,1420
2026-08-21T05:15:00+00:00,1.3640300000000003,1.3641500000000004,1.3638800000000004,1.3639400000000004,1357
2026-08-21T05:30:00+00:00,1.3639400000000004,1.3645900000000004,1.3638600000000003,1.3645800000000003,2284
2026-08-21T05:45:00+00:00,1.3645800000000003,1.3651200000000003,1.3643700000000003,1.3649500000000003,2937
2026-08-21T06:00:00+00:00,1.3649500000000003,1.3650200000000003,1.3640600000000005,1.3641900000000005,2886
2026-08-21T06:15:00+00:00,1.3641900000000005,1.3645200000000004,1.3638500000000005,1.3642400000000003,2717
2026-08-21T06:30:00+00:00,1.3642400000000003,1.3648400000000005,1.3642300000000005,1.3643600000000005,2530
2026-08-21T06:45:00+00:00,1.3643600000000005,1.3647600000000004,1.3641300000000005,1.3647300000000004,2887
2026-08-21T07:00:00+00:00,1.3647300000000004,1.3650400000000005,1.3641500000000004,1.3646000000000005,3044
2026-08-21T07:15:00+00:00,1.3646000000000005,1.3650700000000004,1.3644600000000005,1.3647300000000004,2828
2026-08-21T07:30:00+00:00,1.3647300000000004,1.3651300000000004,1.3640300000000003,1.3641700000000003,3767
2026-08-21T07:45:00+00:00,1.3641700000000003,1.3641900000000005,1.3635600000000003,1.3638700000000004,4425
2026-08-21T08:00:00+00:00,1.3638700000000004,1.3641000000000003,1.3633400000000004,1.3638600000000003,3916
2026-08-21T08:15:00+00:00,1.3638600000000003,1.3644800000000004,1.3635900000000003,1.3644500000000004,4096
2026-08-21T08:30:00+00:00,1.3644500000000004,1.3656500000000005,1.3643200000000004,1.3654600000000003,4723
2026-08-21T08:45:00+00:00,1.3654600000000003,1.3663000000000003,1.3652400000000005,1.3662400000000003,3327
2026-08-21T09:00:00+00:00,1.3662400000000003,1.3673500000000005,1.3660800000000004,1.3669700000000005,4612
2026-08-21T09:15:00+00:00,1.3669700000000005,1.3671200000000003,1.3657200000000005,1.3659100000000004,3308
2026-08-21T09:30:00+00:00,1.3659100000000004,1.3661200000000004,1.3656200000000005,1.3656600000000003,2878
2026-08-21T09:45:00+00:00,1.3656600000000003,1.3658400000000004,1.3652600000000004,1.3652800000000005,2617
2026-08-21T10:00:00+00:00,1.3652800000000005,1.3657900000000005,1.3651300000000004,1.3655300000000004,2731
2026-08-21T10:15:00+00:00,1.3655300000000004,1.3664200000000004,1.3654700000000004,1.3662100000000004,2463
2026-08-21T10:30:00+00:00,1.3662100000000004,1.3662900000000004,1.3658300000000003,1.3658900000000005,2971
2026-08-21T10:45:00+00:00,1.3658900000000005,1.3659200000000005,1.3641100000000004,1.3646300000000005,3947
2026-08-21T11:00:00+00:00,1.3646300000000005,1.3652600000000004,1.3644200000000004,1.3652300000000004,2594
2026-08-21T11:15:00+00:00,1.3652300000000004,1.3662600000000005,1.3652100000000005,1.3660700000000003,4458
2026-08-21T11:30:00+00:00,1.3660700000000003,1.3661400000000004,1.3651200000000003,1.3653200000000003,3940
2026-08-21T11:45:00+00:00,1.3653200000000003,1.3655400000000004,1.3648500000000003,1.3655200000000005,2679
2026-08-21T12:00:00+00:00,1.3655200000000005,1.3657700000000004,1.3651100000000005,1.3651200000000003,4596
2026-08-21T12:15:00+00:00,1.3651200000000003,1.3656600000000003,1.3649900000000004,1.3651600000000004,3904
2026-08-21T12:30:00+00:00,1.3651600000000004,1.3651600000000004,1.3633000000000004,1.3642300000000005,5195
2026-08-21T12:45:00+00:00,1.3642300000000005,1.3643300000000005,1.3637000000000004,1.3641200000000004,4467
2026-08-21T13:00:00+00:00,1.3641200000000004,1.3643700000000003,1.3633600000000003,1.3635500000000005,5046
2026-08-21T13:15:00+00:00,1.3635500000000005,1.3637100000000004,1.3632100000000005,1.3633900000000003,4132
2026-08-21T13:30:00+00:00,1.3633900000000003,1.3637400000000004,1.3632100000000005,1.3637000000000004,4234
2026-08-21T13:45:00+00:00,1.3637000000000004,1.3645000000000005,1.3634600000000003,1.3642100000000004,3159
2026-08-21T14:00:00+00:00,1.3642100000000004,1.3642100000000004,1.3634700000000004,1.3638300000000003,4019
2026-08-21T14:15:00+00:00,1.3638300000000003,1.3640800000000004,1.3630200000000003,1.3630300000000004,3682
2026-08-21T14:30:00+00:00,1.3630300000000004,1.3630300000000004,1.3616300000000003,1.3620800000000004,6296
2026-08-21T14:45:00+00:00,1.3620800000000004,1.3629300000000004,1.3618600000000003,1.3621900000000005,5738
2026-08-21T15:00:00+00:00,1.3621900000000005,1.3627100000000003,1.3620000000000003,1.3624100000000003,4937
2026-08-21T15:15:00+00:00,1.3624100000000003,1.3629400000000005,1.3621300000000005,1.3627400000000005,3291
2026-08-21T15:30:00+00:00,1.3627400000000005,1.3636000000000004,1.3627400000000005,1.3635600000000003,2611
2026-08-21T15:45:00+00:00,1.3635600000000003,1.3640000000000003,1.3632600000000004,1.3639800000000004,2733
2026-08-21T16:00:00+00:00,1.3639800000000004,1.3641800000000004,1.3634600000000003,1.3637600000000003,2888
2026-08-21T16:15:00+00:00,1.3637600000000003,1.3643800000000004,1.3634500000000005,1.3639600000000005,4451
2026-08-21T16:30:00+00:00,1.3639600000000005,1.3642500000000004,1.3638400000000004,1.3639500000000004,2978
2026-08-21T16:45:00+00:00,1.3639500000000004,1.3641200000000004,1.3637500000000005,1.3639900000000005,2169
2026-08-21T17:00:00+00:00,1.3639900000000005,1.3640400000000004,1.3637500000000005,1.3638500000000005,3017
2026-08-21T17:15:00+00:00,1.3638500000000005,1.3643700000000003,1.3638000000000003,1.3642600000000005,2421
2026-08-21T17:30:00+00:00,1.3642600000000005,1.3646900000000004,1.3641600000000005,1.3642800000000004,2439
2026-08-21T17:45:00+00:00,1.3642800000000004,1.3647400000000005,1.3642600000000005,1.3646400000000003,1336
2026-08-21T18:00:00+00:00,1.3646400000000003,1.3651700000000004,1.3646400000000003,1.3647600000000004,1485
2026-08-21T18:15:00+00:00,1.3647600000000004,1.3650600000000004,1.3646700000000005,1.3649400000000005,1233
2026-08-21T18:30:00+00:00,1.3649400000000005,1.3650200000000003,1.3647700000000005,1.3649100000000003,1181
2026-08-21T18:45:00+00:00,1.3649100000000003,1.3650000000000004,1.3646700000000005,1.3649500000000003,1535
2026-08-21T19:00:00+00:00,1.3649500000000003,1.3650600000000004,1.3645300000000005,1.3646400000000003,1797
2026-08-21T19:15:00+00:00,1.3646400000000003,1.3646800000000003,1.3644400000000003,1.3645400000000003,1150
2026-08-21T19:30:00+00:00,1.3645400000000003,1.3646700000000005,1.3643500000000004,1.3644500000000004,1471
2026-08-21T19:45:00+00:00,1.3644500000000004,1.3648100000000003,1.3643100000000004,1.3644900000000004,1546
2026-08-21T20:00:00+00:00,1.3644900000000004,1.3646300000000005,1.3643600000000005,1.3645600000000004,641
2026-08-21T20:15:00+00:00,1.3645600000000004,1.3645800000000003,1.3642500000000004,1.3642600000000005,554
2026-08-21T20:30:00+00:00,1.3642600000000005,1.3642600000000005,1.3638300000000003,1.3640300000000003,699
2026-08-21T20:45:00+00:00,1.3640300000000003,1.3641900000000005,1.3631400000000005,1.36411,3051
2026-08-23T21:00:00+00:00,1.36189,1.36331,1.36189,1.36262,53
2026-08-23T21:15:00+00:00,1.36262,1.3633,1.3626,1.3633,50
2026-08-23T21:30:00+00:00,1.3633,1.36429,1.36262,1.36313,686
2026-08-23T21:45:00+00:00,1.36313,1.36337,1.36255,1.36255,347
2026-08-23T22:00:00+00:00,1.36255,1.3646,1.36255,1.36447,844
2026-08-23T22:15:00+00:00,1.36447,1.36452,1.36441,1.36452,339
2026-08-23T22:30:00+00:00,1.36452,1.36467,1.36433,1.36436,508
2026-08-23T22:45:00+00:00,1.36436,1.36437,1.36424,1.36425,493
2026-08-23T23:00:00+00:00,1.36425,1.36446,1.36424,1.36437,765
2026-08-23T23:15:00+00:00,1.36437,1.36459,1.36426,1.36448,599
2026-08-23T23:30:00+00:00,1.36448,1.36469,1.36447,1.36463,827
2026-08-23T23:45:00+00:00,1.36463,1.36539,1.36458,1.36538,1624
2026-08-24T00:00:00+00:00,1.36538,1.36558,1.36517,1.36535,3562
2026-08-24T00:15:00+00:00,1.36535,1.36547,1.36508,1.36511,2673
2026-08-24T00:30:00+00:00,1.36511,1.36518,1.36494,1.36508,2402
2026-08-24T00:45:00+00:00,1.36508,1.36556,1.36493,1.36546,2674
2026-08-24T01:00:00+00:00,1.36546,1.3656,1.36472,1.36473,3574
2026-08-24T01:15:00+00:00,1.36473,1.36482,1.36427,1.36432,3343
2026-08-24T01:30:00+00:00,1.36432,1.36439,1.36416,1.36435,3134
2026-08-24T01:45:00+00:00,1.36435,1.36484,1.36429,1.36477,3041
2026-08-24T02:00:00+00:00,1.36477,1.36511,1.36463,1.36505,2980
2026-08-24T02:15:00+00:00,1.36505,1.36521,1.36495,1.36496,2168
2026-08-24T02:30:00+00:00,1.36496,1.36498,1.36455,1.36478,2241
2026-08-24T02:45:00+00:00,1.36478,1.365,1.36459,1.36494,2375
2026-08-24T03:00:00+00:00,1.36494,1.36504,1.36453,1.36477,2137
2026-08-24T03:15:00+00:00,1.36477,1.36492,1.36467,1.36471,1876
2026-08-24T03:30:00+00:00,1.36471,1.3648,1.36454,1.36455,1992
2026-08-24T03:45:00+00:00,1.36455,1.36464,1.36433,1.36454,2040
2026-08-24T04:00:00+00:00,1.36454,1.36458,1.36411,1.36436,3139
2026-08-24T04:15:00+00:00,1.36436,1.36472,1.36423,1.36467,3286
2026-08-24T04:30:00+00:00,1.36467,1.36468,1.36444,1.36451,2516
2026-08-24T04:45:00+00:00,1.36451,1.36475,1.36442,1.36475,2251
2026-08-24T05:00:00+00:00,1.36475,1.36476,1.36442,1.36448,2399
2026-08-24T05:15:00+00:00,1.36448,1.36467,1.36425,1.36433,2540
2026-08-24T05:30:00+00:00,1.36433,1.36437,1.36391,1.36394,2259
2026-08-24T05:45:00+00:00,1.36394,1.36447,1.36386,1.36436,2311
2026-08-24T06:00:00+00:00,1.36436,1.36449,1.36415,1.36431,3535
2026-08-24T06:15:00+00:00,1.36431,1.36441,1.36383,1.36388,3556
2026-08-24T06:30:00+00:00,1.36388,1.36421,1.36387,1.36408,3126
2026-08-24T06:45:00+00:00,1.36408,1.36461,1.36378,1.36434,3363
2026-08-24T07:00:00+00:00,1.36434,1.36489,1.36426,1.36441,4141
2026-08-24T07:15:00+00:00,1.36441,1.36464,1.36413,1.36449,3123
2026-08-24T07:30:00+00:00,1.36449,1.36488,1.36333,1.36335,4759
2026-08-24T07:45:00+00:00,1.36335,1.36394,1.36319,1.36326,4218
2026-08-24T08:00:00+00:00,1.36326,1.36388,1.36296,1.36297,3967
2026-08-24T08:15:00+00:00,1.36297,1.36327,1.3625,1.3626,2930
2026-08-24T08:30:00+00:00,1.3626,1.36326,1.36259,1.36309,2646
2026-08-24T08:45:00+00:00,1.36309,1.36337,1.36212,1.36215,3011
2026-08-24T09:00:00+00:00,1.36215,1.36295,1.36215,1.36276,2780
2026-08-24T09:15:00+00:00,1.36276,1.36295,1.36262,1.36293,2198
2026-08-24T09:30:00+00:00,1.36293,1.36313,1.36259,1.3629,1786
2026-08-24T09:45:00+00:00,1.3629,1.36341,1.36289,1.36341,1964
2026-08-24T10:00:00+00:00,1.36341,1.36349,1.36308,1.36326,2254
2026-08-24T10:15:00+00:00,1.36326,1.36353,1.36309,1.36331,1929
2026-08-24T10:30:00+00:00,1.36331,1.36334,1.3626,1.36271,1995
2026-08-24T10:45:00+00:00,1.36271,1.363,1.36256,1.36257,3032
2026-08-24T11:00:00+00:00,1.36257,1.3629,1.36227,1.36272,3204
2026-08-24T11:15:00+00:00,1.36272,1.3631,1.36254,1.36304,2584
2026-08-24T11:30:00+00:00,1.36304,1.36409,1.36294,1.36346,6695
2026-08-24T11:45:00+00:00,1.36346,1.36401,1.36323,1.36387,3570
2026-08-24T12:00:00+00:00,1.36387,1.36392,1.36317,1.36346,3627
2026-08-24T12:15:00+00:00,1.36346,1.3645,1.36325,1.36447,4395
2026-08-24T12:30:00+00:00,1.36447,1.36473,1.36357,1.364,5415
2026-08-24T12:45:00+00:00,1.364,1.3646,1.36371,1.36426,3312
2026-08-24T13:00:00+00:00,1.36426,1.36482,1.36425,1.36478,3794
2026-08-24T13:15:00+00:00,1.36478,1.36497,1.36427,1.36427,4399
2026-08-24T13:30:00+00:00,1.36427,1.36477,1.36408,1.36412,4674
2026-08-24T13:45:00+00:00,1.36412,1.36454,1.36382,1.3641,4868
2026-08-24T14:00:00+00:00,1.3641,1.36418,1.36364,1.364,4380
2026-08-24T14:15:00+00:00,1.364,1.36428,1.36342,1.36418,4417
2026-08-24T14:30:00+00:00,1.36418,1.36419,1.36375,1.3641,4212
2026-08-24T14:45:00+00:00,1.3641,1.36428,1.36326,1.3634,4119
2026-08-24T15:00:00+00:00,1.3634,1.3641,1.36335,1.36395,4621
2026-08-24T15:15:00+00:00,1.36395,1.36447,1.36361,1.36425,6019
2026-08-24T15:30:00+00:00,1.36425,1.3643,1.36343,1.36343,3176
2026-08-24T15:45:00+00:00,1.36343,1.3636,1.36286,1.36297,2911
2026-08-24T16:00:00+00:00,1.36297,1.36367,1.36288,1.36329,4812
2026-08-24T16:15:00+00:00,1.36329,1.36362,1.36325,1.36345,2364
2026-08-24T16:30:00+00:00,1.36345,1.36377,1.36335,1.36348,2164
2026-08-24T16:45:00+00:00,1.36348,1.36354,1.36295,1.36344,3012
2026-08-24T17:00:00+00:00,1.36344,1.36368,1.36305,1.36327,5162
2026-08-24T17:15:00+00:00,1.36327,1.36339,1.36266,1.36282,5053
2026-08-24T17:30:00+00:00,1.36282,1.36309,1.36271,1.36274,2270
2026-08-24T17:45:00+00:00,1.36274,1.3629,1.36251,1.36287,2170
2026-08-24T18:00:00+00:00,1.36287,1.36293,1.36248,1.36279,2267
2026-08-24T18:15:00+00:00,1.36279,1.36343,1.36276,1.36336,2351
2026-08-24T18:30:00+00:00,1.36336,1.36344,1.36292,1.36313,1564
2026-08-24T18:45:00+00:00,1.36313,1.36321,1.36283,1.36312,1930
2026-08-24T19:00:00+00:00,1.36312,1.36312,1.3627,1.36281,1297
2026-08-24T19:15:00+00:00,1.36281,1.36286,1.36255,1.36255,1399
2026-08-24T19:30:00+00:00,1.36255,1.36286,1.36247,1.36277,1339
2026-08-24T19:45:00+00:00,1.36277,1.36305,1.36273,1.3628,1766
2026-08-24T20:00:00+00:00,1.3628,1.36312,1.36277,1.36303,1284
2026-08-24T20:15:00+00:00,1.36303,1.36307,1.36298,1.36304,363
2026-08-24T20:30:00+00:00,1.36304,1.36307,1.36291,1.36293,674
2026-08-24T20:45:00+00:00,1.36293,1.36314,1.36293,1.36306,404
2026-08-24T21:00:00+00:00,1.36306,1.36306,1.36224,1.36259,108
2026-08-24T21:15:00+00:00,1.36259,1.36318,1.36258,1.36311,434
2026-08-24T21:30:00+00:00,1.36311,1.36324,1.36247,1.36301,1165
2026-08-24T21:45:00+00:00,1.36301,1.36338,1.36277,1.36281,832
2026-08-24T22:00:00+00:00,1.36281,1.36337,1.36281,1.36322,336
2026-08-24T22:15:00+00:00,1.36322,1.36335,1.36319,1.36329,337
2026-08-24T22:30:00+00:00,1.36329,1.36337,1.36321,1.36334,267
2026-08-24T22:45:00+00:00,1.36334,1.36341,1.36332,1.36335,175
2026-08-24T23:00:00+00:00,1.36335,1.36348,1.36334,1.36345,598
2026-08-24T23:15:00+00:00,1.36345,1.36353,1.36341,1.36342,419
2026-08-24T23:30:00+00:00,1.36342,1.36346,1.36334,1.36344,738
2026-08-24T23:45:00+00:00,1.36344,1.3638,1.36341,1.36375,809
2026-08-25T00:00:00+00:00,1.36375,1.36401,1.36363,1.36392,2883
2026-08-25T00:15:00+00:00,1.36392,1.36392,1.3637,1.36388,2577
2026-08-25T00:30:00+00:00,1.36388,1.36404,1.36381,1.36391,2283
2026-08-25T00:45:00+00:00,1.36391,1.36395,1.36357,1.3639,2454
2026-08-25T01:00:00+00:00,1.3639,1.36394,1.36364,1.36385,2655
2026-08-25T01:15:00+00:00,1.36385,1.36385,1.36333,1.36367,2557
2026-08-25T01:30:00+00:00,1.36367,1.36378,1.36344,1.36361,2613
2026-08-25T01:45:00+00:00,1.36361,1.36361,1.36308,1.36321,2519
2026-08-25T02:00:00+00:00,1.36321,1.36348,1.36303,1.36334,3166
2026-08-25T02:15:00+00:00,1.36334,1.36356,1.36324,1.36356,2230
2026-08-25T02:30:00+00:00,1.36356,1.36358,1.36324,1.36344,2855
2026-08-25T02:45:00+00:00,1.36344,1.36354,1.36296,1.36319,3325
2026-08-25T03:00:00+00:00,1.36319,1.36336,1.36306,1.36315,2597
2026-08-25T03:15:00+00:00,1.36315,1.36327,1.3629,1.36295,2367
2026-08-25T03:30:00+00:00,1.36295,1.36311,1.36284,1.36303,2373
2026-08-25T03:45:00+00:00,1.36303,1.36303,1.36282,1.36289,1824
2026-08-25T04:00:00+00:00,1.36289,1.36289,1.36242,1.3626,1619
2026-08-25T04:15:00+00:00,1.3626,1.3626,1.36237,1.36253,1945
2026-08-25T04:30:00+00:00,1.36253,1.36274,1.36245,1.36265,1904
2026-08-25T04:45:00+00:00,1.36265,1.36268,1.36254,1.36263,1733
2026-08-25T05:00:00+00:00,1.36263,1.36287,1.3625,1.36269,1994
2026-08-25T05:15:00+00:00,1.36269,1.36275,1.36262,1.36274,1581
2026-08-25T05:30:00+00:00,1.36274,1.36277,1.36243,1.36245,1522
2026-08-25T05:45:00+00:00,1.36245,1.36252,1.36221,1.36228,2450
2026-08-25T06:00:00+00:00,1.36228,1.3627,1.36219,1.36268,2507
2026-08-25T06:15:00+00:00,1.36268,1.36271,1.36239,1.36268,2842
2026-08-25T06:30:00+00:00,1.36268,1.36286,1.36233,1.36256,3080
2026-08-25T06:45:00+00:00,1.36256,1.36276,1.36233,1.36275,2630
2026-08-25T07:00:00+00:00,1.36275,1.36414,1.36275,1.36402,3492
2026-08-25T07:15:00+00:00,1.36402,1.36443,1.3638,1.3638,2968
2026-08-25T07:30:00+00:00,1.3638,1.36388,1.36364,1.36378,2434
2026-08-25T07:45:00+00:00,1.36378,1.364,1.36366,1.36383,2244
2026-08-25T08:00:00+00:00,1.36383,1.36397,1.36287,1.36324,2912
2026-08-25T08:15:00+00:00,1.36324,1.36409,1.36312,1.36341,4711
2026-08-25T08:30:00+00:00,1.36341,1.36371,1.36321,1.36369,3919
2026-08-25T08:45:00+00:00,1.36369,1.36423,1.36366,1.36414,2760
2026-08-25T09:00:00+00:00,1.36414,1.36496,1.36396,1.36477,3520
2026-08-25T09:15:00+00:00,1.36477,1.3648,1.36407,1.36414,2395
2026-08-25T09:30:00+00:00,1.36414,1.36488,1.36407,1.36416,3938
2026-08-25T09:45:00+00:00,1.36416,1.36469,1.36414,1.36427,2954
2026-08-25T10:00:00+00:00,1.36427,1.36427,1.36361,1.36368,2401
2026-08-25T10:15:00+00:00,1.36368,1.36398,1.36341,1.36348,2747
2026-08-25T10:30:00+00:00,1.36348,1.36395,1.36339,1.36386,3127
2026-08-25T10:45:00+00:00,1.36386,1.36387,1.36312,1.36323,2720
2026-08-25T11:00:00+00:00,1.36323,1.36335,1.36285,1.363,2842
2026-08-25T11:15:00+00:00,1.363,1.36322,1.36275,1.36298,2455
2026-08-25T11:30:00+00:00,1.36298,1.3632,1.36284,1.36284,2118
2026-08-25T11:45:00+00:00,1.36284,1.36373,1.36283,1.3631900000000001,2849
2026-08-25T12:00:00+00:00,1.3631900000000001,1.36365,1.36296,1.36335,3692
2026-08-25T12:15:00+00:00,1.36335,1.36362,1.36311,1.36333,2569
2026-08-25T12:30:00+00:00,1.36333,1.36339,1.36259,1.36297,2670
2026-08-25T12:45:00+00:00,1.36297,1.36358,1.36297,1.36356,2216
2026-08-25T13:00:00+00:00,1.36356,1.36528,1.3634,1.36469,4663
2026-08-25T13:15:00+00:00,1.36469,1.36486,1.36422,1.36439,3286
2026-08-25T13:30:00+00:00,1.36439,1.36489,1.36398,1.36405,4500
2026-08-25T13:45:00+00:00,1.36405,1.36433,1.36386,1.36425,3221
2026-08-25T14:00:00+00:00,1.36425,1.36436,1.36363,1.36417,4303
2026-08-25T14:15:00+00:00,1.36417,1.36426,1.36294,1.36346,3695
2026-08-25T14:30:00+00:00,1.36346,1.36369,1.36278,1.36357,4044
2026-08-25T14:45:00+00:00,1.36357,1.36438,1.36304,1.36327,5642
2026-08-25T15:00:00+00:00,1.36327,1.36354,1.36307,1.3633,3686
2026-08-25T15:15:00+00:00,1.3633,1.36359,1.36302,1.36342,2980
2026-08-25T15:30:00+00:00,1.36342,1.36398,1.36314,1.36333,4879
2026-08-25T15:45:00+00:00,1.36333,1.36398,1.36333,1.36397,3249
2026-08-25T16:00:00+00:00,1.36397,1.3641,1.36357,1.36357,2553
2026-08-25T16:15:00+00:00,1.36357,1.3636,1.3632,1.36351,2216
2026-08-25T16:30:00+00:00,1.36351,1.36397,1.36351,1.36366,1723
2026-08-25T16:45:00+00:00,1.36366,1.36369,1.36323,1.36349,1883
2026-08-25T17:00:00+00:00,1.36349,1.3637,1.36335,1.3635,2802
2026-08-25T17:15:00+00:00,1.3635,1.3639,1.3635,1.36377,2228
2026-08-25T17:30:00+00:00,1.36377,1.36422,1.36366,1.36397,2517
2026-08-25T17:45:00+00:00,1.36397,1.36445,1.36393,1.36437,1912
2026-08-25T18:00:00+00:00,1.36437,1.36468,1.36421,1.36447,2338
2026-08-25T18:15:00+00:00,1.36447,1.3646,1.36433,1.36448,1389
2026-08-25T18:30:00+00:00,1.36448,1.36451,1.3643,1.3643699999999999,1226
2026-08-25T18:45:00+00:00,1.3643699999999999,1.3645699999999998,1.36424,1.3645499999999997,1830
2026-08-25T19:00:00+00:00,1.3645499999999997,1.3647599999999998,1.3643699999999999,1.3647399999999998,1811
2026-08-25T19:15:00+00:00,1.3647399999999998,1.3651499999999999,1.3646599999999998,1.36468,2251
2026-08-25T19:30:00+00:00,1.36468,1.36468,1.3643299999999998,1.3645299999999998,2305
2026-08-25T19:45:00+00:00,1.3645299999999998,1.3653899999999999,1.3645199999999997,1.3652099999999998,2670
2026-08-25T20:00:00+00:00,1.3652099999999998,1.3654499999999998,1.3649399999999998,1.3652099999999998,1441
2026-08-25T20:15:00+00:00,1.3652099999999998,1.3653399999999998,1.3650699999999998,1.3651699999999998,1357
2026-08-25T20:30:00+00:00,1.3651699999999998,1.3652499999999999,1.36485,1.3648799999999999,1303
2026-08-25T20:45:00+00:00,1.3648799999999999,1.3649799999999999,1.3646499999999997,1.3647199999999997,1013
2026-08-25T21:00:00+00:00,1.3647199999999997,1.36483,1.36389,1.36477,130
2026-08-25T21:15:00+00:00,1.36477,1.36478,1.36459,1.36478,249
2026-08-25T21:30:00+00:00,1.36478,1.36478,1.36411,1.36451,843
2026-08-25T21:45:00+00:00,1.36451,1.36477,1.36357,1.3641699999999999,766
2026-08-25T22:00:00+00:00,1.3641699999999999,1.36476,1.3641699999999999,1.36463,803
2026-08-25T22:15:00+00:00,1.36463,1.3648099999999999,1.3645399999999999,1.36479,1071
2026-08-25T22:30:00+00:00,1.36479,1.36485,1.36469,1.36484,527
2026-08-25T22:45:00+00:00,1.36484,1.36487,1.3648099999999999,1.36486,225
2026-08-25T23:00:00+00:00,1.36486,1.3648799999999999,1.36463,1.3647099999999999,410
2026-08-25T23:15:00+00:00,1.3647099999999999,1.36476,1.36452,1.3646,340
2026-08-25T23:30:00+00:00,1.3646,1.36462,1.36433,1.36443,357
2026-08-25T23:45:00+00:00,1.36443,1.36455,1.3643699999999999,1.36445,1158
2026-08-26T00:00:00+00:00,1.36445,1.36465,1.3642999999999998,1.3646399999999999,2161
2026-08-26T00:15:00+00:00,1.3646399999999999,1.3647399999999998,1.3644699999999998,1.36453,2381
2026-08-26T00:30:00+00:00,1.36453,1.36472,1.36432,1.36465,2183
2026-08-26T00:45:00+00:00,1.36465,1.3647799999999999,1.3643699999999999,1.36439,2163
2026-08-26T01:00:00+00:00,1.36439,1.36459,1.36425,1.36431,2422
2026-08-26T01:15:00+00:00,1.36431,1.36455,1.36428,1.3642999999999998,1907
2026-08-26T01:30:00+00:00,1.3642999999999998,1.3646,1.3642699999999999,1.36431,3014
2026-08-26T01:45:00+00:00,1.36431,1.36466,1.36428,1.36433,3002
2026-08-26T02:00:00+00:00,1.36433,1.36462,1.36431,1.36448,2345
2026-08-26T02:15:00+00:00,1.36448,1.36452,1.36407,1.36415,1787
2026-08-26T02:30:00+00:00,1.36415,1.36433,1.36398,1.36426,2325
2026-08-26T02:45:00+00:00,1.36426,1.3642699999999999,1.3638,1.3638599999999999,1534
2026-08-26T03:00:00+00:00,1.3638599999999999,1.36402,1.36365,1.3637599999999999,2170
2026-08-26T03:15:00+00:00,1.3637599999999999,1.36398,1.36374,1.36375,1953
2026-08-26T03:30:00+00:00,1.36375,1.36377,1.3635199999999998,1.36375,2201
2026-08-26T03:45:00+00:00,1.36375,1.36375,1.36351,1.36357,1727
2026-08-26T04:00:00+00:00,1.36357,1.36358,1.36336,1.36336,850
2026-08-26T04:15:00+00:00,1.36336,1.3635599999999999,1.36326,1.36344,1497
2026-08-26T04:30:00+00:00,1.36344,1.36357,1.36323,1.36324,1375
2026-08-26T04:45:00+00:00,1.36324,1.36326,1.3630499999999999,1.36316,1625
2026-08-26T05:00:00+00:00,1.36316,1.36324,1.36289,1.3629499999999999,1578
2026-08-26T05:15:00+00:00,1.3629499999999999,1.36331,1.3629499999999999,1.36316,1607
2026-08-26T05:30:00+00:00,1.36316,1.36357,1.36316,1.3634199999999999,1904
2026-08-26T05:45:00+00:00,1.3634199999999999,1.3635199999999998,1.3632199999999999,1.3633499999999998,1814
2026-08-26T06:00:00+00:00,1.3633499999999998,1.36337,1.3627799999999999,1.36283,2436
2026-08-26T06:15:00+00:00,1.36283,1.3630799999999998,1.3628,1.36286,3165
2026-08-26T06:30:00+00:00,1.36286,1.3630799999999998,1.36245,1.3627,1898
2026-08-26T06:45:00+00:00,1.3627,1.3632,1.36238,1.36311,3069
2026-08-26T07:00:00+00:00,1.36311,1.36388,1.3631,1.36367,2920
2026-08-26T07:15:00+00:00,1.36367,1.36394,1.36334,1.3634,2062
2026-08-26T07:30:00+00:00,1.3634,1.36364,1.36328,1.36334,1829
2026-08-26T07:45:00+00:00,1.36334,1.36347,1.3629099999999998,1.36306,2653
2026-08-26T08:00:00+00:00,1.36306,1.36357,1.3627799999999999,1.36334,3713
2026-08-26T08:15:00+00:00,1.36334,1.36354,1.36323,1.36337,2744
2026-08-26T08:30:00+00:00,1.36337,1.36337,1.36285,1.36307,2614
2026-08-26T08:45:00+00:00,1.36307,1.36309,1.3625099999999999,1.3627399999999998,1884
2026-08-26T09:00:00+00:00,1.3627399999999998,1.36279,1.36218,1.3623699999999999,2245
2026-08-26T09:15:00+00:00,1.3623699999999999,1.36252,1.3621699999999999,1.3623399999999999,1758
2026-08-26T09:30:00+00:00,1.3623399999999999,1.36267,1.3623399999999999,1.36262,1539
2026-08-26T09:45:00+00:00,1.36262,1.36287,1.36252,1.36256,2088
2026-08-26T10:00:00+00:00,1.36256,1.3625699999999998,1.36221,1.36222,1450
2026-08-26T10:15:00+00:00,1.36222,1.36223,1.3615899999999999,1.3616899999999998,1872
2026-08-26T10:30:00+00:00,1.3616899999999998,1.36215,1.36167,1.36207,1728
2026-08-26T10:45:00+00:00,1.36207,1.36212,1.3617299999999999,1.36192,1818
2026-08-26T11:00:00+00:00,1.36192,1.3624399999999999,1.36191,1.36235,1882
2026-08-26T11:15:00+00:00,1.36235,1.3624399999999999,1.36198,1.36229,2014
2026-08-26T11:30:00+00:00,1.36229,1.36265,1.36222,1.36236,2319
2026-08-26T11:45:00+00:00,1.36236,1.3629499999999999,1.36233,1.3627799999999999,2753
2026-08-26T12:00:00+00:00,1.3627799999999999,1.36328,1.36269,1.36314,3097
2026-08-26T12:15:00+00:00,1.36314,1.36344,1.36245,1.3628099999999999,2987
2026-08-26T12:30:00+00:00,1.3628099999999999,1.36317,1.3611199999999999,1.36136,5770
2026-08-26T12:45:00+00:00,1.36136,1.3614899999999999,1.3605699999999998,1.3606099999999999,5250
2026-08-26T13:00:00+00:00,1.3606099999999999,1.36077,1.36028,1.36068,5102
2026-08-26T13:15:00+00:00,1.36068,1.3607399999999998,1.36019,1.36053,4072
2026-08-26T13:30:00+00:00,1.36053,1.36065,1.36006,1.36018,4626
2026-08-26T13:45:00+00:00,1.36018,1.36069,1.36005,1.36007,4594
2026-08-26T14:00:00+00:00,1.36007,1.3601299999999998,1.3595,1.35979,4448
2026-08-26T14:15:00+00:00,1.35979,1.3598,1.35835,1.3585399999999999,4389
2026-08-26T14:30:00+00:00,1.3585399999999999,1.3595,1.35831,1.3593199999999999,3896
2026-08-26T14:45:00+00:00,1.3593199999999999,1.3593199999999999,1.35823,1.35867,5701
2026-08-26T15:00:00+00:00,1.35867,1.35941,1.35857,1.3589,4144
2026-08-26T15:15:00+00:00,1.3589,1.359,1.35857,1.3589799999999999,3348
2026-08-26T15:30:00+00:00,1.3589799999999999,1.35975,1.35886,1.35948,2790
2026-08-26T15:45:00+00:00,1.35948,1.3596599999999999,1.35883,1.35923,4440
2026-08-26T16:00:00+00:00,1.35923,1.35954,1.35902,1.3594199999999999,2627
2026-08-26T16:15:00+00:00,1.3594199999999999,1.3594899999999999,1.3592199999999999,1.35923,2515
2026-08-26T16:30:00+00:00,1.35923,1.3593,1.3586699999999998,1.35883,2675
2026-08-26T16:45:00+00:00,1.35883,1.3592199999999999,1.3586399999999998,1.35885,2676
2026-08-26T17:00:00+00:00,1.35885,1.35919,1.3586799999999999,1.35899,2144
2026-08-26T17:15:00+00:00,1.35899,1.3592899999999999,1.35896,1.35921,2183
2026-08-26T17:30:00+00:00,1.35921,1.35941,1.35909,1.3592499999999998,2074
2026-08-26T17:45:00+00:00,1.3592499999999998,1.3592499999999998,1.35899,1.35919,1966
2026-08-26T18:00:00+00:00,1.35919,1.3593899999999999,1.359,1.3593,2252
2026-08-26T18:15:00+00:00,1.3593,1.3594,1.35906,1.3590799999999998,1610
2026-08-26T18:30:00+00:00,1.3590799999999998,1.35909,1.35879,1.3589,1345
2026-08-26T18:45:00+00:00,1.3589,1.3590799999999998,1.35884,1.359,1435
2026-08-26T19:00:00+00:00,1.359,1.35907,1.35889,1.359,1437
2026-08-26T19:15:00+00:00,1.359,1.3592199999999999,1.35887,1.35913,997
2026-08-26T19:30:00+00:00,1.35913,1.35924,1.35901,1.3591199999999999,1576
2026-08-26T19:45:00+00:00,1.3591199999999999,1.35928,1.35894,1.35926,2216
2026-08-26T20:00:00+00:00,1.35926,1.35933,1.35911,1.3591199999999999,1176
2026-08-26T20:15:00+00:00,1.3591199999999999,1.35924,1.3591,1.35916,905
2026-08-26T20:30:00+00:00,1.35916,1.35948,1.35915,1.35941,754
2026-08-26T20:45:00+00:00,1.35941,1.35965,1.35926,1.35935,1042
2026-08-26T21:00:00+00:00,1.35935,1.35935,1.35813,1.35846,27
2026-08-26T21:15:00+00:00,1.35846,1.35892,1.35842,1.3588,495
2026-08-26T21:30:00+00:00,1.3588,1.35942,1.35859,1.35931,800
2026-08-26T21:45:00+00:00,1.35931,1.35932,1.35839,1.35913,1529
2026-08-26T22:00:00+00:00,1.35913,1.35982,1.35913,1.35951,5975
2026-08-26T22:15:00+00:00,1.35951,1.35969,1.35944,1.35964,1245
2026-08-26T22:30:00+00:00,1.35964,1.3597,1.35948,1.35961,1426
2026-08-26T22:45:00+00:00,1.35961,1.35962,1.35946,1.35948,2560
2026-08-26T23:00:00+00:00,1.35948,1.35973,1.35945,1.35972,2002
2026-08-26T23:15:00+00:00,1.35972,1.35981,1.35958,1.35959,3694
2026-08-26T23:30:00+00:00,1.35959,1.35972,1.35953,1.35965,1112
2026-08-26T23:45:00+00:00,1.35965,1.35969,1.35953,1.35962,1040
2026-08-27T00:00:00+00:00,1.35962,1.35968,1.35922,1.35924,6534
2026-08-27T00:15:00+00:00,1.35924,1.35955,1.35917,1.35954,1896
2026-08-27T00:30:00+00:00,1.35954,1.35963,1.35918,1.35919,2479
2026-08-27T00:45:00+00:00,1.35919,1.35933,1.35898,1.35924,3308
2026-08-27T01:00:00+00:00,1.35924,1.3593499999999998,1.3590399999999998,1.35917,3275
2026-08-27T01:15:00+00:00,1.35917,1.35947,1.3590499999999999,1.3592,2477
2026-08-27T01:30:00+00:00,1.3592,1.35937,1.35897,1.3590799999999998,2820
2026-08-27T01:45:00+00:00,1.3590799999999998,1.35936,1.35902,1.3593199999999999,2055
2026-08-27T02:00:00+00:00,1.3593199999999999,1.35951,1.35924,1.35931,1920
2026-08-27T02:15:00+00:00,1.35931,1.35934,1.35897,1.3589799999999999,1484
2026-08-27T02:30:00+00:00,1.3589799999999999,1.3591799999999998,1.35889,1.3591199999999999,1927
2026-08-27T02:45:00+00:00,1.3591199999999999,1.3593,1.359,1.35913,1424
2026-08-27T03:00:00+00:00,1.35913,1.3592899999999999,1.3591,1.35926,2390
2026-08-27T03:15:00+00:00,1.35926,1.3593,1.35903,1.3590799999999998,1296
2026-08-27T03:30:00+00:00,1.3590799999999998,1.35909,1.35883,1.3589099999999998,1922
2026-08-27T03:45:00+00:00,1.3589099999999998,1.35907,1.3587399999999998,1.35879,1976
2026-08-27T04:00:00+00:00,1.35879,1.35909,1.3587699999999998,1.3590799999999998,1848
2026-08-27T04:15:00+00:00,1.3590799999999998,1.3591099999999998,1.3588,1.35899,1520
2026-08-27T04:30:00+00:00,1.35899,1.35899,1.3587,1.3587399999999998,1520
2026-08-27T04:45:00+00:00,1.3587399999999998,1.35886,1.35866,1.35879,1320
2026-08-27T05:00:00+00:00,1.35879,1.35889,1.35869,1.3588,1689
2026-08-27T05:15:00+00:00,1.3588,1.35909,1.3585699999999998,1.35909,1493
2026-08-27T05:30:00+00:00,1.35909,1.3591499999999999,1.3588699999999998,1.35899,1628
2026-08-27T05:45:00+00:00,1.35899,1.3590099999999998,1.3586699999999998,1.3589,2000
2026-08-27T06:00:00+00:00,1.3589,1.3590399999999998,1.35869,1.35892,2020
2026-08-27T06:15:00+00:00,1.35892,1.3591799999999998,1.35882,1.35907,2518
2026-08-27T06:30:00+00:00,1.35907,1.3591,1.3586699999999998,1.35896,2281
2026-08-27T06:45:00+00:00,1.35896,1.3591099999999998,1.35862,1.35899,2031
2026-08-27T07:00:00+00:00,1.35899,1.3596899999999998,1.35899,1.35954,2976
2026-08-27T07:15:00+00:00,1.35954,1.35957,1.3587,1.3587099999999999,2449
2026-08-27T07:30:00+00:00,1.3587099999999999,1.3592199999999999,1.35865,1.35919,2292
2026-08-27T07:45:00+00:00,1.35919,1.35927,1.3586699999999998,1.3587799999999999,3404
2026-08-27T08:00:00+00:00,1.3587799999999999,1.3595199999999998,1.35866,1.35907,2358
2026-08-27T08:15:00+00:00,1.35907,1.3592499999999998,1.35852,1.35859,2223
2026-08-27T08:30:00+00:00,1.35859,1.35866,1.3580599999999998,1.3584699999999998,2528
2026-08-27T08:45:00+00:00,1.3584699999999998,1.3585999999999998,1.35798,1.3579999999999999,3727
2026-08-27T09:00:00+00:00,1.3579999999999999,1.35804,1.3573499999999998,1.3578999999999999,3092
2026-08-27T09:15:00+00:00,1.3578999999999999,1.35812,1.35764,1.35808,2312
2026-08-27T09:30:00+00:00,1.35808,1.35808,1.35716,1.35757,2824
2026-08-27T09:45:00+00:00,1.35757,1.35819,1.35747,1.35754,2574
2026-08-27T10:00:00+00:00,1.35754,1.3578899999999998,1.3571,1.3578199999999998,3165
2026-08-27T10:15:00+00:00,1.3578199999999998,1.3582299999999998,1.35763,1.35814,2075
2026-08-27T10:30:00+00:00,1.35814,1.3581999999999999,1.35747,1.3578,2902
2026-08-27T10:45:00+00:00,1.3578,1.3579999999999999,1.35754,1.3575599999999999,2317
2026-08-27T11:00:00+00:00,1.3575599999999999,1.35795,1.35734,1.35791,2045
2026-08-27T11:15:00+00:00,1.35791,1.35832,1.3578899999999998,1.35809,2456
2026-08-27T11:30:00+00:00,1.35809,1.35835,1.3573799999999998,1.3575,3996
2026-08-27T11:45:00+00:00,1.3575,1.3581699999999999,1.3571199999999999,1.3578299999999999,3380
2026-08-27T12:00:00+00:00,1.3578299999999999,1.35824,1.3577899999999998,1.35798,4708
2026-08-27T12:15:00+00:00,1.35798,1.35841,1.3578299999999999,1.3581599999999998,3187
2026-08-27T12:30:00+00:00,1.3581599999999998,1.35824,1.3575599999999999,1.35792,3113
2026-08-27T12:45:00+00:00,1.35792,1.35797,1.35737,1.35747,3889
2026-08-27T13:00:00+00:00,1.35747,1.3591,1.35736,1.35875,4706
2026-08-27T13:15:00+00:00,1.35875,1.3602699999999999,1.3586399999999998,1.35998,4266
2026-08-27T13:30:00+00:00,1.35998,1.3601299999999998,1.35924,1.3592899999999999,5714
2026-08-27T13:45:00+00:00,1.3592899999999999,1.35961,1.3589099999999998,1.3593499999999998,5397
2026-08-27T14:00:00+00:00,1.3593499999999998,1.3597599999999999,1.3589099999999998,1.35902,5106
2026-08-27T14:15:00+00:00,1.35902,1.3593,1.3583399999999999,1.3584699999999998,3536
2026-08-27T14:30:00+00:00,1.3584699999999998,1.35916,1.35846,1.3586699999999998,4014
2026-08-27T14:45:00+00:00,1.3586699999999998,1.35897,1.3580299999999998,1.35822,4530
2026-08-27T15:00:00+00:00,1.35822,1.3589599999999997,1.3581999999999999,1.3587799999999997,4589
2026-08-27T15:15:00+00:00,1.3587799999999997,1.3589199999999997,1.3585899999999997,1.3588899999999997,3409
2026-08-27T15:30:00+00:00,1.3588899999999997,1.3591599999999997,1.3587499999999997,1.3590399999999998,2600
2026-08-27T15:45:00+00:00,1.3590399999999998,1.3599599999999998,1.3588999999999998,1.3598799999999998,2787
2026-08-27T16:00:00+00:00,1.3598799999999998,1.3599699999999997,1.3594199999999996,1.3595199999999996,2287
2026-08-27T16:15:00+00:00,1.3595199999999996,1.3599699999999997,1.3593399999999995,1.3599199999999996,2295
2026-08-27T16:30:00+00:00,1.3599199999999996,1.3601299999999996,1.3597099999999995,1.3597599999999996,1810
2026-08-27T16:45:00+00:00,1.3597599999999996,1.3598399999999995,1.3590999999999995,1.3593299999999995,2498
2026-08-27T17:00:00+00:00,1.3593299999999995,1.3596399999999995,1.3591599999999995,1.3591599999999995,2744
2026-08-27T17:15:00+00:00,1.3591599999999995,1.3592699999999995,1.3590899999999997,1.3591499999999996,1986
2026-08-27T17:30:00+00:00,1.3591499999999996,1.3592599999999997,1.3589299999999995,1.3589899999999995,1692
2026-08-27T17:45:00+00:00,1.3589899999999995,1.3590399999999996,1.3587199999999995,1.3588399999999996,2495
2026-08-27T18:00:00+00:00,1.3588399999999996,1.3589299999999995,1.3585299999999996,1.3586999999999996,2294
2026-08-27T18:15:00+00:00,1.3586999999999996,1.3587899999999995,1.3583899999999995,1.3584099999999997,1628
2026-08-27T18:30:00+00:00,1.3584099999999997,1.3585999999999996,1.3582799999999995,1.3585199999999995,1193
2026-08-27T18:45:00+00:00,1.3585199999999995,1.3589499999999997,1.3585099999999997,1.3588499999999997,1382
2026-08-27T19:00:00+00:00,1.3588499999999997,1.3590199999999997,1.3587699999999996,1.3588399999999996,1622
2026-08-27T19:15:00+00:00,1.3588399999999996,1.3589599999999995,1.3586999999999996,1.3587499999999997,1514
2026-08-27T19:30:00+00:00,1.3587499999999997,1.3587999999999996,1.3586199999999995,1.3587299999999995,1437
2026-08-27T19:45:00+00:00,1.3587299999999995,1.3589599999999995,1.3584599999999996,1.3588199999999995,1656
2026-08-27T20:00:00+00:00,1.3588199999999995,1.3592399999999996,1.3587699999999996,1.3591999999999995,782
2026-08-27T20:15:00+00:00,1.3591999999999995,1.3592599999999997,1.3590099999999996,1.3590499999999996,661
2026-08-27T20:30:00+00:00,1.3590499999999996,1.3592499999999996,1.3590399999999996,1.3591199999999997,302
2026-08-27T20:45:00+00:00,1.3591199999999997,1.3593699999999995,1.3591099999999996,1.3592199999999997,843
2026-08-27T21:00:00+00:00,1.3592199999999997,1.3592199999999997,1.3580999999999996,1.35857,204
2026-08-27T21:15:00+00:00,1.35857,1.35926,1.35835,1.35915,624
2026-08-27T21:30:00+00:00,1.35915,1.35953,1.35855,1.35877,636
2026-08-27T21:45:00+00:00,1.35877,1.35952,1.35829,1.35913,881
2026-08-27T22:00:00+00:00,1.35913,1.35952,1.35913,1.35952,579
2026-08-27T22:15:00+00:00,1.35952,1.35961,1.35934,1.35939,369
2026-08-27T22:30:00+00:00,1.35939,1.35958,1.35937,1.35951,496
2026-08-27T22:45:00+00:00,1.35951,1.35967,1.35944,1.35965,345
2026-08-27T23:00:00+00:00,1.35965,1.35977,1.35961,1.35976,650
2026-08-27T23:15:00+00:00,1.35976,1.35978,1.35952,1.35955,436
2026-08-27T23:30:00+00:00,1.35955,1.35977,1.35952,1.35974,536
2026-08-27T23:45:00+00:00,1.35974,1.35982,1.35959,1.35969,873
2026-08-28T00:00:00+00:00,1.35969,1.35979,1.35955,1.35966,2570
2026-08-28T00:15:00+00:00,1.35966,1.35968,1.35933,1.35956,2265
2026-08-28T00:30:00+00:00,1.35956,1.35969,1.35943,1.35958,1734
2026-08-28T00:45:00+00:00,1.35958,1.35973,1.35949,1.35959,2052
2026-08-28T01:00:00+00:00,1.35959,1.35979,1.35946,1.35949,2730
2026-08-28T01:15:00+00:00,1.35949,1.35958,1.35935,1.35937,2395
2026-08-28T01:30:00+00:00,1.35937,1.35968,1.35932,1.35949,2757
2026-08-28T01:45:00+00:00,1.35949,1.3595,1.35902,1.35904,2755
2026-08-28T02:00:00+00:00,1.35904,1.35913,1.35878,1.3589,2589
2026-08-28T02:15:00+00:00,1.3589,1.35932,1.3588,1.35904,2509
2026-08-28T02:30:00+00:00,1.35904,1.35914,1.35893,1.35894,1922
2026-08-28T02:45:00+00:00,1.35894,1.35937,1.35891,1.35933,1600
2026-08-28T03:00:00+00:00,1.35933,1.35948,1.35928,1.35932,1459
2026-08-28T03:15:00+00:00,1.35932,1.3594,1.35922,1.35937,1473
2026-08-28T03:30:00+00:00,1.35937,1.35939,1.35896,1.35897,1497
2026-08-28T03:45:00+00:00,1.35897,1.35905,1.35888,1.35896,1346
2026-08-28T04:00:00+00:00,1.35896,1.35898,1.35881,1.35885,1301
2026-08-28T04:15:00+00:00,1.35885,1.35898,1.35881,1.35886,1137
2026-08-28T04:30:00+00:00,1.35886,1.35888,1.35874,1.35885,954
2026-08-28T04:45:00+00:00,1.35885,1.35889,1.35877,1.35886,1071
2026-08-28T05:00:00+00:00,1.35886,1.35887,1.35872,1.35875,1450
2026-08-28T05:15:00+00:00,1.35875,1.35888,1.35872,1.35879,1043
2026-08-28T05:30:00+00:00,1.35879,1.35887,1.35871,1.35875,1728
2026-08-28T05:45:00+00:00,1.35875,1.35915,1.35873,1.35887,1364
2026-08-28T06:00:00+00:00,1.35887,1.35926,1.35883,1.35915,2733
2026-08-28T06:15:00+00:00,1.35915,1.35945,1.35889,1.35939,3359
2026-08-28T06:30:00+00:00,1.35939,1.35942,1.35894,1.35937,4107
2026-08-28T06:45:00+00:00,1.35937,1.35946,1.35912,1.35926,2866
2026-08-28T07:00:00+00:00,1.35926,1.35934,1.35871,1.35878,2510
2026-08-28T07:15:00+00:00,1.35878,1.35884,1.35803,1.35806,2939
2026-08-28T07:30:00+00:00,1.35806,1.35887,1.35804,1.35873,2766
2026-08-28T07:45:00+00:00,1.35873,1.35913,1.35864,1.35874,2778
2026-08-28T08:00:00+00:00,1.35874,1.35906,1.35836,1.35839,2754
2026-08-28T08:15:00+00:00,1.35839,1.35866,1.35836,1.35851,2243
2026-08-28T08:30:00+00:00,1.35851,1.35869,1.35842,1.35843,2390
2026-08-28T08:45:00+00:00,1.35843,1.35877,1.35832,1.35875,2043
2026-08-28T09:00:00+00:00,1.35875,1.35877,1.35825,1.35858,2810
2026-08-28T09:15:00+00:00,1.35858,1.35869,1.35828,1.35838,2603
2026-08-28T09:30:00+00:00,1.35838,1.35864,1.35823,1.35844,2358
2026-08-28T09:45:00+00:00,1.35844,1.35857,1.35809,1.35811,2835
2026-08-28T10:00:00+00:00,1.35811,1.35855,1.35802,1.35824,2207
2026-08-28T10:15:00+00:00,1.35824,1.35876,1.35811,1.35871,2018
2026-08-28T10:30:00+00:00,1.35871,1.35917,1.35865,1.35913,2219
2026-08-28T10:45:00+00:00,1.35913,1.35919,1.35878,1.35917,1857
2026-08-28T11:00:00+00:00,1.35917,1.35917,1.35875,1.3589,2032
2026-08-28T11:15:00+00:00,1.3589,1.35891,1.35851,1.35864,1553
2026-08-28T11:30:00+00:00,1.35864,1.35874,1.3585,1.35861,1726
2026-08-28T11:45:00+00:00,1.35861,1.35875,1.35843,1.3585,2635
2026-08-28T12:00:00+00:00,1.3585,1.35861,1.35826,1.35833,3092
2026-08-28T12:15:00+00:00,1.35833,1.35838,1.35793,1.35797,2623
2026-08-28T12:30:00+00:00,1.35797,1.35798,1.35735,1.35773,2643
2026-08-28T12:45:00+00:00,1.35773,1.35852,1.35768,1.35841,4336
2026-08-28T13:00:00+00:00,1.35841,1.3586,1.358,1.35818,3118
2026-08-28T13:15:00+00:00,1.35818,1.35829,1.35754,1.35787,3363
2026-08-28T13:30:00+00:00,1.35787,1.35811,1.35767,1.35782,3367
2026-08-28T13:45:00+00:00,1.35782,1.35875,1.35702,1.35702,3925
2026-08-28T14:00:00+00:00,1.35702,1.35978,1.35449,1.35546,16678
2026-08-28T14:15:00+00:00,1.35546,1.35551,1.35292,1.35388,13549
2026-08-28T14:30:00+00:00,1.35388,1.35496,1.35372,1.35472,10498
2026-08-28T14:45:00+00:00,1.35472,1.35785,1.35424,1.35718,10831
2026-08-28T15:00:00+00:00,1.35718,1.35765,1.35553,1.35575,5961
2026-08-28T15:15:00+00:00,1.35575,1.35625,1.35547,1.35589,6657
2026-08-28T15:30:00+00:00,1.35589,1.35643,1.35513,1.35575,6543
2026-08-28T15:45:00+00:00,1.35575,1.35627,1.35526,1.35534,6403
2026-08-28T16:00:00+00:00,1.35534,1.35534,1.35424,1.35427,5777
2026-08-28T16:15:00+00:00,1.35427,1.35431,1.35344,1.35367,6728
2026-08-28T16:30:00+00:00,1.35367,1.35428,1.35346,1.35359,5600
2026-08-28T16:45:00+00:00,1.35359,1.35437,1.35355,1.35371,4127
2026-08-28T17:00:00+00:00,1.35371,1.35372,1.3529,1.3537,3656
2026-08-28T17:15:00+00:00,1.3537,1.35374,1.3533,1.35344,3093
2026-08-28T17:30:00+00:00,1.35344,1.35345,1.35267,1.35284,2357
2026-08-28T17:45:00+00:00,1.35284,1.35317,1.35273,1.35298,2472
2026-08-28T18:00:00+00:00,1.35298,1.35317,1.3527,1.3528,2668
2026-08-28T18:15:00+00:00,1.3528,1.35323,1.35277,1.35303,2210
2026-08-28T18:30:00+00:00,1.35303,1.35315,1.35281,1.35295,1671
2026-08-28T18:45:00+00:00,1.35295,1.3531,1.35277,1.35305,1730
2026-08-28T19:00:00+00:00,1.35305,1.35338,1.35299,1.35324,2359
2026-08-28T19:15:00+00:00,1.35324,1.35379,1.35306,1.35369,1430
2026-08-28T19:30:00+00:00,1.35369,1.35388,1.35348,1.35386,1717
2026-08-28T19:45:00+00:00,1.35386,1.35401,1.35364,1.35382,1562
2026-08-28T20:00:00+00:00,1.35382,1.35384,1.35356,1.35376,752
2026-08-28T20:15:00+00:00,1.35376,1.3539,1.35343,1.35352,669
2026-08-28T20:30:00+00:00,1.35352,1.35358,1.353,1.35315,599
2026-08-28T20:45:00+00:00,1.35315,1.35345,1.3526,1.35319,1349
2026-08-30T21:00:00+00:00,1.3531199999999999,1.3534599999999999,1.35264,1.35276,58
2026-08-30T21:15:00+00:00,1.35276,1.3528499999999999,1.35265,1.35272,161
2026-08-30T21:30:00+00:00,1.35272,1.35302,1.35248,1.35301,296
2026-08-30T21:45:00+00:00,1.35301,1.35303,1.3527,1.3528499999999999,552
2026-08-30T22:00:00+00:00,1.3528499999999999,1.35325,1.35267,1.35317,525
2026-08-30T22:15:00+00:00,1.35317,1.35331,1.35311,1.35327,369
2026-08-30T22:30:00+00:00,1.35327,1.35367,1.35327,1.3534599999999999,656
2026-08-30T22:45:00+00:00,1.3534599999999999,1.35365,1.35344,1.35357,530
2026-08-30T23:00:00+00:00,1.35357,1.35374,1.35344,1.35361,904
2026-08-30T23:15:00+00:00,1.35361,1.35377,1.35356,1.35366,888
2026-08-30T23:30:00+00:00,1.35366,1.35394,1.35365,1.35385,725
2026-08-30T23:45:00+00:00,1.35385,1.35406,1.35371,1.35397,1421
2026-08-31T00:00:00+00:00,1.35397,1.35426,1.35396,1.35414,2819
2026-08-31T00:15:00+00:00,1.35414,1.35426,1.35334,1.35346,2201
2026-08-31T00:30:00+00:00,1.35346,1.35434,1.35344,1.35426,2633
2026-08-31T00:45:00+00:00,1.35426,1.35471,1.35418,1.35451,2917
2026-08-31T01:00:00+00:00,1.35451,1.35452,1.35369,1.35387,3713
2026-08-31T01:15:00+00:00,1.35387,1.35434,1.35376,1.35428,3527
2026-08-31T01:30:00+00:00,1.35428,1.35472,1.35412,1.35461,3735
2026-08-31T01:45:00+00:00,1.35461,1.35466,1.35429,1.35433,3242
2026-08-31T02:00:00+00:00,1.35433,1.35457,1.35423,1.35449,3096
2026-08-31T02:15:00+00:00,1.35449,1.35458,1.35409,1.3545,3393
2026-08-31T02:30:00+00:00,1.3545,1.35458,1.35385,1.35396,3034
2026-08-31T02:45:00+00:00,1.35396,1.35445,1.35391,1.35445,2423
2026-08-31T03:00:00+00:00,1.35445,1.35462,1.35442,1.35456,1847
2026-08-31T03:15:00+00:00,1.35456,1.3547,1.35451,1.35451,1488
2026-08-31T03:30:00+00:00,1.35451,1.35451,1.35414,1.35439,1970
2026-08-31T03:45:00+00:00,1.35439,1.35443,1.35425,1.3544,1553
2026-08-31T04:00:00+00:00,1.3544,1.35464,1.35438,1.3546,1337
2026-08-31T04:15:00+00:00,1.3546,1.35463,1.35417,1.35424,1828
2026-08-31T04:30:00+00:00,1.35424,1.35439,1.35414,1.35436,1833
2026-08-31T04:45:00+00:00,1.35436,1.35449,1.35428,1.35449,1725
2026-08-31T05:00:00+00:00,1.35449,1.35449,1.35414,1.35429,2054
2026-08-31T05:15:00+00:00,1.35429,1.35469,1.35427,1.35468,1478
2026-08-31T05:30:00+00:00,1.35468,1.3547,1.35422,1.35444,2952
2026-08-31T05:45:00+00:00,1.35444,1.35468,1.35429,1.35467,2437
2026-08-31T06:00:00+00:00,1.35467,1.35468,1.35434,1.35467,2361
2026-08-31T06:15:00+00:00,1.35467,1.35489,1.35447,1.3545,2253
2026-08-31T06:30:00+00:00,1.3545,1.35479,1.35439,1.35446,2265
2026-08-31T06:45:00+00:00,1.35446,1.35455,1.35388,1.35437,2793
2026-08-31T07:00:00+00:00,1.35437,1.35443,1.35366,1.35393,2974
2026-08-31T07:15:00+00:00,1.35393,1.35482,1.35372,1.35457,3105
2026-08-31T07:30:00+00:00,1.35457,1.35461,1.35418,1.35453,2916
2026-08-31T07:45:00+00:00,1.35453,1.35478,1.35447,1.35462,2886
2026-08-31T08:00:00+00:00,1.35462,1.35558,1.35441,1.35456,4294
2026-08-31T08:15:00+00:00,1.35456,1.3547,1.35434,1.35468,3482
2026-08-31T08:30:00+00:00,1.35468,1.35479,1.35421,1.35426,2586
2026-08-31T08:45:00+00:00,1.35426,1.35442,1.3538,1.35402,3515
2026-08-31T09:00:00+00:00,1.35402,1.35443,1.35402,1.35438,3136
2026-08-31T09:15:00+00:00,1.35438,1.35457,1.35411,1.35433,2821
2026-08-31T09:30:00+00:00,1.35433,1.35438,1.35395,1.35426,2407
2026-08-31T09:45:00+00:00,1.35426,1.35438,1.35413,1.35422,2127
2026-08-31T10:00:00+00:00,1.35422,1.35466,1.35417,1.35447,3113
2026-08-31T10:15:00+00:00,1.35447,1.35447,1.35417,1.35438,2939
2026-08-31T10:30:00+00:00,1.35438,1.35438,1.35382,1.35382,2063
2026-08-31T10:45:00+00:00,1.35382,1.35423,1.35357,1.35397,2503
2026-08-31T11:00:00+00:00,1.35397,1.35407,1.35367,1.35405,2335
2026-08-31T11:15:00+00:00,1.35405,1.35457,1.35403,1.35454,2526
2026-08-31T11:30:00+00:00,1.35454,1.35463,1.354,1.35419,3812
2026-08-31T11:45:00+00:00,1.35419,1.3543,1.35371,1.35385,2782
2026-08-31T12:00:00+00:00,1.35385,1.35434,1.3536,1.35432,3591
2026-08-31T12:15:00+00:00,1.35432,1.35467,1.3537,1.35435,4272
2026-08-31T12:30:00+00:00,1.35435,1.35439,1.35371,1.35377,3865
2026-08-31T12:45:00+00:00,1.35377,1.35394,1.35355,1.35384,3109
2026-08-31T13:00:00+00:00,1.35384,1.35441,1.35379,1.35419,3219
2026-08-31T13:15:00+00:00,1.35419,1.35484,1.35408,1.35478,3216
2026-08-31T13:30:00+00:00,1.35478,1.3548,1.35417,1.3543,4191
2026-08-31T13:45:00+00:00,1.3543,1.35448,1.35399,1.35427,4417
2026-08-31T14:00:00+00:00,1.35427,1.35428,1.35357,1.35396,4258
2026-08-31T14:15:00+00:00,1.35396,1.3545,1.35378,1.35418,3259
2026-08-31T14:30:00+00:00,1.35418,1.35479,1.35384,1.35419,5467
2026-08-31T14:45:00+00:00,1.35419,1.35653,1.35418,1.35545,10450
2026-08-31T15:00:00+00:00,1.35545,1.35597,1.35485,1.35515,5462
2026-08-31T15:15:00+00:00,1.35515,1.35516,1.35454,1.35505,3557
2026-08-31T15:30:00+00:00,1.35505,1.35541,1.35496,1.35505,3753
2026-08-31T15:45:00+00:00,1.35505,1.3555,1.35478,1.35485,2750
2026-08-31T16:00:00+00:00,1.35485,1.35515,1.35481,1.35496,2377
2026-08-31T16:15:00+00:00,1.35496,1.35525,1.35486,1.35504,2040
2026-08-31T16:30:00+00:00,1.35504,1.35511,1.35463,1.35473,2325
2026-08-31T16:45:00+00:00,1.35473,1.35499,1.35462,1.35487,2595
2026-08-31T17:00:00+00:00,1.35487,1.35494,1.35461,1.35489,1680
2026-08-31T17:15:00+00:00,1.35489,1.35518,1.35484,1.35492,1762
2026-08-31T17:30:00+00:00,1.35492,1.35519,1.35483,1.35516,1663
2026-08-31T17:45:00+00:00,1.35516,1.35532,1.35496,1.35496,1645
2026-08-31T18:00:00+00:00,1.35496,1.35516,1.35483,1.35515,1665
2026-08-31T18:15:00+00:00,1.35515,1.35515,1.3549,1.35491,1431
2026-08-31T18:30:00+00:00,1.35491,1.35498,1.35465,1.35475,2025
2026-08-31T18:45:00+00:00,1.35475,1.35515,1.35472,1.35493,2221
2026-08-31T19:00:00+00:00,1.35493,1.35499,1.35474,1.35477,1861
2026-08-31T19:15:00+00:00,1.35477,1.35504,1.3547,1.35483,1529
2026-08-31T19:30:00+00:00,1.35483,1.35497,1.35461,1.35476,1696
2026-08-31T19:45:00+00:00,1.35476,1.35515,1.35468,1.35496,2595
2026-08-31T20:00:00+00:00,1.35496,1.35516,1.35471,1.35472,1370
2026-08-31T20:15:00+00:00,1.35472,1.35477,1.35461,1.35475,398
2026-08-31T20:30:00+00:00,1.35475,1.35486,1.35468,1.35482,749
2026-08-31T20:45:00+00:00,1.35482,1.35495,1.35475,1.35475,623
2026-08-31T21:00:00+00:00,1.35475,1.35475,1.3538,1.35429,105
2026-08-31T21:15:00+00:00,1.35429,1.35461,1.35381,1.3543,490
2026-08-31T21:30:00+00:00,1.3543,1.35511,1.3543,1.35501,1080
2026-08-31T21:45:00+00:00,1.35501,1.35516,1.35466,1.35488,973
2026-08-31T22:00:00+00:00,1.35488,1.3554,1.35488,1.35498,795
2026-08-31T22:15:00+00:00,1.35498,1.35501,1.3548,1.35487,222
2026-08-31T22:30:00+00:00,1.35487,1.35489,1.35459,1.35461,396
2026-08-31T22:45:00+00:00,1.35461,1.35463,1.35452,1.35461,455
2026-08-31T23:00:00+00:00,1.35461,1.35461,1.35437,1.3544,685
2026-08-31T23:15:00+00:00,1.3544,1.35456,1.35439,1.35456,677
2026-08-31T23:30:00+00:00,1.35456,1.35472,1.35451,1.35465,902
2026-08-31T23:45:00+00:00,1.35465,1.35491,1.3546,1.35485,1466
2026-09-01T00:00:00+00:00,1.35485,1.35556,1.35464,1.3553,4303
2026-09-01T00:15:00+00:00,1.3553,1.35593,1.35522,1.35587,3728
2026-09-01T00:30:00+00:00,1.35587,1.3559,1.35544,1.35548,2413
2026-09-01T00:45:00+00:00,1.35548,1.35563,1.35521,1.35528,2650
2026-09-01T01:00:00+00:00,1.35528,1.35534,1.35466,1.3548,3826
2026-09-01T01:15:00+00:00,1.3548,1.35497,1.35435,1.35443,3568
2026-09-01T01:30:00+00:00,1.35443,1.35495,1.3544,1.35495,2876
2026-09-01T01:45:00+00:00,1.35495,1.35497,1.35422,1.35457,3110
2026-09-01T02:00:00+00:00,1.35457,1.35457,1.35413,1.35426,3315
2026-09-01T02:15:00+00:00,1.35426,1.35457,1.35422,1.35453,2024
2026-09-01T02:30:00+00:00,1.35453,1.35453,1.35412,1.35429,2818
2026-09-01T02:45:00+00:00,1.35429,1.35461,1.35424,1.3546,2288
2026-09-01T03:00:00+00:00,1.3546,1.3546,1.35421,1.35443,2518
2026-09-01T03:15:00+00:00,1.35443,1.35456,1.35407,1.35421,2200
2026-09-01T03:30:00+00:00,1.35421,1.35431,1.35416,1.35431,2540
2026-09-01T03:45:00+00:00,1.35431,1.35439,1.35407,1.35408,1543
2026-09-01T04:00:00+00:00,1.35408,1.35429,1.35402,1.35413,1594
2026-09-01T04:15:00+00:00,1.35413,1.35415,1.35387,1.35387,1868
2026-09-01T04:30:00+00:00,1.35387,1.35404,1.35381,1.35401,1438
2026-09-01T04:45:00+00:00,1.35401,1.35428,1.35395,1.35426,1651
2026-09-01T05:00:00+00:00,1.35426,1.35468,1.35424,1.35467,1406
2026-09-01T05:15:00+00:00,1.35467,1.35467,1.35437,1.35464,1602
2026-09-01T05:30:00+00:00,1.35464,1.35488,1.35452,1.35468,2197
2026-09-01T05:45:00+00:00,1.35468,1.35496,1.35463,1.35467,2702
2026-09-01T06:00:00+00:00,1.35467,1.35476,1.35433,1.35445,2844
2026-09-01T06:15:00+00:00,1.35445,1.3546,1.35356,1.35357,3025
2026-09-01T06:30:00+00:00,1.35357,1.35428,1.35354,1.35425,2620
2026-09-01T06:45:00+00:00,1.35425,1.35429,1.35393,1.35408,3408
2026-09-01T07:00:00+00:00,1.35408,1.35435,1.3539,1.35416,3676
2026-09-01T07:15:00+00:00,1.35416,1.35417,1.35346,1.35346,3019
2026-09-01T07:30:00+00:00,1.35346,1.35348,1.35316,1.35319,2561
2026-09-01T07:45:00+00:00,1.35319,1.35373,1.35315,1.35362,3911
2026-09-01T08:00:00+00:00,1.35362,1.35398,1.35289,1.35307,5002
2026-09-01T08:15:00+00:00,1.35307,1.35357,1.35303,1.35346,3303
2026-09-01T08:30:00+00:00,1.35346,1.35398,1.35307,1.35393,2927
2026-09-01T08:45:00+00:00,1.35393,1.35422,1.35372,1.35412,3054
2026-09-01T09:00:00+00:00,1.35412,1.35439,1.35389,1.35421,3277
2026-09-01T09:15:00+00:00,1.35421,1.35465,1.35415,1.3544,2972
2026-09-01T09:30:00+00:00,1.3544,1.35484,1.3543,1.35454,2837
2026-09-01T09:45:00+00:00,1.35454,1.35475,1.35392,1.35395,2682
2026-09-01T10:00:00+00:00,1.35395,1.35427,1.3538,1.35415,2605
2026-09-01T10:15:00+00:00,1.35415,1.35438,1.35404,1.35415,3431
2026-09-01T10:30:00+00:00,1.35415,1.35418,1.3535,1.35351,1788
2026-09-01T10:45:00+00:00,1.35351,1.35374,1.35334,1.35356,2465
2026-09-01T11:00:00+00:00,1.35356,1.35358,1.35304,1.35334,3245
2026-09-01T11:15:00+00:00,1.35334,1.35395,1.35322,1.35374,4138
2026-09-01T11:30:00+00:00,1.35374,1.35393,1.35356,1.35377,3027
2026-09-01T11:45:00+00:00,1.35377,1.35384,1.35339,1.35357,2783
2026-09-01T12:00:00+00:00,1.35357,1.35357,1.35293,1.35317,3357
2026-09-01T12:15:00+00:00,1.35317,1.35359,1.35311,1.35334,3395
2026-09-01T12:30:00+00:00,1.35334,1.35347,1.35295,1.35314,3376
2026-09-01T12:45:00+00:00,1.35314,1.3535,1.3529,1.35298,3422
2026-09-01T13:00:00+00:00,1.35298,1.35306,1.35251,1.35283,2661
2026-09-01T13:15:00+00:00,1.35283,1.35354,1.35282,1.3535,2857
2026-09-01T13:30:00+00:00,1.3535,1.35457,1.3535,1.35444,5463
2026-09-01T13:45:00+00:00,1.35444,1.35451,1.35361,1.35433,4149
2026-09-01T14:00:00+00:00,1.35433,1.3552,1.35407,1.35508,5473
2026-09-01T14:15:00+00:00,1.35508,1.35509,1.3542,1.3542,4277
2026-09-01T14:30:00+00:00,1.3542,1.35445,1.35405,1.35425,4049
2026-09-01T14:45:00+00:00,1.35425,1.35447,1.35355,1.35377,5012
2026-09-01T15:00:00+00:00,1.35377,1.35406,1.35282,1.35324,4975
2026-09-01T15:15:00+00:00,1.35324,1.35329,1.35248,1.35283,3622
2026-09-01T15:30:00+00:00,1.35283,1.35307,1.35262,1.35286,2992
2026-09-01T15:45:00+00:00,1.35286,1.35294,1.35235,1.35267,2402
2026-09-01T16:00:00+00:00,1.35267,1.35279,1.35249,1.35266,2856
2026-09-01T16:15:00+00:00,1.35266,1.35277,1.35206,1.35226,4387
2026-09-01T16:30:00+00:00,1.35226,1.35277,1.35213,1.35225,4075
2026-09-01T16:45:00+00:00,1.35225,1.35228,1.35141,1.35145,2549
2026-09-01T17:00:00+00:00,1.35145,1.3518,1.35134,1.35166,2860
2026-09-01T17:15:00+00:00,1.35166,1.35197,1.35138,1.35196,2532
2026-09-01T17:30:00+00:00,1.35196,1.35211,1.35131,1.35147,2858
2026-09-01T17:45:00+00:00,1.35147,1.35147,1.35117,1.35135,1424
2026-09-01T18:00:00+00:00,1.35135,1.3516,1.35121,1.35124,1587
2026-09-01T18:15:00+00:00,1.35124,1.35144,1.35101,1.35101,1759
2026-09-01T18:30:00+00:00,1.35101,1.35103,1.35061,1.35086,1943
2026-09-01T18:45:00+00:00,1.35086,1.35147,1.35086,1.35139,2115
2026-09-01T19:00:00+00:00,1.35139,1.35158,1.35122,1.35149,2191
2026-09-01T19:15:00+00:00,1.35149,1.35159,1.35129,1.3513,1034
2026-09-01T19:30:00+00:00,1.3513,1.35148,1.35106,1.35108,1540
2026-09-01T19:45:00+00:00,1.35108,1.3513,1.35097,1.35117,1286
2026-09-01T20:00:00+00:00,1.35117,1.35127,1.35097,1.35102,652
2026-09-01T20:15:00+00:00,1.35102,1.35118,1.35094,1.35117,605
2026-09-01T20:30:00+00:00,1.35117,1.3515,1.35115,1.35141,810
2026-09-01T20:45:00+00:00,1.35141,1.3517,1.35136,1.35151,678
2026-09-01T21:00:00+00:00,1.35151,1.35151,1.35064,1.35097,71
2026-09-01T21:15:00+00:00,1.35097,1.35115,1.3506,1.35074,802
2026-09-01T21:30:00+00:00,1.35074,1.35102,1.35063,1.35072,545
2026-09-01T21:45:00+00:00,1.35072,1.3515,1.35072,1.35086,744
2026-09-01T22:00:00+00:00,1.35086,1.35188,1.35086,1.35183,2289
2026-09-01T22:15:00+00:00,1.35183,1.35189,1.35158,1.35159,418
2026-09-01T22:30:00+00:00,1.35159,1.35167,1.35146,1.35146,377
2026-09-01T22:45:00+00:00,1.35146,1.35155,1.35141,1.35149,390
2026-09-01T23:00:00+00:00,1.35149,1.3515,1.3514,1.35143,464
2026-09-01T23:15:00+00:00,1.35143,1.35145,1.35138,1.35141,232
2026-09-01T23:30:00+00:00,1.35141,1.35161,1.35138,1.35159,246
2026-09-01T23:45:00+00:00,1.35159,1.35166,1.3513,1.3513,1253
2026-09-02T00:00:00+00:00,1.3513,1.35145,1.35091,1.35104,3457
2026-09-02T00:15:00+00:00,1.35104,1.35145,1.35087,1.35095,3575
2026-09-02T00:30:00+00:00,1.35095,1.35125,1.35084,1.3512,3663
2026-09-02T00:45:00+00:00,1.3512,1.35121,1.35067,1.35067,4200
2026-09-02T01:00:00+00:00,1.35067,1.35081,1.35038,1.35046,4070
2026-09-02T01:15:00+00:00,1.35046,1.35082,1.35041,1.35077,2839
2026-09-02T01:30:00+00:00,1.35077,1.35086,1.35026,1.35045,3054
2026-09-02T01:45:00+00:00,1.35045,1.35053,1.35024,1.3505,2007
2026-09-02T02:00:00+00:00,1.3505,1.35051,1.35026,1.35026,132
